{
  "kernel_family": "xgemv_fast",
  "precision": "16",
  "best_kernel": "XgemvFast",
  "best_time": "1.27",
  "best_parameters": "PRECISION=16 VW2=2 WGS2=32 WPT2=2",
  "arg_m": "2048",
  "arg_n": "2048",
  "arg_alpha": "2.000000",
  "arg_beta": "2.000000",
  "clblast_device_type": "GPU",
  "clblast_device_vendor": "QUALCOMM",
  "clblast_device_architecture": "OpenCL C 3.0 Adreno(TM) 740",
  "clblast_device_name": "QUALCOMM Adreno(TM)",
  "device": "QUALCOMM Adreno(TM)",
  "platform_vendor": "QUALCOMM",
  "platform_version": "OpenCL 3.0 QUALCOMM build: commit unknown",
  "device_vendor": "QUALCOMM",
  "device_type": "GPU",
  "device_core_clock": "1",
  "device_compute_units": "6",
  "device_extra_info": "",
  "results": [
    {
      "kernel": "XgemvFast",
      "time": 1.378,
      "parameters": {"PRECISION": 16,"VW2": 1,"WGS2": 16,"WPT2": 1}
    },
    {
      "kernel": "XgemvFast",
      "time": 1.362,
      "parameters": {"PRECISION": 16,"VW2": 1,"WGS2": 16,"WPT2": 2}
    },
    {
      "kernel": "XgemvFast",
      "time": 1.298,
      "parameters": {"PRECISION": 16,"VW2": 2,"WGS2": 16,"WPT2": 2}
    },
    {
      "kernel": "XgemvFast",
      "time": 1.444,
      "parameters": {"PRECISION": 16,"VW2": 1,"WGS2": 16,"WPT2": 4}
    },
    {
      "kernel": "XgemvFast",
      "time": 2.106,
      "parameters": {"PRECISION": 16,"VW2": 2,"WGS2": 16,"WPT2": 4}
    },
    {
      "kernel": "XgemvFast",
      "time": 1.306,
      "parameters": {"PRECISION": 16,"VW2": 4,"WGS2": 16,"WPT2": 4}
    },
    {
      "kernel": "XgemvFast",
      "time": 1.307,
      "parameters": {"PRECISION": 16,"VW2": 1,"WGS2": 32,"WPT2": 1}
    },
    {
      "kernel": "XgemvFast",
      "time": 1.311,
      "parameters": {"PRECISION": 16,"VW2": 1,"WGS2": 32,"WPT2": 2}
    },
    {
      "kernel": "XgemvFast",
      "time": 1.273,
      "parameters": {"PRECISION": 16,"VW2": 2,"WGS2": 32,"WPT2": 2}
    },
    {
      "kernel": "XgemvFast",
      "time": 2.200,
      "parameters": {"PRECISION": 16,"VW2": 1,"WGS2": 32,"WPT2": 4}
    },
    {
      "kernel": "XgemvFast",
      "time": 2.233,
      "parameters": {"PRECISION": 16,"VW2": 2,"WGS2": 32,"WPT2": 4}
    },
    {
      "kernel": "XgemvFast",
      "time": 1.314,
      "parameters": {"PRECISION": 16,"VW2": 4,"WGS2": 32,"WPT2": 4}
    },
    {
      "kernel": "XgemvFast",
      "time": 1.312,
      "parameters": {"PRECISION": 16,"VW2": 1,"WGS2": 64,"WPT2": 1}
    },
    {
      "kernel": "XgemvFast",
      "time": 1.325,
      "parameters": {"PRECISION": 16,"VW2": 1,"WGS2": 64,"WPT2": 2}
    },
    {
      "kernel": "XgemvFast",
      "time": 1.299,
      "parameters": {"PRECISION": 16,"VW2": 2,"WGS2": 64,"WPT2": 2}
    },
    {
      "kernel": "XgemvFast",
      "time": 2.344,
      "parameters": {"PRECISION": 16,"VW2": 1,"WGS2": 64,"WPT2": 4}
    },
    {
      "kernel": "XgemvFast",
      "time": 2.355,
      "parameters": {"PRECISION": 16,"VW2": 2,"WGS2": 64,"WPT2": 4}
    },
    {
      "kernel": "XgemvFast",
      "time": 1.321,
      "parameters": {"PRECISION": 16,"VW2": 4,"WGS2": 64,"WPT2": 4}
    },
    {
      "kernel": "XgemvFast",
      "time": 1.323,
      "parameters": {"PRECISION": 16,"VW2": 1,"WGS2": 128,"WPT2": 1}
    },
    {
      "kernel": "XgemvFast",
      "time": 2.232,
      "parameters": {"PRECISION": 16,"VW2": 1,"WGS2": 128,"WPT2": 2}
    },
    {
      "kernel": "XgemvFast",
      "time": 1.902,
      "parameters": {"PRECISION": 16,"VW2": 2,"WGS2": 128,"WPT2": 2}
    },
    {
      "kernel": "XgemvFast",
      "time": 2.699,
      "parameters": {"PRECISION": 16,"VW2": 1,"WGS2": 128,"WPT2": 4}
    },
    {
      "kernel": "XgemvFast",
      "time": 2.519,
      "parameters": {"PRECISION": 16,"VW2": 2,"WGS2": 128,"WPT2": 4}
    },
    {
      "kernel": "XgemvFast",
      "time": 2.294,
      "parameters": {"PRECISION": 16,"VW2": 4,"WGS2": 128,"WPT2": 4}
    },
    {
      "kernel": "XgemvFast",
      "time": 1.298,
      "parameters": {"PRECISION": 16,"VW2": 1,"WGS2": 256,"WPT2": 1}
    },
    {
      "kernel": "XgemvFast",
      "time": 2.278,
      "parameters": {"PRECISION": 16,"VW2": 1,"WGS2": 256,"WPT2": 2}
    },
    {
      "kernel": "XgemvFast",
      "time": 1.332,
      "parameters": {"PRECISION": 16,"VW2": 2,"WGS2": 256,"WPT2": 2}
    },
    {
      "kernel": "XgemvFast",
      "time": 2.290,
      "parameters": {"PRECISION": 16,"VW2": 1,"WGS2": 256,"WPT2": 4}
    },
    {
      "kernel": "XgemvFast",
      "time": 2.528,
      "parameters": {"PRECISION": 16,"VW2": 2,"WGS2": 256,"WPT2": 4}
    },
    {
      "kernel": "XgemvFast",
      "time": 2.309,
      "parameters": {"PRECISION": 16,"VW2": 4,"WGS2": 256,"WPT2": 4}
    }
  ]
}
