{
  "kernel_family": "xgemm_direct_1",
  "precision": "16",
  "best_kernel": "XgemmDirectTN",
  "best_time": "1.31",
  "best_parameters": "KWID=2 MDIMAD=16 MDIMCD=16 NDIMBD=8 NDIMCD=8 PADA=1 PADB=1 PRECISION=16 VWMD=2 VWND=2 WGD=32",
  "arg_m": "256",
  "arg_n": "256",
  "arg_k": "256",
  "arg_alpha": "2.000000",
  "arg_beta": "2.000000",
  "clblast_device_type": "GPU",
  "clblast_device_vendor": "QUALCOMM",
  "clblast_device_architecture": "OpenCL C 3.0 Adreno(TM) 740",
  "clblast_device_name": "QUALCOMM Adreno(TM)",
  "device": "QUALCOMM Adreno(TM)",
  "platform_vendor": "QUALCOMM",
  "platform_version": "OpenCL 3.0 QUALCOMM build: commit unknown",
  "device_vendor": "QUALCOMM",
  "device_type": "GPU",
  "device_core_clock": "1",
  "device_compute_units": "6",
  "device_extra_info": "",
  "results": [
    {
      "kernel": "XgemmDirectTN",
      "time": 2.084,
      "parameters": {"KWID": 2,"MDIMAD": 8,"MDIMCD": 8,"NDIMBD": 8,"NDIMCD": 8,"PADA": 1,"PADB": 1,"PRECISION": 16,"VWMD": 1,"VWND": 1,"WGD": 8}
    },
    {
      "kernel": "XgemmDirectTN",
      "time": 2.091,
      "parameters": {"KWID": 2,"MDIMAD": 8,"MDIMCD": 8,"NDIMBD": 8,"NDIMCD": 8,"PADA": 1,"PADB": 1,"PRECISION": 16,"VWMD": 1,"VWND": 1,"WGD": 16}
    },
    {
      "kernel": "XgemmDirectTN",
      "time": 2.035,
      "parameters": {"KWID": 2,"MDIMAD": 8,"MDIMCD": 8,"NDIMBD": 8,"NDIMCD": 8,"PADA": 1,"PADB": 1,"PRECISION": 16,"VWMD": 1,"VWND": 2,"WGD": 16}
    },
    {
      "kernel": "XgemmDirectTN",
      "time": 2.049,
      "parameters": {"KWID": 2,"MDIMAD": 8,"MDIMCD": 8,"NDIMBD": 8,"NDIMCD": 8,"PADA": 1,"PADB": 1,"PRECISION": 16,"VWMD": 2,"VWND": 1,"WGD": 16}
    },
    {
      "kernel": "XgemmDirectTN",
      "time": 2.257,
      "parameters": {"KWID": 2,"MDIMAD": 8,"MDIMCD": 8,"NDIMBD": 8,"NDIMCD": 8,"PADA": 1,"PADB": 1,"PRECISION": 16,"VWMD": 2,"VWND": 2,"WGD": 16}
    },
    {
      "kernel": "XgemmDirectTN",
      "time": 3.370,
      "parameters": {"KWID": 2,"MDIMAD": 8,"MDIMCD": 8,"NDIMBD": 16,"NDIMCD": 16,"PADA": 1,"PADB": 1,"PRECISION": 16,"VWMD": 1,"VWND": 1,"WGD": 16}
    },
    {
      "kernel": "XgemmDirectTN",
      "time": 3.138,
      "parameters": {"KWID": 2,"MDIMAD": 8,"MDIMCD": 8,"NDIMBD": 16,"NDIMCD": 16,"PADA": 1,"PADB": 1,"PRECISION": 16,"VWMD": 2,"VWND": 1,"WGD": 16}
    },
    {
      "kernel": "XgemmDirectTN",
      "time": 1.715,
      "parameters": {"KWID": 2,"MDIMAD": 16,"MDIMCD": 16,"NDIMBD": 8,"NDIMCD": 8,"PADA": 1,"PADB": 1,"PRECISION": 16,"VWMD": 1,"VWND": 1,"WGD": 16}
    },
    {
      "kernel": "XgemmDirectTN",
      "time": 1.970,
      "parameters": {"KWID": 2,"MDIMAD": 16,"MDIMCD": 16,"NDIMBD": 8,"NDIMCD": 8,"PADA": 1,"PADB": 1,"PRECISION": 16,"VWMD": 1,"VWND": 2,"WGD": 16}
    },
    {
      "kernel": "XgemmDirectTN",
      "time": 2.287,
      "parameters": {"KWID": 2,"MDIMAD": 16,"MDIMCD": 16,"NDIMBD": 16,"NDIMCD": 16,"PADA": 1,"PADB": 1,"PRECISION": 16,"VWMD": 1,"VWND": 1,"WGD": 16}
    },
    {
      "kernel": "XgemmDirectTN",
      "time": 12.234,
      "parameters": {"KWID": 2,"MDIMAD": 8,"MDIMCD": 8,"NDIMBD": 8,"NDIMCD": 8,"PADA": 1,"PADB": 1,"PRECISION": 16,"VWMD": 1,"VWND": 1,"WGD": 32}
    },
    {
      "kernel": "XgemmDirectTN",
      "time": 11.240,
      "parameters": {"KWID": 2,"MDIMAD": 8,"MDIMCD": 8,"NDIMBD": 8,"NDIMCD": 8,"PADA": 1,"PADB": 1,"PRECISION": 16,"VWMD": 1,"VWND": 2,"WGD": 32}
    },
    {
      "kernel": "XgemmDirectTN",
      "time": 11.453,
      "parameters": {"KWID": 2,"MDIMAD": 8,"MDIMCD": 8,"NDIMBD": 8,"NDIMCD": 8,"PADA": 1,"PADB": 1,"PRECISION": 16,"VWMD": 1,"VWND": 4,"WGD": 32}
    },
    {
      "kernel": "XgemmDirectTN",
      "time": 11.845,
      "parameters": {"KWID": 2,"MDIMAD": 8,"MDIMCD": 8,"NDIMBD": 8,"NDIMCD": 8,"PADA": 1,"PADB": 1,"PRECISION": 16,"VWMD": 2,"VWND": 1,"WGD": 32}
    },
    {
      "kernel": "XgemmDirectTN",
      "time": 12.801,
      "parameters": {"KWID": 2,"MDIMAD": 8,"MDIMCD": 8,"NDIMBD": 8,"NDIMCD": 8,"PADA": 1,"PADB": 1,"PRECISION": 16,"VWMD": 2,"VWND": 2,"WGD": 32}
    },
    {
      "kernel": "XgemmDirectTN",
      "time": 12.315,
      "parameters": {"KWID": 2,"MDIMAD": 8,"MDIMCD": 8,"NDIMBD": 8,"NDIMCD": 8,"PADA": 1,"PADB": 1,"PRECISION": 16,"VWMD": 2,"VWND": 4,"WGD": 32}
    },
    {
      "kernel": "XgemmDirectTN",
      "time": 11.967,
      "parameters": {"KWID": 2,"MDIMAD": 8,"MDIMCD": 8,"NDIMBD": 8,"NDIMCD": 8,"PADA": 1,"PADB": 1,"PRECISION": 16,"VWMD": 4,"VWND": 1,"WGD": 32}
    },
    {
      "kernel": "XgemmDirectTN",
      "time": 12.644,
      "parameters": {"KWID": 2,"MDIMAD": 8,"MDIMCD": 8,"NDIMBD": 8,"NDIMCD": 8,"PADA": 1,"PADB": 1,"PRECISION": 16,"VWMD": 4,"VWND": 2,"WGD": 32}
    },
    {
      "kernel": "XgemmDirectTN",
      "time": 57.546,
      "parameters": {"KWID": 2,"MDIMAD": 8,"MDIMCD": 8,"NDIMBD": 8,"NDIMCD": 8,"PADA": 1,"PADB": 1,"PRECISION": 16,"VWMD": 4,"VWND": 4,"WGD": 32}
    },
    {
      "kernel": "XgemmDirectTN",
      "time": 2.063,
      "parameters": {"KWID": 2,"MDIMAD": 8,"MDIMCD": 8,"NDIMBD": 16,"NDIMCD": 16,"PADA": 1,"PADB": 1,"PRECISION": 16,"VWMD": 1,"VWND": 1,"WGD": 32}
    },
    {
      "kernel": "XgemmDirectTN",
      "time": 2.376,
      "parameters": {"KWID": 2,"MDIMAD": 8,"MDIMCD": 8,"NDIMBD": 16,"NDIMCD": 16,"PADA": 1,"PADB": 1,"PRECISION": 16,"VWMD": 1,"VWND": 2,"WGD": 32}
    },
    {
      "kernel": "XgemmDirectTN",
      "time": 2.290,
      "parameters": {"KWID": 2,"MDIMAD": 8,"MDIMCD": 8,"NDIMBD": 16,"NDIMCD": 16,"PADA": 1,"PADB": 1,"PRECISION": 16,"VWMD": 2,"VWND": 1,"WGD": 32}
    },
    {
      "kernel": "XgemmDirectTN",
      "time": 7.228,
      "parameters": {"KWID": 2,"MDIMAD": 8,"MDIMCD": 8,"NDIMBD": 16,"NDIMCD": 16,"PADA": 1,"PADB": 1,"PRECISION": 16,"VWMD": 2,"VWND": 2,"WGD": 32}
    },
    {
      "kernel": "XgemmDirectTN",
      "time": 2.470,
      "parameters": {"KWID": 2,"MDIMAD": 8,"MDIMCD": 8,"NDIMBD": 16,"NDIMCD": 16,"PADA": 1,"PADB": 1,"PRECISION": 16,"VWMD": 4,"VWND": 1,"WGD": 32}
    },
    {
      "kernel": "XgemmDirectTN",
      "time": 36.462,
      "parameters": {"KWID": 2,"MDIMAD": 8,"MDIMCD": 8,"NDIMBD": 16,"NDIMCD": 16,"PADA": 1,"PADB": 1,"PRECISION": 16,"VWMD": 4,"VWND": 2,"WGD": 32}
    },
    {
      "kernel": "XgemmDirectTN",
      "time": 3.259,
      "parameters": {"KWID": 2,"MDIMAD": 8,"MDIMCD": 8,"NDIMBD": 32,"NDIMCD": 32,"PADA": 1,"PADB": 1,"PRECISION": 16,"VWMD": 1,"VWND": 1,"WGD": 32}
    },
    {
      "kernel": "XgemmDirectTN",
      "time": 3.218,
      "parameters": {"KWID": 2,"MDIMAD": 8,"MDIMCD": 8,"NDIMBD": 32,"NDIMCD": 32,"PADA": 1,"PADB": 1,"PRECISION": 16,"VWMD": 2,"VWND": 1,"WGD": 32}
    },
    {
      "kernel": "XgemmDirectTN",
      "time": 3.533,
      "parameters": {"KWID": 2,"MDIMAD": 8,"MDIMCD": 8,"NDIMBD": 32,"NDIMCD": 32,"PADA": 1,"PADB": 1,"PRECISION": 16,"VWMD": 4,"VWND": 1,"WGD": 32}
    },
    {
      "kernel": "XgemmDirectTN",
      "time": 1.310,
      "parameters": {"KWID": 2,"MDIMAD": 16,"MDIMCD": 16,"NDIMBD": 8,"NDIMCD": 8,"PADA": 1,"PADB": 1,"PRECISION": 16,"VWMD": 1,"VWND": 1,"WGD": 32}
    },
    {
      "kernel": "XgemmDirectTN",
      "time": 1.348,
      "parameters": {"KWID": 2,"MDIMAD": 16,"MDIMCD": 16,"NDIMBD": 8,"NDIMCD": 8,"PADA": 1,"PADB": 1,"PRECISION": 16,"VWMD": 1,"VWND": 2,"WGD": 32}
    },
    {
      "kernel": "XgemmDirectTN",
      "time": 1.311,
      "parameters": {"KWID": 2,"MDIMAD": 16,"MDIMCD": 16,"NDIMBD": 8,"NDIMCD": 8,"PADA": 1,"PADB": 1,"PRECISION": 16,"VWMD": 1,"VWND": 4,"WGD": 32}
    },
    {
      "kernel": "XgemmDirectTN",
      "time": 1.317,
      "parameters": {"KWID": 2,"MDIMAD": 16,"MDIMCD": 16,"NDIMBD": 8,"NDIMCD": 8,"PADA": 1,"PADB": 1,"PRECISION": 16,"VWMD": 2,"VWND": 1,"WGD": 32}
    },
    {
      "kernel": "XgemmDirectTN",
      "time": 1.309,
      "parameters": {"KWID": 2,"MDIMAD": 16,"MDIMCD": 16,"NDIMBD": 8,"NDIMCD": 8,"PADA": 1,"PADB": 1,"PRECISION": 16,"VWMD": 2,"VWND": 2,"WGD": 32}
    },
    {
      "kernel": "XgemmDirectTN",
      "time": 1.322,
      "parameters": {"KWID": 2,"MDIMAD": 16,"MDIMCD": 16,"NDIMBD": 8,"NDIMCD": 8,"PADA": 1,"PADB": 1,"PRECISION": 16,"VWMD": 2,"VWND": 4,"WGD": 32}
    },
    {
      "kernel": "XgemmDirectTN",
      "time": 2.041,
      "parameters": {"KWID": 2,"MDIMAD": 16,"MDIMCD": 16,"NDIMBD": 16,"NDIMCD": 16,"PADA": 1,"PADB": 1,"PRECISION": 16,"VWMD": 1,"VWND": 1,"WGD": 32}
    },
    {
      "kernel": "XgemmDirectTN",
      "time": 2.051,
      "parameters": {"KWID": 2,"MDIMAD": 16,"MDIMCD": 16,"NDIMBD": 16,"NDIMCD": 16,"PADA": 1,"PADB": 1,"PRECISION": 16,"VWMD": 1,"VWND": 2,"WGD": 32}
    },
    {
      "kernel": "XgemmDirectTN",
      "time": 1.740,
      "parameters": {"KWID": 2,"MDIMAD": 16,"MDIMCD": 16,"NDIMBD": 16,"NDIMCD": 16,"PADA": 1,"PADB": 1,"PRECISION": 16,"VWMD": 2,"VWND": 1,"WGD": 32}
    },
    {
      "kernel": "XgemmDirectTN",
      "time": 2.324,
      "parameters": {"KWID": 2,"MDIMAD": 16,"MDIMCD": 16,"NDIMBD": 16,"NDIMCD": 16,"PADA": 1,"PADB": 1,"PRECISION": 16,"VWMD": 2,"VWND": 2,"WGD": 32}
    },
    {
      "kernel": "XgemmDirectTN",
      "time": 3.315,
      "parameters": {"KWID": 2,"MDIMAD": 16,"MDIMCD": 16,"NDIMBD": 32,"NDIMCD": 32,"PADA": 1,"PADB": 1,"PRECISION": 16,"VWMD": 1,"VWND": 1,"WGD": 32}
    },
    {
      "kernel": "XgemmDirectTN",
      "time": 3.304,
      "parameters": {"KWID": 2,"MDIMAD": 16,"MDIMCD": 16,"NDIMBD": 32,"NDIMCD": 32,"PADA": 1,"PADB": 1,"PRECISION": 16,"VWMD": 2,"VWND": 1,"WGD": 32}
    },
    {
      "kernel": "XgemmDirectTN",
      "time": 1.843,
      "parameters": {"KWID": 2,"MDIMAD": 32,"MDIMCD": 32,"NDIMBD": 8,"NDIMCD": 8,"PADA": 1,"PADB": 1,"PRECISION": 16,"VWMD": 1,"VWND": 1,"WGD": 32}
    },
    {
      "kernel": "XgemmDirectTN",
      "time": 1.813,
      "parameters": {"KWID": 2,"MDIMAD": 32,"MDIMCD": 32,"NDIMBD": 8,"NDIMCD": 8,"PADA": 1,"PADB": 1,"PRECISION": 16,"VWMD": 1,"VWND": 2,"WGD": 32}
    },
    {
      "kernel": "XgemmDirectTN",
      "time": 1.977,
      "parameters": {"KWID": 2,"MDIMAD": 32,"MDIMCD": 32,"NDIMBD": 8,"NDIMCD": 8,"PADA": 1,"PADB": 1,"PRECISION": 16,"VWMD": 1,"VWND": 4,"WGD": 32}
    },
    {
      "kernel": "XgemmDirectTN",
      "time": 2.370,
      "parameters": {"KWID": 2,"MDIMAD": 32,"MDIMCD": 32,"NDIMBD": 16,"NDIMCD": 16,"PADA": 1,"PADB": 1,"PRECISION": 16,"VWMD": 1,"VWND": 1,"WGD": 32}
    },
    {
      "kernel": "XgemmDirectTN",
      "time": 2.272,
      "parameters": {"KWID": 2,"MDIMAD": 32,"MDIMCD": 32,"NDIMBD": 16,"NDIMCD": 16,"PADA": 1,"PADB": 1,"PRECISION": 16,"VWMD": 1,"VWND": 2,"WGD": 32}
    },
    {
      "kernel": "XgemmDirectTN",
      "time": 3.941,
      "parameters": {"KWID": 2,"MDIMAD": 32,"MDIMCD": 32,"NDIMBD": 32,"NDIMCD": 32,"PADA": 1,"PADB": 1,"PRECISION": 16,"VWMD": 1,"VWND": 1,"WGD": 32}
    }
  ]
}
