{
  "kernel_family": "xgemv_fast_rot",
  "precision": "32",
  "best_kernel": "XgemvFastRot",
  "best_time": "1.29",
  "best_parameters": "PRECISION=32 VW3=4 WGS3=32 WPT3=16",
  "arg_m": "2048",
  "arg_n": "2048",
  "arg_alpha": "2.00",
  "arg_beta": "2.00",
  "clblast_device_type": "GPU",
  "clblast_device_vendor": "QUALCOMM",
  "clblast_device_architecture": "OpenCL C 3.0 Adreno(TM) 740",
  "clblast_device_name": "QUALCOMM Adreno(TM)",
  "device": "QUALCOMM Adreno(TM)",
  "platform_vendor": "QUALCOMM",
  "platform_version": "OpenCL 3.0 QUALCOMM build: commit unknown",
  "device_vendor": "QUALCOMM",
  "device_type": "GPU",
  "device_core_clock": "1",
  "device_compute_units": "6",
  "device_extra_info": "",
  "results": [
    {
      "kernel": "XgemvFastRot",
      "time": 4.158,
      "parameters": {"PRECISION": 32,"VW3": 1,"WGS3": 16,"WPT3": 1}
    },
    {
      "kernel": "XgemvFastRot",
      "time": 2.693,
      "parameters": {"PRECISION": 32,"VW3": 1,"WGS3": 16,"WPT3": 2}
    },
    {
      "kernel": "XgemvFastRot",
      "time": 2.529,
      "parameters": {"PRECISION": 32,"VW3": 2,"WGS3": 16,"WPT3": 2}
    },
    {
      "kernel": "XgemvFastRot",
      "time": 1.892,
      "parameters": {"PRECISION": 32,"VW3": 1,"WGS3": 16,"WPT3": 4}
    },
    {
      "kernel": "XgemvFastRot",
      "time": 2.144,
      "parameters": {"PRECISION": 32,"VW3": 2,"WGS3": 16,"WPT3": 4}
    },
    {
      "kernel": "XgemvFastRot",
      "time": 1.471,
      "parameters": {"PRECISION": 32,"VW3": 4,"WGS3": 16,"WPT3": 4}
    },
    {
      "kernel": "XgemvFastRot",
      "time": 1.743,
      "parameters": {"PRECISION": 32,"VW3": 1,"WGS3": 16,"WPT3": 8}
    },
    {
      "kernel": "XgemvFastRot",
      "time": 1.308,
      "parameters": {"PRECISION": 32,"VW3": 2,"WGS3": 16,"WPT3": 8}
    },
    {
      "kernel": "XgemvFastRot",
      "time": 1.307,
      "parameters": {"PRECISION": 32,"VW3": 4,"WGS3": 16,"WPT3": 8}
    },
    {
      "kernel": "XgemvFastRot",
      "time": 1.308,
      "parameters": {"PRECISION": 32,"VW3": 8,"WGS3": 16,"WPT3": 8}
    },
    {
      "kernel": "XgemvFastRot",
      "time": 1.501,
      "parameters": {"PRECISION": 32,"VW3": 1,"WGS3": 16,"WPT3": 16}
    },
    {
      "kernel": "XgemvFastRot",
      "time": 1.777,
      "parameters": {"PRECISION": 32,"VW3": 2,"WGS3": 16,"WPT3": 16}
    },
    {
      "kernel": "XgemvFastRot",
      "time": 1.303,
      "parameters": {"PRECISION": 32,"VW3": 4,"WGS3": 16,"WPT3": 16}
    },
    {
      "kernel": "XgemvFastRot",
      "time": 1.299,
      "parameters": {"PRECISION": 32,"VW3": 8,"WGS3": 16,"WPT3": 16}
    },
    {
      "kernel": "XgemvFastRot",
      "time": 4.403,
      "parameters": {"PRECISION": 32,"VW3": 1,"WGS3": 32,"WPT3": 1}
    },
    {
      "kernel": "XgemvFastRot",
      "time": 2.925,
      "parameters": {"PRECISION": 32,"VW3": 1,"WGS3": 32,"WPT3": 2}
    },
    {
      "kernel": "XgemvFastRot",
      "time": 3.074,
      "parameters": {"PRECISION": 32,"VW3": 2,"WGS3": 32,"WPT3": 2}
    },
    {
      "kernel": "XgemvFastRot",
      "time": 2.308,
      "parameters": {"PRECISION": 32,"VW3": 1,"WGS3": 32,"WPT3": 4}
    },
    {
      "kernel": "XgemvFastRot",
      "time": 1.688,
      "parameters": {"PRECISION": 32,"VW3": 2,"WGS3": 32,"WPT3": 4}
    },
    {
      "kernel": "XgemvFastRot",
      "time": 2.239,
      "parameters": {"PRECISION": 32,"VW3": 4,"WGS3": 32,"WPT3": 4}
    },
    {
      "kernel": "XgemvFastRot",
      "time": 2.143,
      "parameters": {"PRECISION": 32,"VW3": 1,"WGS3": 32,"WPT3": 8}
    },
    {
      "kernel": "XgemvFastRot",
      "time": 1.324,
      "parameters": {"PRECISION": 32,"VW3": 2,"WGS3": 32,"WPT3": 8}
    },
    {
      "kernel": "XgemvFastRot",
      "time": 1.310,
      "parameters": {"PRECISION": 32,"VW3": 4,"WGS3": 32,"WPT3": 8}
    },
    {
      "kernel": "XgemvFastRot",
      "time": 2.308,
      "parameters": {"PRECISION": 32,"VW3": 8,"WGS3": 32,"WPT3": 8}
    },
    {
      "kernel": "XgemvFastRot",
      "time": 1.945,
      "parameters": {"PRECISION": 32,"VW3": 1,"WGS3": 32,"WPT3": 16}
    },
    {
      "kernel": "XgemvFastRot",
      "time": 2.041,
      "parameters": {"PRECISION": 32,"VW3": 2,"WGS3": 32,"WPT3": 16}
    },
    {
      "kernel": "XgemvFastRot",
      "time": 1.294,
      "parameters": {"PRECISION": 32,"VW3": 4,"WGS3": 32,"WPT3": 16}
    },
    {
      "kernel": "XgemvFastRot",
      "time": 1.308,
      "parameters": {"PRECISION": 32,"VW3": 8,"WGS3": 32,"WPT3": 16}
    },
    {
      "kernel": "XgemvFastRot",
      "time": 2.042,
      "parameters": {"PRECISION": 32,"VW3": 1,"WGS3": 32,"WPT3": 32}
    },
    {
      "kernel": "XgemvFastRot",
      "time": 1.725,
      "parameters": {"PRECISION": 32,"VW3": 2,"WGS3": 32,"WPT3": 32}
    },
    {
      "kernel": "XgemvFastRot",
      "time": 1.407,
      "parameters": {"PRECISION": 32,"VW3": 4,"WGS3": 32,"WPT3": 32}
    },
    {
      "kernel": "XgemvFastRot",
      "time": 1.327,
      "parameters": {"PRECISION": 32,"VW3": 8,"WGS3": 32,"WPT3": 32}
    },
    {
      "kernel": "XgemvFastRot",
      "time": 5.514,
      "parameters": {"PRECISION": 32,"VW3": 1,"WGS3": 64,"WPT3": 1}
    },
    {
      "kernel": "XgemvFastRot",
      "time": 3.607,
      "parameters": {"PRECISION": 32,"VW3": 1,"WGS3": 64,"WPT3": 2}
    },
    {
      "kernel": "XgemvFastRot",
      "time": 3.636,
      "parameters": {"PRECISION": 32,"VW3": 2,"WGS3": 64,"WPT3": 2}
    },
    {
      "kernel": "XgemvFastRot",
      "time": 2.239,
      "parameters": {"PRECISION": 32,"VW3": 1,"WGS3": 64,"WPT3": 4}
    },
    {
      "kernel": "XgemvFastRot",
      "time": 2.570,
      "parameters": {"PRECISION": 32,"VW3": 2,"WGS3": 64,"WPT3": 4}
    },
    {
      "kernel": "XgemvFastRot",
      "time": 2.844,
      "parameters": {"PRECISION": 32,"VW3": 4,"WGS3": 64,"WPT3": 4}
    },
    {
      "kernel": "XgemvFastRot",
      "time": 2.331,
      "parameters": {"PRECISION": 32,"VW3": 1,"WGS3": 64,"WPT3": 8}
    },
    {
      "kernel": "XgemvFastRot",
      "time": 2.193,
      "parameters": {"PRECISION": 32,"VW3": 2,"WGS3": 64,"WPT3": 8}
    },
    {
      "kernel": "XgemvFastRot",
      "time": 1.326,
      "parameters": {"PRECISION": 32,"VW3": 4,"WGS3": 64,"WPT3": 8}
    },
    {
      "kernel": "XgemvFastRot",
      "time": 2.481,
      "parameters": {"PRECISION": 32,"VW3": 8,"WGS3": 64,"WPT3": 8}
    },
    {
      "kernel": "XgemvFastRot",
      "time": 1.788,
      "parameters": {"PRECISION": 32,"VW3": 1,"WGS3": 64,"WPT3": 16}
    },
    {
      "kernel": "XgemvFastRot",
      "time": 1.894,
      "parameters": {"PRECISION": 32,"VW3": 2,"WGS3": 64,"WPT3": 16}
    },
    {
      "kernel": "XgemvFastRot",
      "time": 1.519,
      "parameters": {"PRECISION": 32,"VW3": 4,"WGS3": 64,"WPT3": 16}
    },
    {
      "kernel": "XgemvFastRot",
      "time": 1.821,
      "parameters": {"PRECISION": 32,"VW3": 8,"WGS3": 64,"WPT3": 16}
    },
    {
      "kernel": "XgemvFastRot",
      "time": 2.123,
      "parameters": {"PRECISION": 32,"VW3": 1,"WGS3": 64,"WPT3": 32}
    },
    {
      "kernel": "XgemvFastRot",
      "time": 2.220,
      "parameters": {"PRECISION": 32,"VW3": 2,"WGS3": 64,"WPT3": 32}
    },
    {
      "kernel": "XgemvFastRot",
      "time": 1.454,
      "parameters": {"PRECISION": 32,"VW3": 4,"WGS3": 64,"WPT3": 32}
    },
    {
      "kernel": "XgemvFastRot",
      "time": 1.306,
      "parameters": {"PRECISION": 32,"VW3": 8,"WGS3": 64,"WPT3": 32}
    },
    {
      "kernel": "XgemvFastRot",
      "time": 9.432,
      "parameters": {"PRECISION": 32,"VW3": 1,"WGS3": 128,"WPT3": 1}
    },
    {
      "kernel": "XgemvFastRot",
      "time": 7.954,
      "parameters": {"PRECISION": 32,"VW3": 1,"WGS3": 128,"WPT3": 2}
    },
    {
      "kernel": "XgemvFastRot",
      "time": 6.016,
      "parameters": {"PRECISION": 32,"VW3": 2,"WGS3": 128,"WPT3": 2}
    },
    {
      "kernel": "XgemvFastRot",
      "time": 4.261,
      "parameters": {"PRECISION": 32,"VW3": 1,"WGS3": 128,"WPT3": 4}
    },
    {
      "kernel": "XgemvFastRot",
      "time": 4.207,
      "parameters": {"PRECISION": 32,"VW3": 2,"WGS3": 128,"WPT3": 4}
    },
    {
      "kernel": "XgemvFastRot",
      "time": 4.035,
      "parameters": {"PRECISION": 32,"VW3": 4,"WGS3": 128,"WPT3": 4}
    },
    {
      "kernel": "XgemvFastRot",
      "time": 2.613,
      "parameters": {"PRECISION": 32,"VW3": 1,"WGS3": 128,"WPT3": 8}
    },
    {
      "kernel": "XgemvFastRot",
      "time": 2.401,
      "parameters": {"PRECISION": 32,"VW3": 2,"WGS3": 128,"WPT3": 8}
    },
    {
      "kernel": "XgemvFastRot",
      "time": 2.578,
      "parameters": {"PRECISION": 32,"VW3": 4,"WGS3": 128,"WPT3": 8}
    },
    {
      "kernel": "XgemvFastRot",
      "time": 3.967,
      "parameters": {"PRECISION": 32,"VW3": 8,"WGS3": 128,"WPT3": 8}
    },
    {
      "kernel": "XgemvFastRot",
      "time": 2.395,
      "parameters": {"PRECISION": 32,"VW3": 1,"WGS3": 128,"WPT3": 16}
    },
    {
      "kernel": "XgemvFastRot",
      "time": 2.309,
      "parameters": {"PRECISION": 32,"VW3": 2,"WGS3": 128,"WPT3": 16}
    },
    {
      "kernel": "XgemvFastRot",
      "time": 1.847,
      "parameters": {"PRECISION": 32,"VW3": 4,"WGS3": 128,"WPT3": 16}
    },
    {
      "kernel": "XgemvFastRot",
      "time": 2.304,
      "parameters": {"PRECISION": 32,"VW3": 8,"WGS3": 128,"WPT3": 16}
    },
    {
      "kernel": "XgemvFastRot",
      "time": 3.465,
      "parameters": {"PRECISION": 32,"VW3": 1,"WGS3": 128,"WPT3": 32}
    },
    {
      "kernel": "XgemvFastRot",
      "time": 3.009,
      "parameters": {"PRECISION": 32,"VW3": 2,"WGS3": 128,"WPT3": 32}
    },
    {
      "kernel": "XgemvFastRot",
      "time": 2.544,
      "parameters": {"PRECISION": 32,"VW3": 4,"WGS3": 128,"WPT3": 32}
    },
    {
      "kernel": "XgemvFastRot",
      "time": 2.412,
      "parameters": {"PRECISION": 32,"VW3": 8,"WGS3": 128,"WPT3": 32}
    }
  ]
}
