{
  "kernel_family": "xdot_2",
  "precision": "32",
  "best_kernel": "XdotEpilogue",
  "best_time": "0.54",
  "best_parameters": "PRECISION=32 WGS2=256",
  "arg_n": "2097152",
  "clblast_device_type": "GPU",
  "clblast_device_vendor": "QUALCOMM",
  "clblast_device_architecture": "OpenCL C 3.0 Adreno(TM) 740",
  "clblast_device_name": "QUALCOMM Adreno(TM)",
  "device": "QUALCOMM Adreno(TM)",
  "platform_vendor": "QUALCOMM",
  "platform_version": "OpenCL 3.0 QUALCOMM build: commit unknown",
  "device_vendor": "QUALCOMM",
  "device_type": "GPU",
  "device_core_clock": "1",
  "device_compute_units": "6",
  "device_extra_info": "",
  "results": [
    {
      "kernel": "XdotEpilogue",
      "time": 1.232,
      "parameters": {"PRECISION": 32,"WGS2": 32}
    },
    {
      "kernel": "XdotEpilogue",
      "time": 1.261,
      "parameters": {"PRECISION": 32,"WGS2": 64}
    },
    {
      "kernel": "XdotEpilogue",
      "time": 1.256,
      "parameters": {"PRECISION": 32,"WGS2": 128}
    },
    {
      "kernel": "XdotEpilogue",
      "time": 0.539,
      "parameters": {"PRECISION": 32,"WGS2": 256}
    },
    {
      "kernel": "XdotEpilogue",
      "time": 1.262,
      "parameters": {"PRECISION": 32,"WGS2": 512}
    },
    {
      "kernel": "XdotEpilogue",
      "time": 1.257,
      "parameters": {"PRECISION": 32,"WGS2": 1024}
    }
  ]
}
