{
  "kernel_family": "xgemv_fast",
  "precision": "32",
  "best_kernel": "XgemvFast",
  "best_time": "1.24",
  "best_parameters": "PRECISION=32 VW2=1 WGS2=16 WPT2=1",
  "arg_m": "2048",
  "arg_n": "2048",
  "arg_alpha": "2.00",
  "arg_beta": "2.00",
  "clblast_device_type": "GPU",
  "clblast_device_vendor": "QUALCOMM",
  "clblast_device_architecture": "OpenCL C 3.0 Adreno(TM) 740",
  "clblast_device_name": "QUALCOMM Adreno(TM)",
  "device": "QUALCOMM Adreno(TM)",
  "platform_vendor": "QUALCOMM",
  "platform_version": "OpenCL 3.0 QUALCOMM build: commit unknown",
  "device_vendor": "QUALCOMM",
  "device_type": "GPU",
  "device_core_clock": "1",
  "device_compute_units": "6",
  "device_extra_info": "",
  "results": [
    {
      "kernel": "XgemvFast",
      "time": 1.240,
      "parameters": {"PRECISION": 32,"VW2": 1,"WGS2": 16,"WPT2": 1}
    },
    {
      "kernel": "XgemvFast",
      "time": 1.442,
      "parameters": {"PRECISION": 32,"VW2": 1,"WGS2": 16,"WPT2": 2}
    },
    {
      "kernel": "XgemvFast",
      "time": 1.316,
      "parameters": {"PRECISION": 32,"VW2": 2,"WGS2": 16,"WPT2": 2}
    },
    {
      "kernel": "XgemvFast",
      "time": 1.443,
      "parameters": {"PRECISION": 32,"VW2": 1,"WGS2": 16,"WPT2": 4}
    },
    {
      "kernel": "XgemvFast",
      "time": 2.163,
      "parameters": {"PRECISION": 32,"VW2": 2,"WGS2": 16,"WPT2": 4}
    },
    {
      "kernel": "XgemvFast",
      "time": 1.344,
      "parameters": {"PRECISION": 32,"VW2": 4,"WGS2": 16,"WPT2": 4}
    },
    {
      "kernel": "XgemvFast",
      "time": 1.310,
      "parameters": {"PRECISION": 32,"VW2": 1,"WGS2": 32,"WPT2": 1}
    },
    {
      "kernel": "XgemvFast",
      "time": 1.329,
      "parameters": {"PRECISION": 32,"VW2": 1,"WGS2": 32,"WPT2": 2}
    },
    {
      "kernel": "XgemvFast",
      "time": 1.299,
      "parameters": {"PRECISION": 32,"VW2": 2,"WGS2": 32,"WPT2": 2}
    },
    {
      "kernel": "XgemvFast",
      "time": 2.208,
      "parameters": {"PRECISION": 32,"VW2": 1,"WGS2": 32,"WPT2": 4}
    },
    {
      "kernel": "XgemvFast",
      "time": 2.276,
      "parameters": {"PRECISION": 32,"VW2": 2,"WGS2": 32,"WPT2": 4}
    },
    {
      "kernel": "XgemvFast",
      "time": 1.332,
      "parameters": {"PRECISION": 32,"VW2": 4,"WGS2": 32,"WPT2": 4}
    },
    {
      "kernel": "XgemvFast",
      "time": 1.332,
      "parameters": {"PRECISION": 32,"VW2": 1,"WGS2": 64,"WPT2": 1}
    },
    {
      "kernel": "XgemvFast",
      "time": 2.052,
      "parameters": {"PRECISION": 32,"VW2": 1,"WGS2": 64,"WPT2": 2}
    },
    {
      "kernel": "XgemvFast",
      "time": 1.305,
      "parameters": {"PRECISION": 32,"VW2": 2,"WGS2": 64,"WPT2": 2}
    },
    {
      "kernel": "XgemvFast",
      "time": 2.573,
      "parameters": {"PRECISION": 32,"VW2": 1,"WGS2": 64,"WPT2": 4}
    },
    {
      "kernel": "XgemvFast",
      "time": 2.504,
      "parameters": {"PRECISION": 32,"VW2": 2,"WGS2": 64,"WPT2": 4}
    },
    {
      "kernel": "XgemvFast",
      "time": 2.118,
      "parameters": {"PRECISION": 32,"VW2": 4,"WGS2": 64,"WPT2": 4}
    },
    {
      "kernel": "XgemvFast",
      "time": 2.085,
      "parameters": {"PRECISION": 32,"VW2": 1,"WGS2": 128,"WPT2": 1}
    },
    {
      "kernel": "XgemvFast",
      "time": 2.442,
      "parameters": {"PRECISION": 32,"VW2": 1,"WGS2": 128,"WPT2": 2}
    },
    {
      "kernel": "XgemvFast",
      "time": 2.215,
      "parameters": {"PRECISION": 32,"VW2": 2,"WGS2": 128,"WPT2": 2}
    },
    {
      "kernel": "XgemvFast",
      "time": 3.088,
      "parameters": {"PRECISION": 32,"VW2": 1,"WGS2": 128,"WPT2": 4}
    },
    {
      "kernel": "XgemvFast",
      "time": 2.676,
      "parameters": {"PRECISION": 32,"VW2": 2,"WGS2": 128,"WPT2": 4}
    },
    {
      "kernel": "XgemvFast",
      "time": 2.411,
      "parameters": {"PRECISION": 32,"VW2": 4,"WGS2": 128,"WPT2": 4}
    },
    {
      "kernel": "XgemvFast",
      "time": 2.100,
      "parameters": {"PRECISION": 32,"VW2": 1,"WGS2": 256,"WPT2": 1}
    },
    {
      "kernel": "XgemvFast",
      "time": 2.455,
      "parameters": {"PRECISION": 32,"VW2": 1,"WGS2": 256,"WPT2": 2}
    },
    {
      "kernel": "XgemvFast",
      "time": 2.220,
      "parameters": {"PRECISION": 32,"VW2": 2,"WGS2": 256,"WPT2": 2}
    },
    {
      "kernel": "XgemvFast",
      "time": 3.095,
      "parameters": {"PRECISION": 32,"VW2": 1,"WGS2": 256,"WPT2": 4}
    },
    {
      "kernel": "XgemvFast",
      "time": 2.735,
      "parameters": {"PRECISION": 32,"VW2": 2,"WGS2": 256,"WPT2": 4}
    },
    {
      "kernel": "XgemvFast",
      "time": 2.264,
      "parameters": {"PRECISION": 32,"VW2": 4,"WGS2": 256,"WPT2": 4}
    }
  ]
}
