{
  "kernel_family": "xgemv",
  "precision": "32",
  "best_kernel": "Xgemv",
  "best_time": "1.31",
  "best_parameters": "PRECISION=32 WGS1=256 WPT1=2",
  "arg_m": "2048",
  "arg_n": "2048",
  "arg_alpha": "2.00",
  "arg_beta": "2.00",
  "clblast_device_type": "GPU",
  "clblast_device_vendor": "QUALCOMM",
  "clblast_device_architecture": "OpenCL C 3.0 Adreno(TM) 740",
  "clblast_device_name": "QUALCOMM Adreno(TM)",
  "device": "QUALCOMM Adreno(TM)",
  "platform_vendor": "QUALCOMM",
  "platform_version": "OpenCL 3.0 QUALCOMM build: commit unknown",
  "device_vendor": "QUALCOMM",
  "device_type": "GPU",
  "device_core_clock": "1",
  "device_compute_units": "6",
  "device_extra_info": "",
  "results": [
    {
      "kernel": "Xgemv",
      "time": 1.340,
      "parameters": {"PRECISION": 32,"WGS1": 32,"WPT1": 1}
    },
    {
      "kernel": "Xgemv",
      "time": 1.448,
      "parameters": {"PRECISION": 32,"WGS1": 32,"WPT1": 2}
    },
    {
      "kernel": "Xgemv",
      "time": 1.468,
      "parameters": {"PRECISION": 32,"WGS1": 32,"WPT1": 4}
    },
    {
      "kernel": "Xgemv",
      "time": 1.339,
      "parameters": {"PRECISION": 32,"WGS1": 64,"WPT1": 1}
    },
    {
      "kernel": "Xgemv",
      "time": 1.419,
      "parameters": {"PRECISION": 32,"WGS1": 64,"WPT1": 2}
    },
    {
      "kernel": "Xgemv",
      "time": 1.327,
      "parameters": {"PRECISION": 32,"WGS1": 64,"WPT1": 4}
    },
    {
      "kernel": "Xgemv",
      "time": 1.350,
      "parameters": {"PRECISION": 32,"WGS1": 128,"WPT1": 1}
    },
    {
      "kernel": "Xgemv",
      "time": 1.360,
      "parameters": {"PRECISION": 32,"WGS1": 128,"WPT1": 2}
    },
    {
      "kernel": "Xgemv",
      "time": 1.316,
      "parameters": {"PRECISION": 32,"WGS1": 128,"WPT1": 4}
    },
    {
      "kernel": "Xgemv",
      "time": 1.339,
      "parameters": {"PRECISION": 32,"WGS1": 256,"WPT1": 1}
    },
    {
      "kernel": "Xgemv",
      "time": 1.308,
      "parameters": {"PRECISION": 32,"WGS1": 256,"WPT1": 2}
    },
    {
      "kernel": "Xgemv",
      "time": 2.192,
      "parameters": {"PRECISION": 32,"WGS1": 256,"WPT1": 4}
    }
  ]
}
