{
  "kernel_family": "xaxpy",
  "precision": "16",
  "best_kernel": "XaxpyFastest",
  "best_time": "1.12",
  "best_parameters": "PRECISION=16 VW=8 WGS=256 WPT=1",
  "arg_n": "4194304",
  "arg_alpha": "2.000000",
  "clblast_device_type": "GPU",
  "clblast_device_vendor": "QUALCOMM",
  "clblast_device_architecture": "OpenCL C 3.0 Adreno(TM) 740",
  "clblast_device_name": "QUALCOMM Adreno(TM)",
  "device": "QUALCOMM Adreno(TM)",
  "platform_vendor": "QUALCOMM",
  "platform_version": "OpenCL 3.0 QUALCOMM build: commit unknown",
  "device_vendor": "QUALCOMM",
  "device_type": "GPU",
  "device_core_clock": "1",
  "device_compute_units": "6",
  "device_extra_info": "",
  "results": [
    {
      "kernel": "XaxpyFastest",
      "time": 2.132,
      "parameters": {"PRECISION": 16,"VW": 1,"WGS": 64,"WPT": 1}
    },
    {
      "kernel": "XaxpyFastest",
      "time": 1.260,
      "parameters": {"PRECISION": 16,"VW": 2,"WGS": 64,"WPT": 1}
    },
    {
      "kernel": "XaxpyFastest",
      "time": 1.267,
      "parameters": {"PRECISION": 16,"VW": 4,"WGS": 64,"WPT": 1}
    },
    {
      "kernel": "XaxpyFastest",
      "time": 1.290,
      "parameters": {"PRECISION": 16,"VW": 8,"WGS": 64,"WPT": 1}
    },
    {
      "kernel": "XaxpyFastest",
      "time": 1.257,
      "parameters": {"PRECISION": 16,"VW": 1,"WGS": 64,"WPT": 2}
    },
    {
      "kernel": "XaxpyFastest",
      "time": 1.438,
      "parameters": {"PRECISION": 16,"VW": 2,"WGS": 64,"WPT": 2}
    },
    {
      "kernel": "XaxpyFastest",
      "time": 1.281,
      "parameters": {"PRECISION": 16,"VW": 4,"WGS": 64,"WPT": 2}
    },
    {
      "kernel": "XaxpyFastest",
      "time": 1.255,
      "parameters": {"PRECISION": 16,"VW": 8,"WGS": 64,"WPT": 2}
    },
    {
      "kernel": "XaxpyFastest",
      "time": 1.276,
      "parameters": {"PRECISION": 16,"VW": 1,"WGS": 64,"WPT": 4}
    },
    {
      "kernel": "XaxpyFastest",
      "time": 1.257,
      "parameters": {"PRECISION": 16,"VW": 2,"WGS": 64,"WPT": 4}
    },
    {
      "kernel": "XaxpyFastest",
      "time": 1.292,
      "parameters": {"PRECISION": 16,"VW": 4,"WGS": 64,"WPT": 4}
    },
    {
      "kernel": "XaxpyFastest",
      "time": 1.273,
      "parameters": {"PRECISION": 16,"VW": 8,"WGS": 64,"WPT": 4}
    },
    {
      "kernel": "XaxpyFastest",
      "time": 1.338,
      "parameters": {"PRECISION": 16,"VW": 1,"WGS": 64,"WPT": 8}
    },
    {
      "kernel": "XaxpyFastest",
      "time": 1.136,
      "parameters": {"PRECISION": 16,"VW": 2,"WGS": 64,"WPT": 8}
    },
    {
      "kernel": "XaxpyFastest",
      "time": 1.280,
      "parameters": {"PRECISION": 16,"VW": 4,"WGS": 64,"WPT": 8}
    },
    {
      "kernel": "XaxpyFastest",
      "time": 1.253,
      "parameters": {"PRECISION": 16,"VW": 8,"WGS": 64,"WPT": 8}
    },
    {
      "kernel": "XaxpyFastest",
      "time": 1.237,
      "parameters": {"PRECISION": 16,"VW": 1,"WGS": 128,"WPT": 1}
    },
    {
      "kernel": "XaxpyFastest",
      "time": 1.143,
      "parameters": {"PRECISION": 16,"VW": 2,"WGS": 128,"WPT": 1}
    },
    {
      "kernel": "XaxpyFastest",
      "time": 1.316,
      "parameters": {"PRECISION": 16,"VW": 4,"WGS": 128,"WPT": 1}
    },
    {
      "kernel": "XaxpyFastest",
      "time": 1.163,
      "parameters": {"PRECISION": 16,"VW": 8,"WGS": 128,"WPT": 1}
    },
    {
      "kernel": "XaxpyFastest",
      "time": 1.264,
      "parameters": {"PRECISION": 16,"VW": 1,"WGS": 128,"WPT": 2}
    },
    {
      "kernel": "XaxpyFastest",
      "time": 1.305,
      "parameters": {"PRECISION": 16,"VW": 2,"WGS": 128,"WPT": 2}
    },
    {
      "kernel": "XaxpyFastest",
      "time": 1.310,
      "parameters": {"PRECISION": 16,"VW": 4,"WGS": 128,"WPT": 2}
    },
    {
      "kernel": "XaxpyFastest",
      "time": 1.276,
      "parameters": {"PRECISION": 16,"VW": 8,"WGS": 128,"WPT": 2}
    },
    {
      "kernel": "XaxpyFastest",
      "time": 1.161,
      "parameters": {"PRECISION": 16,"VW": 1,"WGS": 128,"WPT": 4}
    },
    {
      "kernel": "XaxpyFastest",
      "time": 1.307,
      "parameters": {"PRECISION": 16,"VW": 2,"WGS": 128,"WPT": 4}
    },
    {
      "kernel": "XaxpyFastest",
      "time": 1.276,
      "parameters": {"PRECISION": 16,"VW": 4,"WGS": 128,"WPT": 4}
    },
    {
      "kernel": "XaxpyFastest",
      "time": 1.320,
      "parameters": {"PRECISION": 16,"VW": 8,"WGS": 128,"WPT": 4}
    },
    {
      "kernel": "XaxpyFastest",
      "time": 1.423,
      "parameters": {"PRECISION": 16,"VW": 1,"WGS": 128,"WPT": 8}
    },
    {
      "kernel": "XaxpyFastest",
      "time": 1.212,
      "parameters": {"PRECISION": 16,"VW": 2,"WGS": 128,"WPT": 8}
    },
    {
      "kernel": "XaxpyFastest",
      "time": 1.393,
      "parameters": {"PRECISION": 16,"VW": 4,"WGS": 128,"WPT": 8}
    },
    {
      "kernel": "XaxpyFastest",
      "time": 1.302,
      "parameters": {"PRECISION": 16,"VW": 8,"WGS": 128,"WPT": 8}
    },
    {
      "kernel": "XaxpyFastest",
      "time": 1.291,
      "parameters": {"PRECISION": 16,"VW": 1,"WGS": 256,"WPT": 1}
    },
    {
      "kernel": "XaxpyFastest",
      "time": 1.277,
      "parameters": {"PRECISION": 16,"VW": 2,"WGS": 256,"WPT": 1}
    },
    {
      "kernel": "XaxpyFastest",
      "time": 1.271,
      "parameters": {"PRECISION": 16,"VW": 4,"WGS": 256,"WPT": 1}
    },
    {
      "kernel": "XaxpyFastest",
      "time": 1.122,
      "parameters": {"PRECISION": 16,"VW": 8,"WGS": 256,"WPT": 1}
    },
    {
      "kernel": "XaxpyFastest",
      "time": 1.297,
      "parameters": {"PRECISION": 16,"VW": 1,"WGS": 256,"WPT": 2}
    },
    {
      "kernel": "XaxpyFastest",
      "time": 1.262,
      "parameters": {"PRECISION": 16,"VW": 2,"WGS": 256,"WPT": 2}
    },
    {
      "kernel": "XaxpyFastest",
      "time": 1.272,
      "parameters": {"PRECISION": 16,"VW": 4,"WGS": 256,"WPT": 2}
    },
    {
      "kernel": "XaxpyFastest",
      "time": 1.302,
      "parameters": {"PRECISION": 16,"VW": 8,"WGS": 256,"WPT": 2}
    },
    {
      "kernel": "XaxpyFastest",
      "time": 1.266,
      "parameters": {"PRECISION": 16,"VW": 1,"WGS": 256,"WPT": 4}
    },
    {
      "kernel": "XaxpyFastest",
      "time": 1.303,
      "parameters": {"PRECISION": 16,"VW": 2,"WGS": 256,"WPT": 4}
    },
    {
      "kernel": "XaxpyFastest",
      "time": 1.294,
      "parameters": {"PRECISION": 16,"VW": 4,"WGS": 256,"WPT": 4}
    },
    {
      "kernel": "XaxpyFastest",
      "time": 1.336,
      "parameters": {"PRECISION": 16,"VW": 8,"WGS": 256,"WPT": 4}
    },
    {
      "kernel": "XaxpyFastest",
      "time": 1.297,
      "parameters": {"PRECISION": 16,"VW": 1,"WGS": 256,"WPT": 8}
    },
    {
      "kernel": "XaxpyFastest",
      "time": 1.277,
      "parameters": {"PRECISION": 16,"VW": 2,"WGS": 256,"WPT": 8}
    },
    {
      "kernel": "XaxpyFastest",
      "time": 1.292,
      "parameters": {"PRECISION": 16,"VW": 4,"WGS": 256,"WPT": 8}
    },
    {
      "kernel": "XaxpyFastest",
      "time": 1.280,
      "parameters": {"PRECISION": 16,"VW": 8,"WGS": 256,"WPT": 8}
    },
    {
      "kernel": "XaxpyFastest",
      "time": 1.301,
      "parameters": {"PRECISION": 16,"VW": 1,"WGS": 512,"WPT": 1}
    },
    {
      "kernel": "XaxpyFastest",
      "time": 1.301,
      "parameters": {"PRECISION": 16,"VW": 2,"WGS": 512,"WPT": 1}
    },
    {
      "kernel": "XaxpyFastest",
      "time": 1.284,
      "parameters": {"PRECISION": 16,"VW": 4,"WGS": 512,"WPT": 1}
    },
    {
      "kernel": "XaxpyFastest",
      "time": 1.323,
      "parameters": {"PRECISION": 16,"VW": 8,"WGS": 512,"WPT": 1}
    },
    {
      "kernel": "XaxpyFastest",
      "time": 1.283,
      "parameters": {"PRECISION": 16,"VW": 1,"WGS": 512,"WPT": 2}
    },
    {
      "kernel": "XaxpyFastest",
      "time": 1.270,
      "parameters": {"PRECISION": 16,"VW": 2,"WGS": 512,"WPT": 2}
    },
    {
      "kernel": "XaxpyFastest",
      "time": 1.318,
      "parameters": {"PRECISION": 16,"VW": 4,"WGS": 512,"WPT": 2}
    },
    {
      "kernel": "XaxpyFastest",
      "time": 1.289,
      "parameters": {"PRECISION": 16,"VW": 8,"WGS": 512,"WPT": 2}
    },
    {
      "kernel": "XaxpyFastest",
      "time": 1.297,
      "parameters": {"PRECISION": 16,"VW": 1,"WGS": 512,"WPT": 4}
    },
    {
      "kernel": "XaxpyFastest",
      "time": 1.296,
      "parameters": {"PRECISION": 16,"VW": 2,"WGS": 512,"WPT": 4}
    },
    {
      "kernel": "XaxpyFastest",
      "time": 1.313,
      "parameters": {"PRECISION": 16,"VW": 4,"WGS": 512,"WPT": 4}
    },
    {
      "kernel": "XaxpyFastest",
      "time": 1.221,
      "parameters": {"PRECISION": 16,"VW": 8,"WGS": 512,"WPT": 4}
    },
    {
      "kernel": "XaxpyFastest",
      "time": 1.316,
      "parameters": {"PRECISION": 16,"VW": 1,"WGS": 512,"WPT": 8}
    },
    {
      "kernel": "XaxpyFastest",
      "time": 1.322,
      "parameters": {"PRECISION": 16,"VW": 2,"WGS": 512,"WPT": 8}
    },
    {
      "kernel": "XaxpyFastest",
      "time": 1.173,
      "parameters": {"PRECISION": 16,"VW": 4,"WGS": 512,"WPT": 8}
    },
    {
      "kernel": "XaxpyFastest",
      "time": 1.350,
      "parameters": {"PRECISION": 16,"VW": 8,"WGS": 512,"WPT": 8}
    },
    {
      "kernel": "XaxpyFastest",
      "time": 1.279,
      "parameters": {"PRECISION": 16,"VW": 1,"WGS": 1024,"WPT": 1}
    },
    {
      "kernel": "XaxpyFastest",
      "time": 1.317,
      "parameters": {"PRECISION": 16,"VW": 2,"WGS": 1024,"WPT": 1}
    },
    {
      "kernel": "XaxpyFastest",
      "time": 1.271,
      "parameters": {"PRECISION": 16,"VW": 4,"WGS": 1024,"WPT": 1}
    },
    {
      "kernel": "XaxpyFastest",
      "time": 1.124,
      "parameters": {"PRECISION": 16,"VW": 8,"WGS": 1024,"WPT": 1}
    },
    {
      "kernel": "XaxpyFastest",
      "time": 1.191,
      "parameters": {"PRECISION": 16,"VW": 1,"WGS": 1024,"WPT": 2}
    },
    {
      "kernel": "XaxpyFastest",
      "time": 1.267,
      "parameters": {"PRECISION": 16,"VW": 2,"WGS": 1024,"WPT": 2}
    },
    {
      "kernel": "XaxpyFastest",
      "time": 1.147,
      "parameters": {"PRECISION": 16,"VW": 4,"WGS": 1024,"WPT": 2}
    },
    {
      "kernel": "XaxpyFastest",
      "time": 1.293,
      "parameters": {"PRECISION": 16,"VW": 8,"WGS": 1024,"WPT": 2}
    },
    {
      "kernel": "XaxpyFastest",
      "time": 1.294,
      "parameters": {"PRECISION": 16,"VW": 1,"WGS": 1024,"WPT": 4}
    },
    {
      "kernel": "XaxpyFastest",
      "time": 1.310,
      "parameters": {"PRECISION": 16,"VW": 2,"WGS": 1024,"WPT": 4}
    },
    {
      "kernel": "XaxpyFastest",
      "time": 1.272,
      "parameters": {"PRECISION": 16,"VW": 4,"WGS": 1024,"WPT": 4}
    },
    {
      "kernel": "XaxpyFastest",
      "time": 1.302,
      "parameters": {"PRECISION": 16,"VW": 8,"WGS": 1024,"WPT": 4}
    },
    {
      "kernel": "XaxpyFastest",
      "time": 1.355,
      "parameters": {"PRECISION": 16,"VW": 1,"WGS": 1024,"WPT": 8}
    },
    {
      "kernel": "XaxpyFastest",
      "time": 1.236,
      "parameters": {"PRECISION": 16,"VW": 2,"WGS": 1024,"WPT": 8}
    },
    {
      "kernel": "XaxpyFastest",
      "time": 1.269,
      "parameters": {"PRECISION": 16,"VW": 4,"WGS": 1024,"WPT": 8}
    },
    {
      "kernel": "XaxpyFastest",
      "time": 1.375,
      "parameters": {"PRECISION": 16,"VW": 8,"WGS": 1024,"WPT": 8}
    }
  ]
}
