{
  "kernel_family": "padtranspose",
  "precision": "16",
  "best_kernel": "TransposePadMatrix",
  "best_time": "0.80",
  "best_parameters": "PADTRA_PAD=1 PADTRA_TILE=16 PADTRA_WPT=4 PRECISION=16",
  "arg_m": "1024",
  "arg_n": "1024",
  "arg_alpha": "2.000000",
  "clblast_device_type": "GPU",
  "clblast_device_vendor": "QUALCOMM",
  "clblast_device_architecture": "OpenCL C 3.0 Adreno(TM) 740",
  "clblast_device_name": "QUALCOMM Adreno(TM)",
  "device": "QUALCOMM Adreno(TM)",
  "platform_vendor": "QUALCOMM",
  "platform_version": "OpenCL 3.0 QUALCOMM build: commit unknown",
  "device_vendor": "QUALCOMM",
  "device_type": "GPU",
  "device_core_clock": "1",
  "device_compute_units": "6",
  "device_extra_info": "",
  "results": [
    {
      "kernel": "TransposePadMatrix",
      "time": 1.322,
      "parameters": {"PADTRA_PAD": 0,"PADTRA_TILE": 8,"PADTRA_WPT": 1,"PRECISION": 16}
    },
    {
      "kernel": "TransposePadMatrix",
      "time": 1.334,
      "parameters": {"PADTRA_PAD": 1,"PADTRA_TILE": 8,"PADTRA_WPT": 1,"PRECISION": 16}
    },
    {
      "kernel": "TransposePadMatrix",
      "time": 1.307,
      "parameters": {"PADTRA_PAD": 0,"PADTRA_TILE": 8,"PADTRA_WPT": 2,"PRECISION": 16}
    },
    {
      "kernel": "TransposePadMatrix",
      "time": 1.313,
      "parameters": {"PADTRA_PAD": 1,"PADTRA_TILE": 8,"PADTRA_WPT": 2,"PRECISION": 16}
    },
    {
      "kernel": "TransposePadMatrix",
      "time": 1.295,
      "parameters": {"PADTRA_PAD": 0,"PADTRA_TILE": 8,"PADTRA_WPT": 4,"PRECISION": 16}
    },
    {
      "kernel": "TransposePadMatrix",
      "time": 0.961,
      "parameters": {"PADTRA_PAD": 1,"PADTRA_TILE": 8,"PADTRA_WPT": 4,"PRECISION": 16}
    },
    {
      "kernel": "TransposePadMatrix",
      "time": 1.322,
      "parameters": {"PADTRA_PAD": 0,"PADTRA_TILE": 8,"PADTRA_WPT": 8,"PRECISION": 16}
    },
    {
      "kernel": "TransposePadMatrix",
      "time": 1.034,
      "parameters": {"PADTRA_PAD": 1,"PADTRA_TILE": 8,"PADTRA_WPT": 8,"PRECISION": 16}
    },
    {
      "kernel": "TransposePadMatrix",
      "time": 1.313,
      "parameters": {"PADTRA_PAD": 0,"PADTRA_TILE": 8,"PADTRA_WPT": 16,"PRECISION": 16}
    },
    {
      "kernel": "TransposePadMatrix",
      "time": 1.315,
      "parameters": {"PADTRA_PAD": 0,"PADTRA_TILE": 16,"PADTRA_WPT": 1,"PRECISION": 16}
    },
    {
      "kernel": "TransposePadMatrix",
      "time": 1.297,
      "parameters": {"PADTRA_PAD": 1,"PADTRA_TILE": 16,"PADTRA_WPT": 1,"PRECISION": 16}
    },
    {
      "kernel": "TransposePadMatrix",
      "time": 1.202,
      "parameters": {"PADTRA_PAD": 0,"PADTRA_TILE": 16,"PADTRA_WPT": 2,"PRECISION": 16}
    },
    {
      "kernel": "TransposePadMatrix",
      "time": 1.313,
      "parameters": {"PADTRA_PAD": 1,"PADTRA_TILE": 16,"PADTRA_WPT": 2,"PRECISION": 16}
    },
    {
      "kernel": "TransposePadMatrix",
      "time": 1.325,
      "parameters": {"PADTRA_PAD": 0,"PADTRA_TILE": 16,"PADTRA_WPT": 4,"PRECISION": 16}
    },
    {
      "kernel": "TransposePadMatrix",
      "time": 0.803,
      "parameters": {"PADTRA_PAD": 1,"PADTRA_TILE": 16,"PADTRA_WPT": 4,"PRECISION": 16}
    },
    {
      "kernel": "TransposePadMatrix",
      "time": 1.316,
      "parameters": {"PADTRA_PAD": 0,"PADTRA_TILE": 16,"PADTRA_WPT": 8,"PRECISION": 16}
    },
    {
      "kernel": "TransposePadMatrix",
      "time": 1.208,
      "parameters": {"PADTRA_PAD": 0,"PADTRA_TILE": 32,"PADTRA_WPT": 1,"PRECISION": 16}
    },
    {
      "kernel": "TransposePadMatrix",
      "time": 1.317,
      "parameters": {"PADTRA_PAD": 1,"PADTRA_TILE": 32,"PADTRA_WPT": 1,"PRECISION": 16}
    },
    {
      "kernel": "TransposePadMatrix",
      "time": 1.299,
      "parameters": {"PADTRA_PAD": 0,"PADTRA_TILE": 32,"PADTRA_WPT": 2,"PRECISION": 16}
    },
    {
      "kernel": "TransposePadMatrix",
      "time": 1.257,
      "parameters": {"PADTRA_PAD": 1,"PADTRA_TILE": 32,"PADTRA_WPT": 2,"PRECISION": 16}
    },
    {
      "kernel": "TransposePadMatrix",
      "time": 1.320,
      "parameters": {"PADTRA_PAD": 0,"PADTRA_TILE": 32,"PADTRA_WPT": 4,"PRECISION": 16}
    }
  ]
}
