{
  "kernel_family": "xgemm_2",
  "precision": "32",
  "best_kernel": "Xgemm",
  "best_time": "5.31",
  "best_parameters": "GEMMK=0 KREG=1 KWG=32 KWI=2 MDIMA=16 MDIMC=16 MWG=64 NDIMB=8 NDIMC=8 NWG=128 PRECISION=32 SA=0 SB=0 STRM=1 STRN=0 VWM=2 VWN=4",
  "arg_m": "1024",
  "arg_n": "1024",
  "arg_k": "1024",
  "arg_alpha": "2.00",
  "arg_beta": "2.00",
  "clblast_device_type": "GPU",
  "clblast_device_vendor": "QUALCOMM",
  "clblast_device_architecture": "OpenCL C 3.0 Adreno(TM) 740",
  "clblast_device_name": "QUALCOMM Adreno(TM)",
  "device": "QUALCOMM Adreno(TM)",
  "platform_vendor": "QUALCOMM",
  "platform_version": "OpenCL 3.0 QUALCOMM build: commit unknown",
  "device_vendor": "QUALCOMM",
  "device_type": "GPU",
  "device_core_clock": "1",
  "device_compute_units": "6",
  "device_extra_info": "",
  "results": [
    {
      "kernel": "Xgemm",
      "time": 24.189,
      "parameters": {"GEMMK": 0,"KREG": 1,"KWG": 32,"KWI": 2,"MDIMA": 8,"MDIMC": 8,"MWG": 64,"NDIMB": 8,"NDIMC": 8,"NWG": 64,"PRECISION": 32,"SA": 1,"SB": 0,"STRM": 1,"STRN": 1,"VWM": 1,"VWN": 4}
    },
    {
      "kernel": "Xgemm",
      "time": 37.615,
      "parameters": {"GEMMK": 0,"KREG": 1,"KWG": 32,"KWI": 2,"MDIMA": 32,"MDIMC": 16,"MWG": 32,"NDIMB": 32,"NDIMC": 16,"NWG": 64,"PRECISION": 32,"SA": 1,"SB": 0,"STRM": 0,"STRN": 0,"VWM": 1,"VWN": 1}
    },
    {
      "kernel": "Xgemm",
      "time": 35.856,
      "parameters": {"GEMMK": 0,"KREG": 1,"KWG": 32,"KWI": 2,"MDIMA": 8,"MDIMC": 16,"MWG": 128,"NDIMB": 16,"NDIMC": 8,"NWG": 16,"PRECISION": 32,"SA": 1,"SB": 1,"STRM": 0,"STRN": 1,"VWM": 2,"VWN": 1}
    },
    {
      "kernel": "Xgemm",
      "time": 17.137,
      "parameters": {"GEMMK": 0,"KREG": 1,"KWG": 32,"KWI": 2,"MDIMA": 8,"MDIMC": 8,"MWG": 32,"NDIMB": 32,"NDIMC": 32,"NWG": 64,"PRECISION": 32,"SA": 1,"SB": 1,"STRM": 1,"STRN": 1,"VWM": 4,"VWN": 1}
    },
    {
      "kernel": "Xgemm",
      "time": 16.655,
      "parameters": {"GEMMK": 0,"KREG": 1,"KWG": 32,"KWI": 2,"MDIMA": 16,"MDIMC": 16,"MWG": 128,"NDIMB": 16,"NDIMC": 8,"NWG": 128,"PRECISION": 32,"SA": 1,"SB": 0,"STRM": 0,"STRN": 1,"VWM": 4,"VWN": 4}
    },
    {
      "kernel": "Xgemm",
      "time": 18.852,
      "parameters": {"GEMMK": 0,"KREG": 1,"KWG": 16,"KWI": 2,"MDIMA": 32,"MDIMC": 16,"MWG": 64,"NDIMB": 16,"NDIMC": 16,"NWG": 64,"PRECISION": 32,"SA": 0,"SB": 1,"STRM": 0,"STRN": 1,"VWM": 2,"VWN": 4}
    },
    {
      "kernel": "Xgemm",
      "time": 11.887,
      "parameters": {"GEMMK": 0,"KREG": 1,"KWG": 16,"KWI": 2,"MDIMA": 16,"MDIMC": 16,"MWG": 64,"NDIMB": 8,"NDIMC": 8,"NWG": 128,"PRECISION": 32,"SA": 0,"SB": 0,"STRM": 1,"STRN": 0,"VWM": 4,"VWN": 1}
    },
    {
      "kernel": "Xgemm",
      "time": 53.318,
      "parameters": {"GEMMK": 0,"KREG": 1,"KWG": 32,"KWI": 2,"MDIMA": 8,"MDIMC": 8,"MWG": 128,"NDIMB": 32,"NDIMC": 16,"NWG": 64,"PRECISION": 32,"SA": 0,"SB": 1,"STRM": 0,"STRN": 1,"VWM": 1,"VWN": 2}
    },
    {
      "kernel": "Xgemm",
      "time": 13.167,
      "parameters": {"GEMMK": 0,"KREG": 1,"KWG": 32,"KWI": 2,"MDIMA": 32,"MDIMC": 8,"MWG": 32,"NDIMB": 16,"NDIMC": 8,"NWG": 64,"PRECISION": 32,"SA": 1,"SB": 0,"STRM": 1,"STRN": 0,"VWM": 1,"VWN": 1}
    },
    {
      "kernel": "Xgemm",
      "time": 42.239,
      "parameters": {"GEMMK": 0,"KREG": 1,"KWG": 16,"KWI": 2,"MDIMA": 16,"MDIMC": 8,"MWG": 64,"NDIMB": 16,"NDIMC": 8,"NWG": 128,"PRECISION": 32,"SA": 1,"SB": 1,"STRM": 0,"STRN": 1,"VWM": 1,"VWN": 1}
    },
    {
      "kernel": "Xgemm",
      "time": 504.749,
      "parameters": {"GEMMK": 0,"KREG": 1,"KWG": 16,"KWI": 2,"MDIMA": 16,"MDIMC": 8,"MWG": 128,"NDIMB": 8,"NDIMC": 8,"NWG": 128,"PRECISION": 32,"SA": 0,"SB": 0,"STRM": 0,"STRN": 1,"VWM": 1,"VWN": 4}
    },
    {
      "kernel": "Xgemm",
      "time": 11.274,
      "parameters": {"GEMMK": 0,"KREG": 1,"KWG": 16,"KWI": 2,"MDIMA": 32,"MDIMC": 16,"MWG": 64,"NDIMB": 32,"NDIMC": 32,"NWG": 128,"PRECISION": 32,"SA": 1,"SB": 0,"STRM": 1,"STRN": 1,"VWM": 2,"VWN": 4}
    },
    {
      "kernel": "Xgemm",
      "time": 33.988,
      "parameters": {"GEMMK": 0,"KREG": 1,"KWG": 16,"KWI": 2,"MDIMA": 8,"MDIMC": 8,"MWG": 64,"NDIMB": 8,"NDIMC": 8,"NWG": 16,"PRECISION": 32,"SA": 0,"SB": 0,"STRM": 1,"STRN": 1,"VWM": 4,"VWN": 1}
    },
    {
      "kernel": "Xgemm",
      "time": 17.902,
      "parameters": {"GEMMK": 0,"KREG": 1,"KWG": 32,"KWI": 2,"MDIMA": 8,"MDIMC": 16,"MWG": 128,"NDIMB": 8,"NDIMC": 8,"NWG": 64,"PRECISION": 32,"SA": 1,"SB": 0,"STRM": 0,"STRN": 0,"VWM": 2,"VWN": 4}
    },
    {
      "kernel": "Xgemm",
      "time": 24.404,
      "parameters": {"GEMMK": 0,"KREG": 1,"KWG": 32,"KWI": 2,"MDIMA": 32,"MDIMC": 32,"MWG": 64,"NDIMB": 8,"NDIMC": 8,"NWG": 64,"PRECISION": 32,"SA": 0,"SB": 0,"STRM": 0,"STRN": 0,"VWM": 1,"VWN": 4}
    },
    {
      "kernel": "Xgemm",
      "time": 19.907,
      "parameters": {"GEMMK": 0,"KREG": 1,"KWG": 32,"KWI": 2,"MDIMA": 8,"MDIMC": 8,"MWG": 64,"NDIMB": 16,"NDIMC": 8,"NWG": 64,"PRECISION": 32,"SA": 0,"SB": 0,"STRM": 0,"STRN": 1,"VWM": 2,"VWN": 1}
    },
    {
      "kernel": "Xgemm",
      "time": 12.944,
      "parameters": {"GEMMK": 0,"KREG": 1,"KWG": 32,"KWI": 2,"MDIMA": 16,"MDIMC": 16,"MWG": 128,"NDIMB": 16,"NDIMC": 8,"NWG": 64,"PRECISION": 32,"SA": 0,"SB": 0,"STRM": 1,"STRN": 0,"VWM": 8,"VWN": 1}
    },
    {
      "kernel": "Xgemm",
      "time": 10.322,
      "parameters": {"GEMMK": 0,"KREG": 1,"KWG": 32,"KWI": 2,"MDIMA": 8,"MDIMC": 16,"MWG": 128,"NDIMB": 16,"NDIMC": 16,"NWG": 64,"PRECISION": 32,"SA": 1,"SB": 1,"STRM": 1,"STRN": 0,"VWM": 2,"VWN": 2}
    },
    {
      "kernel": "Xgemm",
      "time": 11.416,
      "parameters": {"GEMMK": 0,"KREG": 1,"KWG": 32,"KWI": 2,"MDIMA": 32,"MDIMC": 32,"MWG": 128,"NDIMB": 16,"NDIMC": 8,"NWG": 64,"PRECISION": 32,"SA": 1,"SB": 1,"STRM": 0,"STRN": 1,"VWM": 2,"VWN": 2}
    },
    {
      "kernel": "Xgemm",
      "time": 30.472,
      "parameters": {"GEMMK": 0,"KREG": 1,"KWG": 16,"KWI": 2,"MDIMA": 32,"MDIMC": 8,"MWG": 128,"NDIMB": 32,"NDIMC": 8,"NWG": 64,"PRECISION": 32,"SA": 1,"SB": 0,"STRM": 1,"STRN": 1,"VWM": 2,"VWN": 1}
    },
    {
      "kernel": "Xgemm",
      "time": 43.530,
      "parameters": {"GEMMK": 0,"KREG": 1,"KWG": 32,"KWI": 2,"MDIMA": 32,"MDIMC": 8,"MWG": 64,"NDIMB": 8,"NDIMC": 8,"NWG": 16,"PRECISION": 32,"SA": 0,"SB": 1,"STRM": 1,"STRN": 0,"VWM": 1,"VWN": 1}
    },
    {
      "kernel": "Xgemm",
      "time": 12.218,
      "parameters": {"GEMMK": 0,"KREG": 1,"KWG": 32,"KWI": 2,"MDIMA": 16,"MDIMC": 16,"MWG": 128,"NDIMB": 16,"NDIMC": 16,"NWG": 64,"PRECISION": 32,"SA": 0,"SB": 1,"STRM": 1,"STRN": 0,"VWM": 1,"VWN": 4}
    },
    {
      "kernel": "Xgemm",
      "time": 45.891,
      "parameters": {"GEMMK": 0,"KREG": 1,"KWG": 32,"KWI": 2,"MDIMA": 16,"MDIMC": 16,"MWG": 64,"NDIMB": 32,"NDIMC": 32,"NWG": 32,"PRECISION": 32,"SA": 1,"SB": 0,"STRM": 0,"STRN": 0,"VWM": 1,"VWN": 1}
    },
    {
      "kernel": "Xgemm",
      "time": 10.143,
      "parameters": {"GEMMK": 0,"KREG": 1,"KWG": 32,"KWI": 2,"MDIMA": 16,"MDIMC": 32,"MWG": 64,"NDIMB": 8,"NDIMC": 8,"NWG": 64,"PRECISION": 32,"SA": 0,"SB": 1,"STRM": 1,"STRN": 1,"VWM": 2,"VWN": 4}
    },
    {
      "kernel": "Xgemm",
      "time": 15.463,
      "parameters": {"GEMMK": 0,"KREG": 1,"KWG": 32,"KWI": 2,"MDIMA": 16,"MDIMC": 32,"MWG": 64,"NDIMB": 16,"NDIMC": 16,"NWG": 128,"PRECISION": 32,"SA": 0,"SB": 1,"STRM": 1,"STRN": 1,"VWM": 1,"VWN": 2}
    },
    {
      "kernel": "Xgemm",
      "time": 10.497,
      "parameters": {"GEMMK": 0,"KREG": 1,"KWG": 32,"KWI": 2,"MDIMA": 16,"MDIMC": 32,"MWG": 128,"NDIMB": 16,"NDIMC": 8,"NWG": 64,"PRECISION": 32,"SA": 0,"SB": 1,"STRM": 0,"STRN": 1,"VWM": 2,"VWN": 2}
    },
    {
      "kernel": "Xgemm",
      "time": 120.747,
      "parameters": {"GEMMK": 0,"KREG": 1,"KWG": 32,"KWI": 2,"MDIMA": 16,"MDIMC": 16,"MWG": 16,"NDIMB": 8,"NDIMC": 16,"NWG": 16,"PRECISION": 32,"SA": 0,"SB": 1,"STRM": 1,"STRN": 0,"VWM": 1,"VWN": 1}
    },
    {
      "kernel": "Xgemm",
      "time": 24.919,
      "parameters": {"GEMMK": 0,"KREG": 1,"KWG": 32,"KWI": 2,"MDIMA": 16,"MDIMC": 8,"MWG": 128,"NDIMB": 32,"NDIMC": 32,"NWG": 64,"PRECISION": 32,"SA": 0,"SB": 0,"STRM": 0,"STRN": 1,"VWM": 8,"VWN": 1}
    },
    {
      "kernel": "Xgemm",
      "time": 455.336,
      "parameters": {"GEMMK": 0,"KREG": 1,"KWG": 32,"KWI": 2,"MDIMA": 8,"MDIMC": 8,"MWG": 128,"NDIMB": 16,"NDIMC": 8,"NWG": 128,"PRECISION": 32,"SA": 0,"SB": 0,"STRM": 0,"STRN": 1,"VWM": 4,"VWN": 1}
    },
    {
      "kernel": "Xgemm",
      "time": 24.642,
      "parameters": {"GEMMK": 0,"KREG": 1,"KWG": 32,"KWI": 2,"MDIMA": 16,"MDIMC": 16,"MWG": 128,"NDIMB": 32,"NDIMC": 16,"NWG": 128,"PRECISION": 32,"SA": 1,"SB": 0,"STRM": 0,"STRN": 0,"VWM": 1,"VWN": 2}
    },
    {
      "kernel": "Xgemm",
      "time": 39.759,
      "parameters": {"GEMMK": 0,"KREG": 1,"KWG": 16,"KWI": 2,"MDIMA": 16,"MDIMC": 32,"MWG": 64,"NDIMB": 32,"NDIMC": 8,"NWG": 64,"PRECISION": 32,"SA": 0,"SB": 0,"STRM": 1,"STRN": 1,"VWM": 1,"VWN": 1}
    },
    {
      "kernel": "Xgemm",
      "time": 135.119,
      "parameters": {"GEMMK": 0,"KREG": 1,"KWG": 16,"KWI": 2,"MDIMA": 16,"MDIMC": 8,"MWG": 16,"NDIMB": 16,"NDIMC": 16,"NWG": 16,"PRECISION": 32,"SA": 1,"SB": 1,"STRM": 0,"STRN": 0,"VWM": 1,"VWN": 1}
    },
    {
      "kernel": "Xgemm",
      "time": 32.075,
      "parameters": {"GEMMK": 0,"KREG": 1,"KWG": 32,"KWI": 2,"MDIMA": 8,"MDIMC": 8,"MWG": 16,"NDIMB": 8,"NDIMC": 16,"NWG": 64,"PRECISION": 32,"SA": 1,"SB": 0,"STRM": 0,"STRN": 0,"VWM": 1,"VWN": 1}
    },
    {
      "kernel": "Xgemm",
      "time": 15.684,
      "parameters": {"GEMMK": 0,"KREG": 1,"KWG": 16,"KWI": 2,"MDIMA": 16,"MDIMC": 8,"MWG": 128,"NDIMB": 32,"NDIMC": 32,"NWG": 128,"PRECISION": 32,"SA": 0,"SB": 0,"STRM": 1,"STRN": 0,"VWM": 4,"VWN": 4}
    },
    {
      "kernel": "Xgemm",
      "time": 15.862,
      "parameters": {"GEMMK": 0,"KREG": 1,"KWG": 16,"KWI": 2,"MDIMA": 32,"MDIMC": 16,"MWG": 32,"NDIMB": 8,"NDIMC": 8,"NWG": 64,"PRECISION": 32,"SA": 0,"SB": 1,"STRM": 1,"STRN": 0,"VWM": 1,"VWN": 4}
    },
    {
      "kernel": "Xgemm",
      "time": 64.608,
      "parameters": {"GEMMK": 0,"KREG": 1,"KWG": 32,"KWI": 2,"MDIMA": 8,"MDIMC": 8,"MWG": 16,"NDIMB": 16,"NDIMC": 32,"NWG": 32,"PRECISION": 32,"SA": 1,"SB": 1,"STRM": 1,"STRN": 1,"VWM": 1,"VWN": 1}
    },
    {
      "kernel": "Xgemm",
      "time": 20.572,
      "parameters": {"GEMMK": 0,"KREG": 1,"KWG": 16,"KWI": 2,"MDIMA": 16,"MDIMC": 16,"MWG": 64,"NDIMB": 8,"NDIMC": 8,"NWG": 32,"PRECISION": 32,"SA": 1,"SB": 0,"STRM": 0,"STRN": 1,"VWM": 4,"VWN": 1}
    },
    {
      "kernel": "Xgemm",
      "time": 7.418,
      "parameters": {"GEMMK": 0,"KREG": 1,"KWG": 16,"KWI": 2,"MDIMA": 8,"MDIMC": 8,"MWG": 32,"NDIMB": 8,"NDIMC": 16,"NWG": 128,"PRECISION": 32,"SA": 1,"SB": 0,"STRM": 0,"STRN": 1,"VWM": 4,"VWN": 4}
    },
    {
      "kernel": "Xgemm",
      "time": 8.916,
      "parameters": {"GEMMK": 0,"KREG": 1,"KWG": 32,"KWI": 2,"MDIMA": 16,"MDIMC": 16,"MWG": 64,"NDIMB": 8,"NDIMC": 8,"NWG": 32,"PRECISION": 32,"SA": 1,"SB": 0,"STRM": 1,"STRN": 1,"VWM": 4,"VWN": 4}
    },
    {
      "kernel": "Xgemm",
      "time": 23.197,
      "parameters": {"GEMMK": 0,"KREG": 1,"KWG": 32,"KWI": 2,"MDIMA": 32,"MDIMC": 8,"MWG": 32,"NDIMB": 32,"NDIMC": 16,"NWG": 32,"PRECISION": 32,"SA": 1,"SB": 1,"STRM": 1,"STRN": 0,"VWM": 1,"VWN": 1}
    },
    {
      "kernel": "Xgemm",
      "time": 10.514,
      "parameters": {"GEMMK": 0,"KREG": 1,"KWG": 32,"KWI": 2,"MDIMA": 32,"MDIMC": 32,"MWG": 64,"NDIMB": 8,"NDIMC": 8,"NWG": 64,"PRECISION": 32,"SA": 0,"SB": 1,"STRM": 1,"STRN": 0,"VWM": 2,"VWN": 4}
    },
    {
      "kernel": "Xgemm",
      "time": 12.991,
      "parameters": {"GEMMK": 0,"KREG": 1,"KWG": 16,"KWI": 2,"MDIMA": 32,"MDIMC": 16,"MWG": 128,"NDIMB": 8,"NDIMC": 8,"NWG": 32,"PRECISION": 32,"SA": 1,"SB": 1,"STRM": 0,"STRN": 1,"VWM": 1,"VWN": 4}
    },
    {
      "kernel": "Xgemm",
      "time": 13.345,
      "parameters": {"GEMMK": 0,"KREG": 1,"KWG": 32,"KWI": 2,"MDIMA": 8,"MDIMC": 32,"MWG": 64,"NDIMB": 8,"NDIMC": 8,"NWG": 128,"PRECISION": 32,"SA": 1,"SB": 1,"STRM": 0,"STRN": 1,"VWM": 2,"VWN": 2}
    },
    {
      "kernel": "Xgemm",
      "time": 22.478,
      "parameters": {"GEMMK": 0,"KREG": 1,"KWG": 32,"KWI": 2,"MDIMA": 16,"MDIMC": 8,"MWG": 128,"NDIMB": 8,"NDIMC": 32,"NWG": 64,"PRECISION": 32,"SA": 0,"SB": 1,"STRM": 0,"STRN": 1,"VWM": 4,"VWN": 1}
    },
    {
      "kernel": "Xgemm",
      "time": 17.255,
      "parameters": {"GEMMK": 0,"KREG": 1,"KWG": 16,"KWI": 2,"MDIMA": 16,"MDIMC": 8,"MWG": 32,"NDIMB": 32,"NDIMC": 8,"NWG": 64,"PRECISION": 32,"SA": 0,"SB": 1,"STRM": 1,"STRN": 0,"VWM": 2,"VWN": 1}
    },
    {
      "kernel": "Xgemm",
      "time": 39.904,
      "parameters": {"GEMMK": 0,"KREG": 1,"KWG": 16,"KWI": 2,"MDIMA": 32,"MDIMC": 8,"MWG": 128,"NDIMB": 8,"NDIMC": 8,"NWG": 64,"PRECISION": 32,"SA": 0,"SB": 1,"STRM": 0,"STRN": 0,"VWM": 2,"VWN": 4}
    },
    {
      "kernel": "Xgemm",
      "time": 19.827,
      "parameters": {"GEMMK": 0,"KREG": 1,"KWG": 32,"KWI": 2,"MDIMA": 32,"MDIMC": 16,"MWG": 128,"NDIMB": 32,"NDIMC": 8,"NWG": 128,"PRECISION": 32,"SA": 1,"SB": 1,"STRM": 1,"STRN": 1,"VWM": 2,"VWN": 2}
    },
    {
      "kernel": "Xgemm",
      "time": 9.065,
      "parameters": {"GEMMK": 0,"KREG": 1,"KWG": 32,"KWI": 2,"MDIMA": 16,"MDIMC": 16,"MWG": 128,"NDIMB": 8,"NDIMC": 8,"NWG": 64,"PRECISION": 32,"SA": 1,"SB": 1,"STRM": 0,"STRN": 1,"VWM": 8,"VWN": 4}
    },
    {
      "kernel": "Xgemm",
      "time": 47.133,
      "parameters": {"GEMMK": 0,"KREG": 1,"KWG": 16,"KWI": 2,"MDIMA": 16,"MDIMC": 16,"MWG": 16,"NDIMB": 32,"NDIMC": 8,"NWG": 32,"PRECISION": 32,"SA": 0,"SB": 1,"STRM": 0,"STRN": 1,"VWM": 1,"VWN": 1}
    },
    {
      "kernel": "Xgemm",
      "time": 17.928,
      "parameters": {"GEMMK": 0,"KREG": 1,"KWG": 32,"KWI": 2,"MDIMA": 16,"MDIMC": 16,"MWG": 32,"NDIMB": 16,"NDIMC": 16,"NWG": 128,"PRECISION": 32,"SA": 0,"SB": 1,"STRM": 0,"STRN": 1,"VWM": 1,"VWN": 8}
    },
    {
      "kernel": "Xgemm",
      "time": 12.034,
      "parameters": {"GEMMK": 0,"KREG": 1,"KWG": 32,"KWI": 2,"MDIMA": 8,"MDIMC": 16,"MWG": 64,"NDIMB": 32,"NDIMC": 16,"NWG": 128,"PRECISION": 32,"SA": 0,"SB": 1,"STRM": 0,"STRN": 0,"VWM": 2,"VWN": 2}
    },
    {
      "kernel": "Xgemm",
      "time": 53.324,
      "parameters": {"GEMMK": 0,"KREG": 1,"KWG": 32,"KWI": 2,"MDIMA": 8,"MDIMC": 8,"MWG": 128,"NDIMB": 8,"NDIMC": 16,"NWG": 64,"PRECISION": 32,"SA": 0,"SB": 1,"STRM": 0,"STRN": 1,"VWM": 1,"VWN": 2}
    },
    {
      "kernel": "Xgemm",
      "time": 22.905,
      "parameters": {"GEMMK": 0,"KREG": 1,"KWG": 16,"KWI": 2,"MDIMA": 32,"MDIMC": 8,"MWG": 128,"NDIMB": 16,"NDIMC": 8,"NWG": 32,"PRECISION": 32,"SA": 0,"SB": 0,"STRM": 1,"STRN": 1,"VWM": 1,"VWN": 2}
    },
    {
      "kernel": "Xgemm",
      "time": 27.278,
      "parameters": {"GEMMK": 0,"KREG": 1,"KWG": 32,"KWI": 2,"MDIMA": 8,"MDIMC": 8,"MWG": 32,"NDIMB": 16,"NDIMC": 16,"NWG": 64,"PRECISION": 32,"SA": 0,"SB": 1,"STRM": 0,"STRN": 1,"VWM": 2,"VWN": 1}
    },
    {
      "kernel": "Xgemm",
      "time": 18.667,
      "parameters": {"GEMMK": 0,"KREG": 1,"KWG": 32,"KWI": 2,"MDIMA": 32,"MDIMC": 32,"MWG": 64,"NDIMB": 32,"NDIMC": 32,"NWG": 128,"PRECISION": 32,"SA": 1,"SB": 1,"STRM": 1,"STRN": 0,"VWM": 2,"VWN": 1}
    },
    {
      "kernel": "Xgemm",
      "time": 13.953,
      "parameters": {"GEMMK": 0,"KREG": 1,"KWG": 32,"KWI": 2,"MDIMA": 32,"MDIMC": 32,"MWG": 128,"NDIMB": 32,"NDIMC": 8,"NWG": 64,"PRECISION": 32,"SA": 0,"SB": 1,"STRM": 0,"STRN": 1,"VWM": 2,"VWN": 1}
    },
    {
      "kernel": "Xgemm",
      "time": 42.609,
      "parameters": {"GEMMK": 0,"KREG": 1,"KWG": 32,"KWI": 2,"MDIMA": 32,"MDIMC": 8,"MWG": 32,"NDIMB": 16,"NDIMC": 8,"NWG": 128,"PRECISION": 32,"SA": 1,"SB": 1,"STRM": 1,"STRN": 0,"VWM": 1,"VWN": 1}
    },
    {
      "kernel": "Xgemm",
      "time": 7.379,
      "parameters": {"GEMMK": 0,"KREG": 1,"KWG": 32,"KWI": 2,"MDIMA": 16,"MDIMC": 16,"MWG": 64,"NDIMB": 32,"NDIMC": 8,"NWG": 64,"PRECISION": 32,"SA": 0,"SB": 1,"STRM": 0,"STRN": 0,"VWM": 4,"VWN": 1}
    },
    {
      "kernel": "Xgemm",
      "time": 96.309,
      "parameters": {"GEMMK": 0,"KREG": 1,"KWG": 32,"KWI": 2,"MDIMA": 16,"MDIMC": 8,"MWG": 32,"NDIMB": 8,"NDIMC": 16,"NWG": 16,"PRECISION": 32,"SA": 0,"SB": 0,"STRM": 1,"STRN": 1,"VWM": 2,"VWN": 1}
    },
    {
      "kernel": "Xgemm",
      "time": 18.871,
      "parameters": {"GEMMK": 0,"KREG": 1,"KWG": 16,"KWI": 2,"MDIMA": 8,"MDIMC": 8,"MWG": 32,"NDIMB": 8,"NDIMC": 8,"NWG": 64,"PRECISION": 32,"SA": 0,"SB": 0,"STRM": 1,"STRN": 0,"VWM": 2,"VWN": 1}
    },
    {
      "kernel": "Xgemm",
      "time": 30.820,
      "parameters": {"GEMMK": 0,"KREG": 1,"KWG": 32,"KWI": 2,"MDIMA": 16,"MDIMC": 8,"MWG": 32,"NDIMB": 8,"NDIMC": 8,"NWG": 128,"PRECISION": 32,"SA": 0,"SB": 1,"STRM": 1,"STRN": 0,"VWM": 1,"VWN": 1}
    },
    {
      "kernel": "Xgemm",
      "time": 13.409,
      "parameters": {"GEMMK": 0,"KREG": 1,"KWG": 16,"KWI": 2,"MDIMA": 8,"MDIMC": 8,"MWG": 32,"NDIMB": 32,"NDIMC": 8,"NWG": 64,"PRECISION": 32,"SA": 1,"SB": 0,"STRM": 0,"STRN": 0,"VWM": 1,"VWN": 1}
    },
    {
      "kernel": "Xgemm",
      "time": 24.906,
      "parameters": {"GEMMK": 0,"KREG": 1,"KWG": 16,"KWI": 2,"MDIMA": 16,"MDIMC": 16,"MWG": 128,"NDIMB": 16,"NDIMC": 16,"NWG": 32,"PRECISION": 32,"SA": 0,"SB": 1,"STRM": 1,"STRN": 1,"VWM": 8,"VWN": 2}
    },
    {
      "kernel": "Xgemm",
      "time": 32.401,
      "parameters": {"GEMMK": 0,"KREG": 1,"KWG": 16,"KWI": 2,"MDIMA": 16,"MDIMC": 8,"MWG": 128,"NDIMB": 16,"NDIMC": 16,"NWG": 64,"PRECISION": 32,"SA": 1,"SB": 1,"STRM": 1,"STRN": 1,"VWM": 1,"VWN": 1}
    },
    {
      "kernel": "Xgemm",
      "time": 24.320,
      "parameters": {"GEMMK": 0,"KREG": 1,"KWG": 16,"KWI": 2,"MDIMA": 16,"MDIMC": 16,"MWG": 64,"NDIMB": 8,"NDIMC": 8,"NWG": 128,"PRECISION": 32,"SA": 1,"SB": 0,"STRM": 1,"STRN": 1,"VWM": 2,"VWN": 8}
    },
    {
      "kernel": "Xgemm",
      "time": 28.000,
      "parameters": {"GEMMK": 0,"KREG": 1,"KWG": 32,"KWI": 2,"MDIMA": 32,"MDIMC": 8,"MWG": 128,"NDIMB": 16,"NDIMC": 32,"NWG": 128,"PRECISION": 32,"SA": 1,"SB": 0,"STRM": 0,"STRN": 0,"VWM": 1,"VWN": 2}
    },
    {
      "kernel": "Xgemm",
      "time": 64.144,
      "parameters": {"GEMMK": 0,"KREG": 1,"KWG": 16,"KWI": 2,"MDIMA": 16,"MDIMC": 8,"MWG": 16,"NDIMB": 8,"NDIMC": 8,"NWG": 16,"PRECISION": 32,"SA": 1,"SB": 0,"STRM": 0,"STRN": 1,"VWM": 1,"VWN": 1}
    },
    {
      "kernel": "Xgemm",
      "time": 63.215,
      "parameters": {"GEMMK": 0,"KREG": 1,"KWG": 16,"KWI": 2,"MDIMA": 8,"MDIMC": 16,"MWG": 32,"NDIMB": 8,"NDIMC": 8,"NWG": 128,"PRECISION": 32,"SA": 0,"SB": 0,"STRM": 0,"STRN": 1,"VWM": 2,"VWN": 1}
    },
    {
      "kernel": "Xgemm",
      "time": 43.630,
      "parameters": {"GEMMK": 0,"KREG": 1,"KWG": 32,"KWI": 2,"MDIMA": 8,"MDIMC": 8,"MWG": 32,"NDIMB": 8,"NDIMC": 16,"NWG": 32,"PRECISION": 32,"SA": 0,"SB": 0,"STRM": 0,"STRN": 1,"VWM": 4,"VWN": 1}
    },
    {
      "kernel": "Xgemm",
      "time": 8.963,
      "parameters": {"GEMMK": 0,"KREG": 1,"KWG": 32,"KWI": 2,"MDIMA": 16,"MDIMC": 16,"MWG": 128,"NDIMB": 16,"NDIMC": 16,"NWG": 128,"PRECISION": 32,"SA": 0,"SB": 0,"STRM": 0,"STRN": 1,"VWM": 4,"VWN": 8}
    },
    {
      "kernel": "Xgemm",
      "time": 15.613,
      "parameters": {"GEMMK": 0,"KREG": 1,"KWG": 16,"KWI": 2,"MDIMA": 32,"MDIMC": 32,"MWG": 128,"NDIMB": 16,"NDIMC": 8,"NWG": 128,"PRECISION": 32,"SA": 0,"SB": 0,"STRM": 1,"STRN": 0,"VWM": 2,"VWN": 1}
    },
    {
      "kernel": "Xgemm",
      "time": 16.224,
      "parameters": {"GEMMK": 0,"KREG": 1,"KWG": 16,"KWI": 2,"MDIMA": 16,"MDIMC": 8,"MWG": 64,"NDIMB": 16,"NDIMC": 8,"NWG": 64,"PRECISION": 32,"SA": 0,"SB": 0,"STRM": 0,"STRN": 1,"VWM": 2,"VWN": 2}
    },
    {
      "kernel": "Xgemm",
      "time": 19.203,
      "parameters": {"GEMMK": 0,"KREG": 1,"KWG": 32,"KWI": 2,"MDIMA": 32,"MDIMC": 32,"MWG": 128,"NDIMB": 8,"NDIMC": 8,"NWG": 32,"PRECISION": 32,"SA": 0,"SB": 0,"STRM": 0,"STRN": 0,"VWM": 2,"VWN": 2}
    },
    {
      "kernel": "Xgemm",
      "time": 24.099,
      "parameters": {"GEMMK": 0,"KREG": 1,"KWG": 16,"KWI": 2,"MDIMA": 32,"MDIMC": 16,"MWG": 128,"NDIMB": 16,"NDIMC": 16,"NWG": 16,"PRECISION": 32,"SA": 0,"SB": 0,"STRM": 1,"STRN": 1,"VWM": 2,"VWN": 1}
    },
    {
      "kernel": "Xgemm",
      "time": 12.748,
      "parameters": {"GEMMK": 0,"KREG": 1,"KWG": 32,"KWI": 2,"MDIMA": 16,"MDIMC": 16,"MWG": 128,"NDIMB": 8,"NDIMC": 16,"NWG": 64,"PRECISION": 32,"SA": 1,"SB": 1,"STRM": 0,"STRN": 1,"VWM": 8,"VWN": 1}
    },
    {
      "kernel": "Xgemm",
      "time": 7.106,
      "parameters": {"GEMMK": 0,"KREG": 1,"KWG": 32,"KWI": 2,"MDIMA": 16,"MDIMC": 16,"MWG": 64,"NDIMB": 16,"NDIMC": 16,"NWG": 128,"PRECISION": 32,"SA": 0,"SB": 1,"STRM": 0,"STRN": 1,"VWM": 4,"VWN": 8}
    },
    {
      "kernel": "Xgemm",
      "time": 16.450,
      "parameters": {"GEMMK": 0,"KREG": 1,"KWG": 32,"KWI": 2,"MDIMA": 32,"MDIMC": 16,"MWG": 64,"NDIMB": 16,"NDIMC": 8,"NWG": 64,"PRECISION": 32,"SA": 1,"SB": 1,"STRM": 1,"STRN": 1,"VWM": 1,"VWN": 1}
    },
    {
      "kernel": "Xgemm",
      "time": 44.957,
      "parameters": {"GEMMK": 0,"KREG": 1,"KWG": 32,"KWI": 2,"MDIMA": 32,"MDIMC": 8,"MWG": 32,"NDIMB": 8,"NDIMC": 16,"NWG": 64,"PRECISION": 32,"SA": 0,"SB": 0,"STRM": 0,"STRN": 0,"VWM": 1,"VWN": 1}
    },
    {
      "kernel": "Xgemm",
      "time": 21.651,
      "parameters": {"GEMMK": 0,"KREG": 1,"KWG": 16,"KWI": 2,"MDIMA": 32,"MDIMC": 16,"MWG": 128,"NDIMB": 32,"NDIMC": 32,"NWG": 128,"PRECISION": 32,"SA": 1,"SB": 0,"STRM": 0,"STRN": 0,"VWM": 2,"VWN": 1}
    },
    {
      "kernel": "Xgemm",
      "time": 23.694,
      "parameters": {"GEMMK": 0,"KREG": 1,"KWG": 16,"KWI": 2,"MDIMA": 16,"MDIMC": 16,"MWG": 64,"NDIMB": 32,"NDIMC": 8,"NWG": 128,"PRECISION": 32,"SA": 1,"SB": 0,"STRM": 0,"STRN": 0,"VWM": 2,"VWN": 4}
    },
    {
      "kernel": "Xgemm",
      "time": 41.605,
      "parameters": {"GEMMK": 0,"KREG": 1,"KWG": 32,"KWI": 2,"MDIMA": 16,"MDIMC": 16,"MWG": 128,"NDIMB": 16,"NDIMC": 16,"NWG": 64,"PRECISION": 32,"SA": 0,"SB": 1,"STRM": 0,"STRN": 0,"VWM": 1,"VWN": 1}
    },
    {
      "kernel": "Xgemm",
      "time": 15.967,
      "parameters": {"GEMMK": 0,"KREG": 1,"KWG": 32,"KWI": 2,"MDIMA": 16,"MDIMC": 8,"MWG": 128,"NDIMB": 8,"NDIMC": 32,"NWG": 128,"PRECISION": 32,"SA": 0,"SB": 0,"STRM": 0,"STRN": 1,"VWM": 4,"VWN": 1}
    },
    {
      "kernel": "Xgemm",
      "time": 17.434,
      "parameters": {"GEMMK": 0,"KREG": 1,"KWG": 32,"KWI": 2,"MDIMA": 16,"MDIMC": 8,"MWG": 32,"NDIMB": 32,"NDIMC": 16,"NWG": 128,"PRECISION": 32,"SA": 0,"SB": 1,"STRM": 1,"STRN": 1,"VWM": 1,"VWN": 1}
    },
    {
      "kernel": "Xgemm",
      "time": 33.776,
      "parameters": {"GEMMK": 0,"KREG": 1,"KWG": 32,"KWI": 2,"MDIMA": 8,"MDIMC": 16,"MWG": 128,"NDIMB": 8,"NDIMC": 16,"NWG": 16,"PRECISION": 32,"SA": 0,"SB": 1,"STRM": 1,"STRN": 1,"VWM": 1,"VWN": 1}
    },
    {
      "kernel": "Xgemm",
      "time": 29.504,
      "parameters": {"GEMMK": 0,"KREG": 1,"KWG": 16,"KWI": 2,"MDIMA": 16,"MDIMC": 16,"MWG": 32,"NDIMB": 32,"NDIMC": 16,"NWG": 32,"PRECISION": 32,"SA": 0,"SB": 0,"STRM": 1,"STRN": 1,"VWM": 1,"VWN": 1}
    },
    {
      "kernel": "Xgemm",
      "time": 32.625,
      "parameters": {"GEMMK": 0,"KREG": 1,"KWG": 32,"KWI": 2,"MDIMA": 16,"MDIMC": 8,"MWG": 128,"NDIMB": 32,"NDIMC": 32,"NWG": 64,"PRECISION": 32,"SA": 0,"SB": 0,"STRM": 1,"STRN": 1,"VWM": 8,"VWN": 2}
    },
    {
      "kernel": "Xgemm",
      "time": 10.355,
      "parameters": {"GEMMK": 0,"KREG": 1,"KWG": 16,"KWI": 2,"MDIMA": 8,"MDIMC": 16,"MWG": 32,"NDIMB": 32,"NDIMC": 8,"NWG": 128,"PRECISION": 32,"SA": 1,"SB": 1,"STRM": 0,"STRN": 1,"VWM": 1,"VWN": 4}
    },
    {
      "kernel": "Xgemm",
      "time": 44.105,
      "parameters": {"GEMMK": 0,"KREG": 1,"KWG": 16,"KWI": 2,"MDIMA": 8,"MDIMC": 16,"MWG": 128,"NDIMB": 32,"NDIMC": 8,"NWG": 128,"PRECISION": 32,"SA": 1,"SB": 1,"STRM": 1,"STRN": 0,"VWM": 1,"VWN": 2}
    },
    {
      "kernel": "Xgemm",
      "time": 145.585,
      "parameters": {"GEMMK": 0,"KREG": 1,"KWG": 16,"KWI": 2,"MDIMA": 8,"MDIMC": 16,"MWG": 64,"NDIMB": 16,"NDIMC": 8,"NWG": 128,"PRECISION": 32,"SA": 0,"SB": 0,"STRM": 1,"STRN": 1,"VWM": 4,"VWN": 1}
    },
    {
      "kernel": "Xgemm",
      "time": 36.260,
      "parameters": {"GEMMK": 0,"KREG": 1,"KWG": 16,"KWI": 2,"MDIMA": 16,"MDIMC": 16,"MWG": 64,"NDIMB": 8,"NDIMC": 8,"NWG": 128,"PRECISION": 32,"SA": 0,"SB": 1,"STRM": 1,"STRN": 1,"VWM": 1,"VWN": 8}
    },
    {
      "kernel": "Xgemm",
      "time": 9.554,
      "parameters": {"GEMMK": 0,"KREG": 1,"KWG": 32,"KWI": 2,"MDIMA": 16,"MDIMC": 16,"MWG": 128,"NDIMB": 32,"NDIMC": 16,"NWG": 64,"PRECISION": 32,"SA": 1,"SB": 0,"STRM": 1,"STRN": 1,"VWM": 2,"VWN": 1}
    },
    {
      "kernel": "Xgemm",
      "time": 12.175,
      "parameters": {"GEMMK": 0,"KREG": 1,"KWG": 32,"KWI": 2,"MDIMA": 8,"MDIMC": 16,"MWG": 32,"NDIMB": 32,"NDIMC": 8,"NWG": 64,"PRECISION": 32,"SA": 0,"SB": 1,"STRM": 1,"STRN": 0,"VWM": 2,"VWN": 1}
    },
    {
      "kernel": "Xgemm",
      "time": 32.011,
      "parameters": {"GEMMK": 0,"KREG": 1,"KWG": 16,"KWI": 2,"MDIMA": 8,"MDIMC": 8,"MWG": 128,"NDIMB": 16,"NDIMC": 16,"NWG": 128,"PRECISION": 32,"SA": 1,"SB": 0,"STRM": 1,"STRN": 0,"VWM": 2,"VWN": 2}
    },
    {
      "kernel": "Xgemm",
      "time": 70.918,
      "parameters": {"GEMMK": 0,"KREG": 1,"KWG": 16,"KWI": 2,"MDIMA": 16,"MDIMC": 16,"MWG": 16,"NDIMB": 16,"NDIMC": 16,"NWG": 64,"PRECISION": 32,"SA": 1,"SB": 0,"STRM": 0,"STRN": 0,"VWM": 1,"VWN": 1}
    },
    {
      "kernel": "Xgemm",
      "time": 9.791,
      "parameters": {"GEMMK": 0,"KREG": 1,"KWG": 32,"KWI": 2,"MDIMA": 16,"MDIMC": 32,"MWG": 128,"NDIMB": 8,"NDIMC": 8,"NWG": 64,"PRECISION": 32,"SA": 1,"SB": 1,"STRM": 0,"STRN": 0,"VWM": 4,"VWN": 2}
    },
    {
      "kernel": "Xgemm",
      "time": 22.223,
      "parameters": {"GEMMK": 0,"KREG": 1,"KWG": 32,"KWI": 2,"MDIMA": 16,"MDIMC": 8,"MWG": 128,"NDIMB": 16,"NDIMC": 8,"NWG": 64,"PRECISION": 32,"SA": 1,"SB": 1,"STRM": 1,"STRN": 1,"VWM": 4,"VWN": 1}
    },
    {
      "kernel": "Xgemm",
      "time": 25.033,
      "parameters": {"GEMMK": 0,"KREG": 1,"KWG": 16,"KWI": 2,"MDIMA": 8,"MDIMC": 8,"MWG": 128,"NDIMB": 32,"NDIMC": 16,"NWG": 128,"PRECISION": 32,"SA": 0,"SB": 1,"STRM": 1,"STRN": 1,"VWM": 4,"VWN": 2}
    },
    {
      "kernel": "Xgemm",
      "time": 24.570,
      "parameters": {"GEMMK": 0,"KREG": 1,"KWG": 32,"KWI": 2,"MDIMA": 32,"MDIMC": 8,"MWG": 128,"NDIMB": 16,"NDIMC": 8,"NWG": 64,"PRECISION": 32,"SA": 1,"SB": 1,"STRM": 0,"STRN": 0,"VWM": 4,"VWN": 4}
    },
    {
      "kernel": "Xgemm",
      "time": 31.779,
      "parameters": {"GEMMK": 0,"KREG": 1,"KWG": 32,"KWI": 2,"MDIMA": 8,"MDIMC": 16,"MWG": 128,"NDIMB": 16,"NDIMC": 8,"NWG": 128,"PRECISION": 32,"SA": 0,"SB": 0,"STRM": 1,"STRN": 0,"VWM": 8,"VWN": 2}
    },
    {
      "kernel": "Xgemm",
      "time": 25.751,
      "parameters": {"GEMMK": 0,"KREG": 1,"KWG": 16,"KWI": 2,"MDIMA": 8,"MDIMC": 8,"MWG": 32,"NDIMB": 32,"NDIMC": 8,"NWG": 32,"PRECISION": 32,"SA": 0,"SB": 1,"STRM": 1,"STRN": 1,"VWM": 4,"VWN": 1}
    },
    {
      "kernel": "Xgemm",
      "time": 28.769,
      "parameters": {"GEMMK": 0,"KREG": 1,"KWG": 16,"KWI": 2,"MDIMA": 8,"MDIMC": 8,"MWG": 32,"NDIMB": 16,"NDIMC": 8,"NWG": 16,"PRECISION": 32,"SA": 1,"SB": 0,"STRM": 0,"STRN": 0,"VWM": 2,"VWN": 1}
    },
    {
      "kernel": "Xgemm",
      "time": 10.110,
      "parameters": {"GEMMK": 0,"KREG": 1,"KWG": 16,"KWI": 2,"MDIMA": 8,"MDIMC": 16,"MWG": 32,"NDIMB": 16,"NDIMC": 8,"NWG": 128,"PRECISION": 32,"SA": 0,"SB": 1,"STRM": 1,"STRN": 0,"VWM": 2,"VWN": 8}
    },
    {
      "kernel": "Xgemm",
      "time": 18.336,
      "parameters": {"GEMMK": 0,"KREG": 1,"KWG": 32,"KWI": 2,"MDIMA": 32,"MDIMC": 8,"MWG": 64,"NDIMB": 32,"NDIMC": 16,"NWG": 32,"PRECISION": 32,"SA": 1,"SB": 0,"STRM": 0,"STRN": 1,"VWM": 1,"VWN": 1}
    },
    {
      "kernel": "Xgemm",
      "time": 96.200,
      "parameters": {"GEMMK": 0,"KREG": 1,"KWG": 32,"KWI": 2,"MDIMA": 8,"MDIMC": 8,"MWG": 64,"NDIMB": 16,"NDIMC": 16,"NWG": 16,"PRECISION": 32,"SA": 0,"SB": 0,"STRM": 1,"STRN": 0,"VWM": 2,"VWN": 1}
    },
    {
      "kernel": "Xgemm",
      "time": 8.554,
      "parameters": {"GEMMK": 0,"KREG": 1,"KWG": 32,"KWI": 2,"MDIMA": 8,"MDIMC": 32,"MWG": 64,"NDIMB": 16,"NDIMC": 8,"NWG": 128,"PRECISION": 32,"SA": 0,"SB": 0,"STRM": 1,"STRN": 0,"VWM": 2,"VWN": 4}
    },
    {
      "kernel": "Xgemm",
      "time": 18.694,
      "parameters": {"GEMMK": 0,"KREG": 1,"KWG": 32,"KWI": 2,"MDIMA": 16,"MDIMC": 8,"MWG": 16,"NDIMB": 8,"NDIMC": 16,"NWG": 128,"PRECISION": 32,"SA": 1,"SB": 1,"STRM": 1,"STRN": 1,"VWM": 1,"VWN": 8}
    },
    {
      "kernel": "Xgemm",
      "time": 11.631,
      "parameters": {"GEMMK": 0,"KREG": 1,"KWG": 32,"KWI": 2,"MDIMA": 8,"MDIMC": 8,"MWG": 32,"NDIMB": 32,"NDIMC": 16,"NWG": 128,"PRECISION": 32,"SA": 1,"SB": 1,"STRM": 0,"STRN": 0,"VWM": 2,"VWN": 4}
    },
    {
      "kernel": "Xgemm",
      "time": 39.044,
      "parameters": {"GEMMK": 0,"KREG": 1,"KWG": 32,"KWI": 2,"MDIMA": 8,"MDIMC": 8,"MWG": 32,"NDIMB": 16,"NDIMC": 8,"NWG": 128,"PRECISION": 32,"SA": 1,"SB": 1,"STRM": 0,"STRN": 1,"VWM": 4,"VWN": 1}
    },
    {
      "kernel": "Xgemm",
      "time": 13.209,
      "parameters": {"GEMMK": 0,"KREG": 1,"KWG": 32,"KWI": 2,"MDIMA": 32,"MDIMC": 32,"MWG": 64,"NDIMB": 32,"NDIMC": 8,"NWG": 128,"PRECISION": 32,"SA": 1,"SB": 1,"STRM": 0,"STRN": 1,"VWM": 1,"VWN": 2}
    },
    {
      "kernel": "Xgemm",
      "time": 90.457,
      "parameters": {"GEMMK": 0,"KREG": 1,"KWG": 32,"KWI": 2,"MDIMA": 8,"MDIMC": 32,"MWG": 32,"NDIMB": 8,"NDIMC": 8,"NWG": 32,"PRECISION": 32,"SA": 0,"SB": 0,"STRM": 0,"STRN": 0,"VWM": 1,"VWN": 1}
    },
    {
      "kernel": "Xgemm",
      "time": 18.959,
      "parameters": {"GEMMK": 0,"KREG": 1,"KWG": 16,"KWI": 2,"MDIMA": 8,"MDIMC": 8,"MWG": 16,"NDIMB": 16,"NDIMC": 8,"NWG": 64,"PRECISION": 32,"SA": 1,"SB": 1,"STRM": 1,"STRN": 0,"VWM": 2,"VWN": 2}
    },
    {
      "kernel": "Xgemm",
      "time": 21.262,
      "parameters": {"GEMMK": 0,"KREG": 1,"KWG": 32,"KWI": 2,"MDIMA": 16,"MDIMC": 8,"MWG": 64,"NDIMB": 8,"NDIMC": 16,"NWG": 128,"PRECISION": 32,"SA": 1,"SB": 1,"STRM": 1,"STRN": 1,"VWM": 2,"VWN": 1}
    },
    {
      "kernel": "Xgemm",
      "time": 29.592,
      "parameters": {"GEMMK": 0,"KREG": 1,"KWG": 16,"KWI": 2,"MDIMA": 16,"MDIMC": 8,"MWG": 32,"NDIMB": 8,"NDIMC": 16,"NWG": 64,"PRECISION": 32,"SA": 0,"SB": 1,"STRM": 0,"STRN": 1,"VWM": 2,"VWN": 1}
    },
    {
      "kernel": "Xgemm",
      "time": 31.528,
      "parameters": {"GEMMK": 0,"KREG": 1,"KWG": 16,"KWI": 2,"MDIMA": 16,"MDIMC": 8,"MWG": 64,"NDIMB": 8,"NDIMC": 16,"NWG": 128,"PRECISION": 32,"SA": 1,"SB": 0,"STRM": 1,"STRN": 0,"VWM": 1,"VWN": 1}
    },
    {
      "kernel": "Xgemm",
      "time": 9.252,
      "parameters": {"GEMMK": 0,"KREG": 1,"KWG": 32,"KWI": 2,"MDIMA": 8,"MDIMC": 8,"MWG": 16,"NDIMB": 16,"NDIMC": 16,"NWG": 128,"PRECISION": 32,"SA": 1,"SB": 0,"STRM": 0,"STRN": 1,"VWM": 2,"VWN": 4}
    },
    {
      "kernel": "Xgemm",
      "time": 18.072,
      "parameters": {"GEMMK": 0,"KREG": 1,"KWG": 32,"KWI": 2,"MDIMA": 8,"MDIMC": 16,"MWG": 128,"NDIMB": 8,"NDIMC": 8,"NWG": 64,"PRECISION": 32,"SA": 0,"SB": 0,"STRM": 0,"STRN": 0,"VWM": 2,"VWN": 1}
    },
    {
      "kernel": "Xgemm",
      "time": 17.827,
      "parameters": {"GEMMK": 0,"KREG": 1,"KWG": 32,"KWI": 2,"MDIMA": 16,"MDIMC": 8,"MWG": 64,"NDIMB": 16,"NDIMC": 32,"NWG": 128,"PRECISION": 32,"SA": 0,"SB": 1,"STRM": 1,"STRN": 0,"VWM": 2,"VWN": 2}
    },
    {
      "kernel": "Xgemm",
      "time": 20.008,
      "parameters": {"GEMMK": 0,"KREG": 1,"KWG": 32,"KWI": 2,"MDIMA": 32,"MDIMC": 8,"MWG": 64,"NDIMB": 32,"NDIMC": 8,"NWG": 32,"PRECISION": 32,"SA": 1,"SB": 0,"STRM": 1,"STRN": 0,"VWM": 1,"VWN": 1}
    },
    {
      "kernel": "Xgemm",
      "time": 16.150,
      "parameters": {"GEMMK": 0,"KREG": 1,"KWG": 16,"KWI": 2,"MDIMA": 8,"MDIMC": 8,"MWG": 32,"NDIMB": 16,"NDIMC": 16,"NWG": 64,"PRECISION": 32,"SA": 1,"SB": 1,"STRM": 1,"STRN": 0,"VWM": 1,"VWN": 4}
    },
    {
      "kernel": "Xgemm",
      "time": 21.830,
      "parameters": {"GEMMK": 0,"KREG": 1,"KWG": 32,"KWI": 2,"MDIMA": 8,"MDIMC": 16,"MWG": 64,"NDIMB": 16,"NDIMC": 16,"NWG": 32,"PRECISION": 32,"SA": 0,"SB": 1,"STRM": 1,"STRN": 0,"VWM": 1,"VWN": 2}
    },
    {
      "kernel": "Xgemm",
      "time": 9.251,
      "parameters": {"GEMMK": 0,"KREG": 1,"KWG": 32,"KWI": 2,"MDIMA": 32,"MDIMC": 8,"MWG": 32,"NDIMB": 16,"NDIMC": 32,"NWG": 128,"PRECISION": 32,"SA": 1,"SB": 0,"STRM": 0,"STRN": 0,"VWM": 1,"VWN": 4}
    },
    {
      "kernel": "Xgemm",
      "time": 14.792,
      "parameters": {"GEMMK": 0,"KREG": 1,"KWG": 32,"KWI": 2,"MDIMA": 32,"MDIMC": 16,"MWG": 64,"NDIMB": 16,"NDIMC": 32,"NWG": 128,"PRECISION": 32,"SA": 0,"SB": 0,"STRM": 1,"STRN": 0,"VWM": 2,"VWN": 2}
    },
    {
      "kernel": "Xgemm",
      "time": 18.818,
      "parameters": {"GEMMK": 0,"KREG": 1,"KWG": 32,"KWI": 2,"MDIMA": 8,"MDIMC": 8,"MWG": 32,"NDIMB": 32,"NDIMC": 32,"NWG": 64,"PRECISION": 32,"SA": 1,"SB": 1,"STRM": 1,"STRN": 1,"VWM": 2,"VWN": 2}
    },
    {
      "kernel": "Xgemm",
      "time": 20.542,
      "parameters": {"GEMMK": 0,"KREG": 1,"KWG": 32,"KWI": 2,"MDIMA": 32,"MDIMC": 32,"MWG": 64,"NDIMB": 16,"NDIMC": 16,"NWG": 64,"PRECISION": 32,"SA": 1,"SB": 0,"STRM": 0,"STRN": 1,"VWM": 1,"VWN": 2}
    },
    {
      "kernel": "Xgemm",
      "time": 23.163,
      "parameters": {"GEMMK": 0,"KREG": 1,"KWG": 16,"KWI": 2,"MDIMA": 16,"MDIMC": 8,"MWG": 128,"NDIMB": 32,"NDIMC": 32,"NWG": 64,"PRECISION": 32,"SA": 1,"SB": 1,"STRM": 0,"STRN": 1,"VWM": 8,"VWN": 1}
    },
    {
      "kernel": "Xgemm",
      "time": 6.863,
      "parameters": {"GEMMK": 0,"KREG": 1,"KWG": 32,"KWI": 2,"MDIMA": 16,"MDIMC": 32,"MWG": 128,"NDIMB": 8,"NDIMC": 8,"NWG": 128,"PRECISION": 32,"SA": 1,"SB": 0,"STRM": 1,"STRN": 0,"VWM": 4,"VWN": 8}
    },
    {
      "kernel": "Xgemm",
      "time": 18.766,
      "parameters": {"GEMMK": 0,"KREG": 1,"KWG": 32,"KWI": 2,"MDIMA": 8,"MDIMC": 8,"MWG": 16,"NDIMB": 8,"NDIMC": 16,"NWG": 128,"PRECISION": 32,"SA": 1,"SB": 1,"STRM": 0,"STRN": 0,"VWM": 2,"VWN": 4}
    },
    {
      "kernel": "Xgemm",
      "time": 26.098,
      "parameters": {"GEMMK": 0,"KREG": 1,"KWG": 16,"KWI": 2,"MDIMA": 16,"MDIMC": 16,"MWG": 32,"NDIMB": 16,"NDIMC": 16,"NWG": 64,"PRECISION": 32,"SA": 1,"SB": 0,"STRM": 1,"STRN": 1,"VWM": 2,"VWN": 1}
    },
    {
      "kernel": "Xgemm",
      "time": 20.767,
      "parameters": {"GEMMK": 0,"KREG": 1,"KWG": 16,"KWI": 2,"MDIMA": 32,"MDIMC": 8,"MWG": 128,"NDIMB": 16,"NDIMC": 16,"NWG": 64,"PRECISION": 32,"SA": 0,"SB": 0,"STRM": 1,"STRN": 1,"VWM": 1,"VWN": 2}
    },
    {
      "kernel": "Xgemm",
      "time": 23.633,
      "parameters": {"GEMMK": 0,"KREG": 1,"KWG": 32,"KWI": 2,"MDIMA": 16,"MDIMC": 8,"MWG": 32,"NDIMB": 8,"NDIMC": 8,"NWG": 64,"PRECISION": 32,"SA": 0,"SB": 1,"STRM": 0,"STRN": 1,"VWM": 1,"VWN": 4}
    },
    {
      "kernel": "Xgemm",
      "time": 21.261,
      "parameters": {"GEMMK": 0,"KREG": 1,"KWG": 32,"KWI": 2,"MDIMA": 32,"MDIMC": 16,"MWG": 64,"NDIMB": 16,"NDIMC": 32,"NWG": 64,"PRECISION": 32,"SA": 1,"SB": 0,"STRM": 0,"STRN": 1,"VWM": 1,"VWN": 1}
    },
    {
      "kernel": "Xgemm",
      "time": 30.628,
      "parameters": {"GEMMK": 0,"KREG": 1,"KWG": 32,"KWI": 2,"MDIMA": 8,"MDIMC": 8,"MWG": 128,"NDIMB": 16,"NDIMC": 16,"NWG": 64,"PRECISION": 32,"SA": 1,"SB": 0,"STRM": 0,"STRN": 1,"VWM": 2,"VWN": 2}
    },
    {
      "kernel": "Xgemm",
      "time": 30.172,
      "parameters": {"GEMMK": 0,"KREG": 1,"KWG": 16,"KWI": 2,"MDIMA": 16,"MDIMC": 8,"MWG": 16,"NDIMB": 8,"NDIMC": 8,"NWG": 32,"PRECISION": 32,"SA": 1,"SB": 1,"STRM": 0,"STRN": 1,"VWM": 1,"VWN": 4}
    },
    {
      "kernel": "Xgemm",
      "time": 17.000,
      "parameters": {"GEMMK": 0,"KREG": 1,"KWG": 32,"KWI": 2,"MDIMA": 8,"MDIMC": 8,"MWG": 32,"NDIMB": 16,"NDIMC": 8,"NWG": 64,"PRECISION": 32,"SA": 0,"SB": 0,"STRM": 0,"STRN": 0,"VWM": 2,"VWN": 2}
    },
    {
      "kernel": "Xgemm",
      "time": 53.221,
      "parameters": {"GEMMK": 0,"KREG": 1,"KWG": 32,"KWI": 2,"MDIMA": 32,"MDIMC": 8,"MWG": 128,"NDIMB": 8,"NDIMC": 16,"NWG": 64,"PRECISION": 32,"SA": 0,"SB": 1,"STRM": 0,"STRN": 1,"VWM": 1,"VWN": 2}
    },
    {
      "kernel": "Xgemm",
      "time": 26.418,
      "parameters": {"GEMMK": 0,"KREG": 1,"KWG": 32,"KWI": 2,"MDIMA": 32,"MDIMC": 32,"MWG": 64,"NDIMB": 8,"NDIMC": 8,"NWG": 16,"PRECISION": 32,"SA": 0,"SB": 1,"STRM": 1,"STRN": 1,"VWM": 2,"VWN": 2}
    },
    {
      "kernel": "Xgemm",
      "time": 17.053,
      "parameters": {"GEMMK": 0,"KREG": 1,"KWG": 16,"KWI": 2,"MDIMA": 32,"MDIMC": 16,"MWG": 64,"NDIMB": 16,"NDIMC": 16,"NWG": 64,"PRECISION": 32,"SA": 1,"SB": 1,"STRM": 1,"STRN": 1,"VWM": 1,"VWN": 2}
    },
    {
      "kernel": "Xgemm",
      "time": 34.226,
      "parameters": {"GEMMK": 0,"KREG": 1,"KWG": 16,"KWI": 2,"MDIMA": 32,"MDIMC": 16,"MWG": 32,"NDIMB": 8,"NDIMC": 8,"NWG": 32,"PRECISION": 32,"SA": 0,"SB": 0,"STRM": 0,"STRN": 1,"VWM": 1,"VWN": 4}
    },
    {
      "kernel": "Xgemm",
      "time": 26.508,
      "parameters": {"GEMMK": 0,"KREG": 1,"KWG": 32,"KWI": 2,"MDIMA": 8,"MDIMC": 8,"MWG": 64,"NDIMB": 32,"NDIMC": 16,"NWG": 32,"PRECISION": 32,"SA": 0,"SB": 1,"STRM": 1,"STRN": 1,"VWM": 4,"VWN": 1}
    },
    {
      "kernel": "Xgemm",
      "time": 11.497,
      "parameters": {"GEMMK": 0,"KREG": 1,"KWG": 16,"KWI": 2,"MDIMA": 16,"MDIMC": 8,"MWG": 64,"NDIMB": 16,"NDIMC": 16,"NWG": 64,"PRECISION": 32,"SA": 1,"SB": 0,"STRM": 1,"STRN": 1,"VWM": 1,"VWN": 2}
    },
    {
      "kernel": "Xgemm",
      "time": 19.921,
      "parameters": {"GEMMK": 0,"KREG": 1,"KWG": 16,"KWI": 2,"MDIMA": 8,"MDIMC": 8,"MWG": 128,"NDIMB": 16,"NDIMC": 8,"NWG": 32,"PRECISION": 32,"SA": 0,"SB": 0,"STRM": 1,"STRN": 0,"VWM": 8,"VWN": 1}
    },
    {
      "kernel": "Xgemm",
      "time": 26.530,
      "parameters": {"GEMMK": 0,"KREG": 1,"KWG": 16,"KWI": 2,"MDIMA": 16,"MDIMC": 16,"MWG": 128,"NDIMB": 16,"NDIMC": 8,"NWG": 64,"PRECISION": 32,"SA": 0,"SB": 1,"STRM": 1,"STRN": 0,"VWM": 2,"VWN": 1}
    },
    {
      "kernel": "Xgemm",
      "time": 14.479,
      "parameters": {"GEMMK": 0,"KREG": 1,"KWG": 32,"KWI": 2,"MDIMA": 8,"MDIMC": 32,"MWG": 128,"NDIMB": 8,"NDIMC": 8,"NWG": 32,"PRECISION": 32,"SA": 1,"SB": 1,"STRM": 0,"STRN": 0,"VWM": 4,"VWN": 2}
    },
    {
      "kernel": "Xgemm",
      "time": 12.516,
      "parameters": {"GEMMK": 0,"KREG": 1,"KWG": 32,"KWI": 2,"MDIMA": 16,"MDIMC": 16,"MWG": 128,"NDIMB": 8,"NDIMC": 16,"NWG": 64,"PRECISION": 32,"SA": 1,"SB": 1,"STRM": 0,"STRN": 1,"VWM": 4,"VWN": 1}
    },
    {
      "kernel": "Xgemm",
      "time": 104.547,
      "parameters": {"GEMMK": 0,"KREG": 1,"KWG": 32,"KWI": 2,"MDIMA": 32,"MDIMC": 8,"MWG": 64,"NDIMB": 8,"NDIMC": 16,"NWG": 16,"PRECISION": 32,"SA": 0,"SB": 0,"STRM": 0,"STRN": 0,"VWM": 2,"VWN": 1}
    },
    {
      "kernel": "Xgemm",
      "time": 21.137,
      "parameters": {"GEMMK": 0,"KREG": 1,"KWG": 16,"KWI": 2,"MDIMA": 32,"MDIMC": 8,"MWG": 64,"NDIMB": 32,"NDIMC": 32,"NWG": 64,"PRECISION": 32,"SA": 1,"SB": 1,"STRM": 0,"STRN": 1,"VWM": 1,"VWN": 1}
    },
    {
      "kernel": "Xgemm",
      "time": 657.655,
      "parameters": {"GEMMK": 0,"KREG": 1,"KWG": 16,"KWI": 2,"MDIMA": 16,"MDIMC": 8,"MWG": 128,"NDIMB": 16,"NDIMC": 8,"NWG": 128,"PRECISION": 32,"SA": 1,"SB": 0,"STRM": 1,"STRN": 0,"VWM": 2,"VWN": 1}
    },
    {
      "kernel": "Xgemm",
      "time": 31.727,
      "parameters": {"GEMMK": 0,"KREG": 1,"KWG": 16,"KWI": 2,"MDIMA": 32,"MDIMC": 8,"MWG": 64,"NDIMB": 8,"NDIMC": 16,"NWG": 128,"PRECISION": 32,"SA": 1,"SB": 1,"STRM": 0,"STRN": 1,"VWM": 1,"VWN": 1}
    },
    {
      "kernel": "Xgemm",
      "time": 10.102,
      "parameters": {"GEMMK": 0,"KREG": 1,"KWG": 32,"KWI": 2,"MDIMA": 32,"MDIMC": 32,"MWG": 128,"NDIMB": 8,"NDIMC": 8,"NWG": 128,"PRECISION": 32,"SA": 0,"SB": 0,"STRM": 0,"STRN": 1,"VWM": 2,"VWN": 8}
    },
    {
      "kernel": "Xgemm",
      "time": 20.076,
      "parameters": {"GEMMK": 0,"KREG": 1,"KWG": 32,"KWI": 2,"MDIMA": 16,"MDIMC": 32,"MWG": 128,"NDIMB": 32,"NDIMC": 16,"NWG": 32,"PRECISION": 32,"SA": 0,"SB": 1,"STRM": 1,"STRN": 0,"VWM": 2,"VWN": 1}
    },
    {
      "kernel": "Xgemm",
      "time": 18.273,
      "parameters": {"GEMMK": 0,"KREG": 1,"KWG": 16,"KWI": 2,"MDIMA": 8,"MDIMC": 16,"MWG": 32,"NDIMB": 16,"NDIMC": 8,"NWG": 64,"PRECISION": 32,"SA": 1,"SB": 1,"STRM": 1,"STRN": 0,"VWM": 1,"VWN": 2}
    },
    {
      "kernel": "Xgemm",
      "time": 14.825,
      "parameters": {"GEMMK": 0,"KREG": 1,"KWG": 16,"KWI": 2,"MDIMA": 16,"MDIMC": 8,"MWG": 128,"NDIMB": 8,"NDIMC": 16,"NWG": 128,"PRECISION": 32,"SA": 0,"SB": 0,"STRM": 1,"STRN": 1,"VWM": 2,"VWN": 8}
    },
    {
      "kernel": "Xgemm",
      "time": 17.892,
      "parameters": {"GEMMK": 0,"KREG": 1,"KWG": 32,"KWI": 2,"MDIMA": 16,"MDIMC": 8,"MWG": 128,"NDIMB": 16,"NDIMC": 8,"NWG": 32,"PRECISION": 32,"SA": 0,"SB": 0,"STRM": 1,"STRN": 0,"VWM": 8,"VWN": 2}
    },
    {
      "kernel": "Xgemm",
      "time": 11.504,
      "parameters": {"GEMMK": 0,"KREG": 1,"KWG": 32,"KWI": 2,"MDIMA": 8,"MDIMC": 8,"MWG": 128,"NDIMB": 16,"NDIMC": 16,"NWG": 32,"PRECISION": 32,"SA": 1,"SB": 0,"STRM": 1,"STRN": 0,"VWM": 4,"VWN": 2}
    },
    {
      "kernel": "Xgemm",
      "time": 26.447,
      "parameters": {"GEMMK": 0,"KREG": 1,"KWG": 32,"KWI": 2,"MDIMA": 8,"MDIMC": 8,"MWG": 32,"NDIMB": 8,"NDIMC": 16,"NWG": 128,"PRECISION": 32,"SA": 0,"SB": 0,"STRM": 0,"STRN": 1,"VWM": 1,"VWN": 1}
    },
    {
      "kernel": "Xgemm",
      "time": 9.698,
      "parameters": {"GEMMK": 0,"KREG": 1,"KWG": 32,"KWI": 2,"MDIMA": 16,"MDIMC": 16,"MWG": 64,"NDIMB": 8,"NDIMC": 8,"NWG": 64,"PRECISION": 32,"SA": 0,"SB": 1,"STRM": 1,"STRN": 0,"VWM": 4,"VWN": 2}
    },
    {
      "kernel": "Xgemm",
      "time": 35.333,
      "parameters": {"GEMMK": 0,"KREG": 1,"KWG": 32,"KWI": 2,"MDIMA": 32,"MDIMC": 16,"MWG": 128,"NDIMB": 16,"NDIMC": 16,"NWG": 128,"PRECISION": 32,"SA": 0,"SB": 1,"STRM": 0,"STRN": 0,"VWM": 1,"VWN": 1}
    },
    {
      "kernel": "Xgemm",
      "time": 19.944,
      "parameters": {"GEMMK": 0,"KREG": 1,"KWG": 32,"KWI": 2,"MDIMA": 16,"MDIMC": 16,"MWG": 32,"NDIMB": 8,"NDIMC": 8,"NWG": 32,"PRECISION": 32,"SA": 1,"SB": 1,"STRM": 0,"STRN": 0,"VWM": 1,"VWN": 2}
    },
    {
      "kernel": "Xgemm",
      "time": 57.572,
      "parameters": {"GEMMK": 0,"KREG": 1,"KWG": 16,"KWI": 2,"MDIMA": 16,"MDIMC": 8,"MWG": 16,"NDIMB": 32,"NDIMC": 8,"NWG": 32,"PRECISION": 32,"SA": 0,"SB": 1,"STRM": 0,"STRN": 1,"VWM": 1,"VWN": 1}
    },
    {
      "kernel": "Xgemm",
      "time": 22.923,
      "parameters": {"GEMMK": 0,"KREG": 1,"KWG": 32,"KWI": 2,"MDIMA": 32,"MDIMC": 16,"MWG": 128,"NDIMB": 8,"NDIMC": 8,"NWG": 64,"PRECISION": 32,"SA": 1,"SB": 1,"STRM": 0,"STRN": 0,"VWM": 1,"VWN": 4}
    },
    {
      "kernel": "Xgemm",
      "time": 23.556,
      "parameters": {"GEMMK": 0,"KREG": 1,"KWG": 16,"KWI": 2,"MDIMA": 16,"MDIMC": 8,"MWG": 16,"NDIMB": 16,"NDIMC": 32,"NWG": 128,"PRECISION": 32,"SA": 1,"SB": 0,"STRM": 0,"STRN": 0,"VWM": 1,"VWN": 2}
    },
    {
      "kernel": "Xgemm",
      "time": 26.213,
      "parameters": {"GEMMK": 0,"KREG": 1,"KWG": 32,"KWI": 2,"MDIMA": 32,"MDIMC": 8,"MWG": 64,"NDIMB": 8,"NDIMC": 16,"NWG": 64,"PRECISION": 32,"SA": 0,"SB": 1,"STRM": 0,"STRN": 0,"VWM": 2,"VWN": 4}
    },
    {
      "kernel": "Xgemm",
      "time": 19.783,
      "parameters": {"GEMMK": 0,"KREG": 1,"KWG": 16,"KWI": 2,"MDIMA": 16,"MDIMC": 16,"MWG": 128,"NDIMB": 16,"NDIMC": 16,"NWG": 64,"PRECISION": 32,"SA": 0,"SB": 0,"STRM": 0,"STRN": 0,"VWM": 8,"VWN": 2}
    },
    {
      "kernel": "Xgemm",
      "time": 37.525,
      "parameters": {"GEMMK": 0,"KREG": 1,"KWG": 16,"KWI": 2,"MDIMA": 16,"MDIMC": 8,"MWG": 32,"NDIMB": 16,"NDIMC": 8,"NWG": 128,"PRECISION": 32,"SA": 1,"SB": 1,"STRM": 0,"STRN": 1,"VWM": 1,"VWN": 4}
    },
    {
      "kernel": "Xgemm",
      "time": 12.769,
      "parameters": {"GEMMK": 0,"KREG": 1,"KWG": 32,"KWI": 2,"MDIMA": 8,"MDIMC": 8,"MWG": 16,"NDIMB": 16,"NDIMC": 8,"NWG": 64,"PRECISION": 32,"SA": 1,"SB": 0,"STRM": 1,"STRN": 0,"VWM": 2,"VWN": 2}
    },
    {
      "kernel": "Xgemm",
      "time": 10.642,
      "parameters": {"GEMMK": 0,"KREG": 1,"KWG": 32,"KWI": 2,"MDIMA": 8,"MDIMC": 16,"MWG": 32,"NDIMB": 32,"NDIMC": 8,"NWG": 128,"PRECISION": 32,"SA": 0,"SB": 1,"STRM": 0,"STRN": 0,"VWM": 2,"VWN": 4}
    },
    {
      "kernel": "Xgemm",
      "time": 7.511,
      "parameters": {"GEMMK": 0,"KREG": 1,"KWG": 32,"KWI": 2,"MDIMA": 16,"MDIMC": 16,"MWG": 32,"NDIMB": 16,"NDIMC": 8,"NWG": 128,"PRECISION": 32,"SA": 1,"SB": 0,"STRM": 0,"STRN": 0,"VWM": 1,"VWN": 8}
    },
    {
      "kernel": "Xgemm",
      "time": 44.077,
      "parameters": {"GEMMK": 0,"KREG": 1,"KWG": 16,"KWI": 2,"MDIMA": 8,"MDIMC": 8,"MWG": 128,"NDIMB": 16,"NDIMC": 16,"NWG": 64,"PRECISION": 32,"SA": 1,"SB": 0,"STRM": 1,"STRN": 1,"VWM": 1,"VWN": 4}
    },
    {
      "kernel": "Xgemm",
      "time": 16.018,
      "parameters": {"GEMMK": 0,"KREG": 1,"KWG": 32,"KWI": 2,"MDIMA": 8,"MDIMC": 8,"MWG": 64,"NDIMB": 8,"NDIMC": 8,"NWG": 32,"PRECISION": 32,"SA": 1,"SB": 0,"STRM": 0,"STRN": 0,"VWM": 1,"VWN": 4}
    },
    {
      "kernel": "Xgemm",
      "time": 48.953,
      "parameters": {"GEMMK": 0,"KREG": 1,"KWG": 32,"KWI": 2,"MDIMA": 16,"MDIMC": 8,"MWG": 16,"NDIMB": 16,"NDIMC": 8,"NWG": 128,"PRECISION": 32,"SA": 1,"SB": 1,"STRM": 0,"STRN": 1,"VWM": 1,"VWN": 2}
    },
    {
      "kernel": "Xgemm",
      "time": 6.466,
      "parameters": {"GEMMK": 0,"KREG": 1,"KWG": 32,"KWI": 2,"MDIMA": 8,"MDIMC": 16,"MWG": 64,"NDIMB": 16,"NDIMC": 8,"NWG": 64,"PRECISION": 32,"SA": 1,"SB": 0,"STRM": 0,"STRN": 0,"VWM": 4,"VWN": 4}
    },
    {
      "kernel": "Xgemm",
      "time": 9.509,
      "parameters": {"GEMMK": 0,"KREG": 1,"KWG": 32,"KWI": 2,"MDIMA": 16,"MDIMC": 8,"MWG": 64,"NDIMB": 8,"NDIMC": 16,"NWG": 128,"PRECISION": 32,"SA": 0,"SB": 0,"STRM": 1,"STRN": 1,"VWM": 4,"VWN": 8}
    },
    {
      "kernel": "Xgemm",
      "time": 119.974,
      "parameters": {"GEMMK": 0,"KREG": 1,"KWG": 16,"KWI": 2,"MDIMA": 16,"MDIMC": 8,"MWG": 32,"NDIMB": 8,"NDIMC": 8,"NWG": 128,"PRECISION": 32,"SA": 0,"SB": 0,"STRM": 0,"STRN": 1,"VWM": 2,"VWN": 1}
    },
    {
      "kernel": "Xgemm",
      "time": 18.037,
      "parameters": {"GEMMK": 0,"KREG": 1,"KWG": 16,"KWI": 2,"MDIMA": 32,"MDIMC": 16,"MWG": 64,"NDIMB": 32,"NDIMC": 16,"NWG": 128,"PRECISION": 32,"SA": 0,"SB": 0,"STRM": 1,"STRN": 0,"VWM": 1,"VWN": 1}
    },
    {
      "kernel": "Xgemm",
      "time": 5.783,
      "parameters": {"GEMMK": 0,"KREG": 1,"KWG": 16,"KWI": 2,"MDIMA": 8,"MDIMC": 16,"MWG": 128,"NDIMB": 16,"NDIMC": 8,"NWG": 64,"PRECISION": 32,"SA": 0,"SB": 1,"STRM": 1,"STRN": 1,"VWM": 4,"VWN": 4}
    },
    {
      "kernel": "Xgemm",
      "time": 6.171,
      "parameters": {"GEMMK": 0,"KREG": 1,"KWG": 32,"KWI": 2,"MDIMA": 16,"MDIMC": 16,"MWG": 128,"NDIMB": 16,"NDIMC": 16,"NWG": 128,"PRECISION": 32,"SA": 1,"SB": 0,"STRM": 0,"STRN": 1,"VWM": 8,"VWN": 4}
    },
    {
      "kernel": "Xgemm",
      "time": 652.413,
      "parameters": {"GEMMK": 0,"KREG": 1,"KWG": 16,"KWI": 2,"MDIMA": 8,"MDIMC": 8,"MWG": 64,"NDIMB": 32,"NDIMC": 8,"NWG": 128,"PRECISION": 32,"SA": 0,"SB": 0,"STRM": 1,"STRN": 0,"VWM": 2,"VWN": 1}
    },
    {
      "kernel": "Xgemm",
      "time": 13.568,
      "parameters": {"GEMMK": 0,"KREG": 1,"KWG": 32,"KWI": 2,"MDIMA": 32,"MDIMC": 8,"MWG": 128,"NDIMB": 16,"NDIMC": 32,"NWG": 64,"PRECISION": 32,"SA": 1,"SB": 1,"STRM": 1,"STRN": 1,"VWM": 2,"VWN": 1}
    },
    {
      "kernel": "Xgemm",
      "time": 129.310,
      "parameters": {"GEMMK": 0,"KREG": 1,"KWG": 16,"KWI": 2,"MDIMA": 16,"MDIMC": 8,"MWG": 128,"NDIMB": 8,"NDIMC": 8,"NWG": 64,"PRECISION": 32,"SA": 0,"SB": 0,"STRM": 0,"STRN": 0,"VWM": 8,"VWN": 1}
    },
    {
      "kernel": "Xgemm",
      "time": 72.237,
      "parameters": {"GEMMK": 0,"KREG": 1,"KWG": 16,"KWI": 2,"MDIMA": 32,"MDIMC": 32,"MWG": 64,"NDIMB": 16,"NDIMC": 8,"NWG": 16,"PRECISION": 32,"SA": 0,"SB": 0,"STRM": 0,"STRN": 1,"VWM": 2,"VWN": 1}
    },
    {
      "kernel": "Xgemm",
      "time": 9.208,
      "parameters": {"GEMMK": 0,"KREG": 1,"KWG": 16,"KWI": 2,"MDIMA": 8,"MDIMC": 16,"MWG": 128,"NDIMB": 32,"NDIMC": 8,"NWG": 64,"PRECISION": 32,"SA": 0,"SB": 1,"STRM": 1,"STRN": 1,"VWM": 8,"VWN": 2}
    },
    {
      "kernel": "Xgemm",
      "time": 27.200,
      "parameters": {"GEMMK": 0,"KREG": 1,"KWG": 16,"KWI": 2,"MDIMA": 16,"MDIMC": 16,"MWG": 64,"NDIMB": 16,"NDIMC": 8,"NWG": 128,"PRECISION": 32,"SA": 1,"SB": 0,"STRM": 1,"STRN": 0,"VWM": 2,"VWN": 2}
    },
    {
      "kernel": "Xgemm",
      "time": 23.001,
      "parameters": {"GEMMK": 0,"KREG": 1,"KWG": 16,"KWI": 2,"MDIMA": 32,"MDIMC": 16,"MWG": 128,"NDIMB": 32,"NDIMC": 16,"NWG": 64,"PRECISION": 32,"SA": 0,"SB": 0,"STRM": 0,"STRN": 0,"VWM": 2,"VWN": 2}
    },
    {
      "kernel": "Xgemm",
      "time": 137.519,
      "parameters": {"GEMMK": 0,"KREG": 1,"KWG": 16,"KWI": 2,"MDIMA": 16,"MDIMC": 8,"MWG": 128,"NDIMB": 16,"NDIMC": 8,"NWG": 64,"PRECISION": 32,"SA": 0,"SB": 0,"STRM": 1,"STRN": 1,"VWM": 2,"VWN": 2}
    },
    {
      "kernel": "Xgemm",
      "time": 150.256,
      "parameters": {"GEMMK": 0,"KREG": 1,"KWG": 16,"KWI": 2,"MDIMA": 16,"MDIMC": 16,"MWG": 128,"NDIMB": 16,"NDIMC": 8,"NWG": 128,"PRECISION": 32,"SA": 0,"SB": 0,"STRM": 0,"STRN": 0,"VWM": 1,"VWN": 8}
    },
    {
      "kernel": "Xgemm",
      "time": 68.695,
      "parameters": {"GEMMK": 0,"KREG": 1,"KWG": 16,"KWI": 2,"MDIMA": 32,"MDIMC": 16,"MWG": 128,"NDIMB": 16,"NDIMC": 16,"NWG": 16,"PRECISION": 32,"SA": 1,"SB": 0,"STRM": 0,"STRN": 0,"VWM": 1,"VWN": 1}
    },
    {
      "kernel": "Xgemm",
      "time": 25.982,
      "parameters": {"GEMMK": 0,"KREG": 1,"KWG": 32,"KWI": 2,"MDIMA": 32,"MDIMC": 32,"MWG": 64,"NDIMB": 16,"NDIMC": 8,"NWG": 64,"PRECISION": 32,"SA": 1,"SB": 0,"STRM": 1,"STRN": 1,"VWM": 1,"VWN": 1}
    },
    {
      "kernel": "Xgemm",
      "time": 9.240,
      "parameters": {"GEMMK": 0,"KREG": 1,"KWG": 32,"KWI": 2,"MDIMA": 16,"MDIMC": 16,"MWG": 128,"NDIMB": 8,"NDIMC": 16,"NWG": 128,"PRECISION": 32,"SA": 1,"SB": 1,"STRM": 1,"STRN": 0,"VWM": 8,"VWN": 1}
    },
    {
      "kernel": "Xgemm",
      "time": 401.348,
      "parameters": {"GEMMK": 0,"KREG": 1,"KWG": 16,"KWI": 2,"MDIMA": 32,"MDIMC": 8,"MWG": 128,"NDIMB": 8,"NDIMC": 8,"NWG": 128,"PRECISION": 32,"SA": 1,"SB": 1,"STRM": 0,"STRN": 0,"VWM": 1,"VWN": 1}
    },
    {
      "kernel": "Xgemm",
      "time": 53.357,
      "parameters": {"GEMMK": 0,"KREG": 1,"KWG": 32,"KWI": 2,"MDIMA": 8,"MDIMC": 8,"MWG": 32,"NDIMB": 32,"NDIMC": 32,"NWG": 64,"PRECISION": 32,"SA": 0,"SB": 0,"STRM": 1,"STRN": 0,"VWM": 2,"VWN": 2}
    },
    {
      "kernel": "Xgemm",
      "time": 11.335,
      "parameters": {"GEMMK": 0,"KREG": 1,"KWG": 32,"KWI": 2,"MDIMA": 16,"MDIMC": 16,"MWG": 64,"NDIMB": 32,"NDIMC": 16,"NWG": 128,"PRECISION": 32,"SA": 0,"SB": 1,"STRM": 0,"STRN": 1,"VWM": 2,"VWN": 4}
    },
    {
      "kernel": "Xgemm",
      "time": 16.927,
      "parameters": {"GEMMK": 0,"KREG": 1,"KWG": 16,"KWI": 2,"MDIMA": 16,"MDIMC": 8,"MWG": 64,"NDIMB": 16,"NDIMC": 16,"NWG": 32,"PRECISION": 32,"SA": 1,"SB": 1,"STRM": 1,"STRN": 0,"VWM": 4,"VWN": 1}
    },
    {
      "kernel": "Xgemm",
      "time": 17.011,
      "parameters": {"GEMMK": 0,"KREG": 1,"KWG": 32,"KWI": 2,"MDIMA": 32,"MDIMC": 8,"MWG": 64,"NDIMB": 8,"NDIMC": 32,"NWG": 128,"PRECISION": 32,"SA": 0,"SB": 1,"STRM": 1,"STRN": 1,"VWM": 1,"VWN": 2}
    },
    {
      "kernel": "Xgemm",
      "time": 42.415,
      "parameters": {"GEMMK": 0,"KREG": 1,"KWG": 16,"KWI": 2,"MDIMA": 32,"MDIMC": 16,"MWG": 64,"NDIMB": 8,"NDIMC": 8,"NWG": 128,"PRECISION": 32,"SA": 0,"SB": 1,"STRM": 0,"STRN": 1,"VWM": 1,"VWN": 2}
    },
    {
      "kernel": "Xgemm",
      "time": 11.011,
      "parameters": {"GEMMK": 0,"KREG": 1,"KWG": 16,"KWI": 2,"MDIMA": 8,"MDIMC": 8,"MWG": 64,"NDIMB": 8,"NDIMC": 16,"NWG": 128,"PRECISION": 32,"SA": 1,"SB": 1,"STRM": 0,"STRN": 0,"VWM": 8,"VWN": 1}
    },
    {
      "kernel": "Xgemm",
      "time": 32.849,
      "parameters": {"GEMMK": 0,"KREG": 1,"KWG": 32,"KWI": 2,"MDIMA": 32,"MDIMC": 16,"MWG": 32,"NDIMB": 16,"NDIMC": 16,"NWG": 64,"PRECISION": 32,"SA": 0,"SB": 0,"STRM": 0,"STRN": 1,"VWM": 1,"VWN": 4}
    },
    {
      "kernel": "Xgemm",
      "time": 18.185,
      "parameters": {"GEMMK": 0,"KREG": 1,"KWG": 16,"KWI": 2,"MDIMA": 16,"MDIMC": 8,"MWG": 128,"NDIMB": 32,"NDIMC": 16,"NWG": 64,"PRECISION": 32,"SA": 0,"SB": 0,"STRM": 1,"STRN": 0,"VWM": 8,"VWN": 2}
    },
    {
      "kernel": "Xgemm",
      "time": 24.261,
      "parameters": {"GEMMK": 0,"KREG": 1,"KWG": 32,"KWI": 2,"MDIMA": 32,"MDIMC": 16,"MWG": 64,"NDIMB": 32,"NDIMC": 8,"NWG": 128,"PRECISION": 32,"SA": 1,"SB": 1,"STRM": 0,"STRN": 1,"VWM": 1,"VWN": 2}
    },
    {
      "kernel": "Xgemm",
      "time": 14.183,
      "parameters": {"GEMMK": 0,"KREG": 1,"KWG": 32,"KWI": 2,"MDIMA": 16,"MDIMC": 16,"MWG": 128,"NDIMB": 8,"NDIMC": 8,"NWG": 32,"PRECISION": 32,"SA": 0,"SB": 1,"STRM": 1,"STRN": 1,"VWM": 8,"VWN": 4}
    },
    {
      "kernel": "Xgemm",
      "time": 5.710,
      "parameters": {"GEMMK": 0,"KREG": 1,"KWG": 16,"KWI": 2,"MDIMA": 32,"MDIMC": 16,"MWG": 64,"NDIMB": 16,"NDIMC": 8,"NWG": 64,"PRECISION": 32,"SA": 0,"SB": 0,"STRM": 1,"STRN": 1,"VWM": 2,"VWN": 4}
    },
    {
      "kernel": "Xgemm",
      "time": 11.467,
      "parameters": {"GEMMK": 0,"KREG": 1,"KWG": 32,"KWI": 2,"MDIMA": 16,"MDIMC": 8,"MWG": 32,"NDIMB": 16,"NDIMC": 16,"NWG": 128,"PRECISION": 32,"SA": 1,"SB": 1,"STRM": 0,"STRN": 1,"VWM": 1,"VWN": 2}
    },
    {
      "kernel": "Xgemm",
      "time": 47.089,
      "parameters": {"GEMMK": 0,"KREG": 1,"KWG": 32,"KWI": 2,"MDIMA": 8,"MDIMC": 8,"MWG": 16,"NDIMB": 16,"NDIMC": 8,"NWG": 32,"PRECISION": 32,"SA": 0,"SB": 0,"STRM": 1,"STRN": 0,"VWM": 2,"VWN": 1}
    },
    {
      "kernel": "Xgemm",
      "time": 40.093,
      "parameters": {"GEMMK": 0,"KREG": 1,"KWG": 16,"KWI": 2,"MDIMA": 32,"MDIMC": 8,"MWG": 128,"NDIMB": 16,"NDIMC": 32,"NWG": 64,"PRECISION": 32,"SA": 1,"SB": 0,"STRM": 0,"STRN": 0,"VWM": 2,"VWN": 1}
    },
    {
      "kernel": "Xgemm",
      "time": 10.693,
      "parameters": {"GEMMK": 0,"KREG": 1,"KWG": 32,"KWI": 2,"MDIMA": 16,"MDIMC": 16,"MWG": 128,"NDIMB": 16,"NDIMC": 16,"NWG": 128,"PRECISION": 32,"SA": 1,"SB": 1,"STRM": 0,"STRN": 1,"VWM": 8,"VWN": 1}
    },
    {
      "kernel": "Xgemm",
      "time": 19.497,
      "parameters": {"GEMMK": 0,"KREG": 1,"KWG": 32,"KWI": 2,"MDIMA": 16,"MDIMC": 16,"MWG": 128,"NDIMB": 16,"NDIMC": 8,"NWG": 128,"PRECISION": 32,"SA": 1,"SB": 1,"STRM": 1,"STRN": 1,"VWM": 2,"VWN": 2}
    },
    {
      "kernel": "Xgemm",
      "time": 19.055,
      "parameters": {"GEMMK": 0,"KREG": 1,"KWG": 32,"KWI": 2,"MDIMA": 16,"MDIMC": 16,"MWG": 32,"NDIMB": 16,"NDIMC": 8,"NWG": 32,"PRECISION": 32,"SA": 0,"SB": 1,"STRM": 1,"STRN": 1,"VWM": 2,"VWN": 2}
    },
    {
      "kernel": "Xgemm",
      "time": 12.724,
      "parameters": {"GEMMK": 0,"KREG": 1,"KWG": 32,"KWI": 2,"MDIMA": 8,"MDIMC": 16,"MWG": 32,"NDIMB": 16,"NDIMC": 16,"NWG": 128,"PRECISION": 32,"SA": 1,"SB": 0,"STRM": 1,"STRN": 0,"VWM": 2,"VWN": 2}
    },
    {
      "kernel": "Xgemm",
      "time": 18.063,
      "parameters": {"GEMMK": 0,"KREG": 1,"KWG": 16,"KWI": 2,"MDIMA": 32,"MDIMC": 16,"MWG": 64,"NDIMB": 8,"NDIMC": 8,"NWG": 16,"PRECISION": 32,"SA": 0,"SB": 0,"STRM": 1,"STRN": 0,"VWM": 1,"VWN": 2}
    },
    {
      "kernel": "Xgemm",
      "time": 7.605,
      "parameters": {"GEMMK": 0,"KREG": 1,"KWG": 32,"KWI": 2,"MDIMA": 16,"MDIMC": 16,"MWG": 64,"NDIMB": 8,"NDIMC": 16,"NWG": 128,"PRECISION": 32,"SA": 0,"SB": 1,"STRM": 1,"STRN": 1,"VWM": 4,"VWN": 8}
    },
    {
      "kernel": "Xgemm",
      "time": 34.561,
      "parameters": {"GEMMK": 0,"KREG": 1,"KWG": 16,"KWI": 2,"MDIMA": 32,"MDIMC": 8,"MWG": 64,"NDIMB": 16,"NDIMC": 8,"NWG": 64,"PRECISION": 32,"SA": 1,"SB": 1,"STRM": 0,"STRN": 1,"VWM": 1,"VWN": 1}
    },
    {
      "kernel": "Xgemm",
      "time": 21.339,
      "parameters": {"GEMMK": 0,"KREG": 1,"KWG": 32,"KWI": 2,"MDIMA": 16,"MDIMC": 16,"MWG": 64,"NDIMB": 32,"NDIMC": 8,"NWG": 32,"PRECISION": 32,"SA": 1,"SB": 0,"STRM": 1,"STRN": 0,"VWM": 2,"VWN": 1}
    },
    {
      "kernel": "Xgemm",
      "time": 14.192,
      "parameters": {"GEMMK": 0,"KREG": 1,"KWG": 32,"KWI": 2,"MDIMA": 32,"MDIMC": 32,"MWG": 64,"NDIMB": 16,"NDIMC": 8,"NWG": 128,"PRECISION": 32,"SA": 1,"SB": 1,"STRM": 0,"STRN": 0,"VWM": 1,"VWN": 2}
    },
    {
      "kernel": "Xgemm",
      "time": 26.670,
      "parameters": {"GEMMK": 0,"KREG": 1,"KWG": 32,"KWI": 2,"MDIMA": 16,"MDIMC": 16,"MWG": 16,"NDIMB": 32,"NDIMC": 8,"NWG": 128,"PRECISION": 32,"SA": 1,"SB": 1,"STRM": 1,"STRN": 1,"VWM": 1,"VWN": 2}
    },
    {
      "kernel": "Xgemm",
      "time": 18.745,
      "parameters": {"GEMMK": 0,"KREG": 1,"KWG": 32,"KWI": 2,"MDIMA": 16,"MDIMC": 16,"MWG": 32,"NDIMB": 8,"NDIMC": 16,"NWG": 128,"PRECISION": 32,"SA": 1,"SB": 0,"STRM": 1,"STRN": 1,"VWM": 2,"VWN": 1}
    },
    {
      "kernel": "Xgemm",
      "time": 453.988,
      "parameters": {"GEMMK": 0,"KREG": 1,"KWG": 32,"KWI": 2,"MDIMA": 8,"MDIMC": 8,"MWG": 128,"NDIMB": 8,"NDIMC": 8,"NWG": 128,"PRECISION": 32,"SA": 0,"SB": 0,"STRM": 0,"STRN": 1,"VWM": 4,"VWN": 1}
    },
    {
      "kernel": "Xgemm",
      "time": 10.000,
      "parameters": {"GEMMK": 0,"KREG": 1,"KWG": 16,"KWI": 2,"MDIMA": 8,"MDIMC": 16,"MWG": 32,"NDIMB": 32,"NDIMC": 8,"NWG": 128,"PRECISION": 32,"SA": 1,"SB": 1,"STRM": 1,"STRN": 1,"VWM": 2,"VWN": 4}
    },
    {
      "kernel": "Xgemm",
      "time": 133.872,
      "parameters": {"GEMMK": 0,"KREG": 1,"KWG": 16,"KWI": 2,"MDIMA": 8,"MDIMC": 16,"MWG": 16,"NDIMB": 8,"NDIMC": 8,"NWG": 16,"PRECISION": 32,"SA": 1,"SB": 1,"STRM": 1,"STRN": 0,"VWM": 1,"VWN": 1}
    },
    {
      "kernel": "Xgemm",
      "time": 28.301,
      "parameters": {"GEMMK": 0,"KREG": 1,"KWG": 32,"KWI": 2,"MDIMA": 16,"MDIMC": 16,"MWG": 128,"NDIMB": 32,"NDIMC": 8,"NWG": 128,"PRECISION": 32,"SA": 0,"SB": 1,"STRM": 0,"STRN": 0,"VWM": 1,"VWN": 1}
    },
    {
      "kernel": "Xgemm",
      "time": 73.923,
      "parameters": {"GEMMK": 0,"KREG": 1,"KWG": 32,"KWI": 2,"MDIMA": 8,"MDIMC": 16,"MWG": 16,"NDIMB": 8,"NDIMC": 8,"NWG": 128,"PRECISION": 32,"SA": 0,"SB": 0,"STRM": 1,"STRN": 1,"VWM": 1,"VWN": 1}
    },
    {
      "kernel": "Xgemm",
      "time": 27.222,
      "parameters": {"GEMMK": 0,"KREG": 1,"KWG": 32,"KWI": 2,"MDIMA": 32,"MDIMC": 8,"MWG": 128,"NDIMB": 8,"NDIMC": 16,"NWG": 128,"PRECISION": 32,"SA": 1,"SB": 1,"STRM": 0,"STRN": 0,"VWM": 2,"VWN": 8}
    },
    {
      "kernel": "Xgemm",
      "time": 35.109,
      "parameters": {"GEMMK": 0,"KREG": 1,"KWG": 32,"KWI": 2,"MDIMA": 8,"MDIMC": 8,"MWG": 128,"NDIMB": 32,"NDIMC": 8,"NWG": 32,"PRECISION": 32,"SA": 1,"SB": 0,"STRM": 0,"STRN": 0,"VWM": 1,"VWN": 1}
    },
    {
      "kernel": "Xgemm",
      "time": 5.855,
      "parameters": {"GEMMK": 0,"KREG": 1,"KWG": 16,"KWI": 2,"MDIMA": 8,"MDIMC": 8,"MWG": 64,"NDIMB": 8,"NDIMC": 8,"NWG": 64,"PRECISION": 32,"SA": 1,"SB": 0,"STRM": 1,"STRN": 1,"VWM": 4,"VWN": 2}
    },
    {
      "kernel": "Xgemm",
      "time": 5.312,
      "parameters": {"GEMMK": 0,"KREG": 1,"KWG": 32,"KWI": 2,"MDIMA": 16,"MDIMC": 16,"MWG": 64,"NDIMB": 8,"NDIMC": 8,"NWG": 128,"PRECISION": 32,"SA": 0,"SB": 0,"STRM": 1,"STRN": 0,"VWM": 2,"VWN": 4}
    },
    {
      "kernel": "Xgemm",
      "time": 14.245,
      "parameters": {"GEMMK": 0,"KREG": 1,"KWG": 32,"KWI": 2,"MDIMA": 8,"MDIMC": 32,"MWG": 64,"NDIMB": 8,"NDIMC": 8,"NWG": 128,"PRECISION": 32,"SA": 0,"SB": 0,"STRM": 1,"STRN": 1,"VWM": 2,"VWN": 8}
    },
    {
      "kernel": "Xgemm",
      "time": 35.797,
      "parameters": {"GEMMK": 0,"KREG": 1,"KWG": 16,"KWI": 2,"MDIMA": 16,"MDIMC": 16,"MWG": 64,"NDIMB": 32,"NDIMC": 8,"NWG": 32,"PRECISION": 32,"SA": 0,"SB": 1,"STRM": 0,"STRN": 1,"VWM": 1,"VWN": 1}
    },
    {
      "kernel": "Xgemm",
      "time": 12.071,
      "parameters": {"GEMMK": 0,"KREG": 1,"KWG": 32,"KWI": 2,"MDIMA": 32,"MDIMC": 16,"MWG": 128,"NDIMB": 16,"NDIMC": 16,"NWG": 64,"PRECISION": 32,"SA": 0,"SB": 1,"STRM": 1,"STRN": 0,"VWM": 1,"VWN": 2}
    },
    {
      "kernel": "Xgemm",
      "time": 37.326,
      "parameters": {"GEMMK": 0,"KREG": 1,"KWG": 16,"KWI": 2,"MDIMA": 16,"MDIMC": 16,"MWG": 32,"NDIMB": 16,"NDIMC": 16,"NWG": 64,"PRECISION": 32,"SA": 0,"SB": 1,"STRM": 0,"STRN": 1,"VWM": 1,"VWN": 1}
    },
    {
      "kernel": "Xgemm",
      "time": 15.628,
      "parameters": {"GEMMK": 0,"KREG": 1,"KWG": 32,"KWI": 2,"MDIMA": 8,"MDIMC": 8,"MWG": 32,"NDIMB": 8,"NDIMC": 32,"NWG": 128,"PRECISION": 32,"SA": 1,"SB": 1,"STRM": 0,"STRN": 0,"VWM": 4,"VWN": 2}
    },
    {
      "kernel": "Xgemm",
      "time": 16.941,
      "parameters": {"GEMMK": 0,"KREG": 1,"KWG": 32,"KWI": 2,"MDIMA": 8,"MDIMC": 16,"MWG": 32,"NDIMB": 8,"NDIMC": 8,"NWG": 64,"PRECISION": 32,"SA": 1,"SB": 1,"STRM": 0,"STRN": 0,"VWM": 2,"VWN": 2}
    },
    {
      "kernel": "Xgemm",
      "time": 15.481,
      "parameters": {"GEMMK": 0,"KREG": 1,"KWG": 32,"KWI": 2,"MDIMA": 16,"MDIMC": 8,"MWG": 64,"NDIMB": 8,"NDIMC": 8,"NWG": 128,"PRECISION": 32,"SA": 1,"SB": 0,"STRM": 0,"STRN": 1,"VWM": 4,"VWN": 4}
    },
    {
      "kernel": "Xgemm",
      "time": 55.206,
      "parameters": {"GEMMK": 0,"KREG": 1,"KWG": 16,"KWI": 2,"MDIMA": 32,"MDIMC": 8,"MWG": 64,"NDIMB": 32,"NDIMC": 32,"NWG": 64,"PRECISION": 32,"SA": 0,"SB": 0,"STRM": 0,"STRN": 1,"VWM": 2,"VWN": 1}
    }
  ]
}
