{
  "kernel_family": "xgemm_direct_2",
  "precision": "32",
  "best_kernel": "XgemmDirectTN",
  "best_time": "1.34",
  "best_parameters": "KWID=16 MDIMAD=16 MDIMCD=16 NDIMBD=8 NDIMCD=8 PADA=1 PADB=0 PRECISION=32 VWMD=2 VWND=4 WGD=32",
  "arg_m": "256",
  "arg_n": "256",
  "arg_k": "256",
  "arg_alpha": "2.00",
  "arg_beta": "2.00",
  "clblast_device_type": "GPU",
  "clblast_device_vendor": "QUALCOMM",
  "clblast_device_architecture": "OpenCL C 3.0 Adreno(TM) 740",
  "clblast_device_name": "QUALCOMM Adreno(TM)",
  "device": "QUALCOMM Adreno(TM)",
  "platform_vendor": "QUALCOMM",
  "platform_version": "OpenCL 3.0 QUALCOMM build: commit unknown",
  "device_vendor": "QUALCOMM",
  "device_type": "GPU",
  "device_core_clock": "1",
  "device_compute_units": "6",
  "device_extra_info": "",
  "results": [
    {
      "kernel": "XgemmDirectTN",
      "time": 54.270,
      "parameters": {"KWID": 8,"MDIMAD": 8,"MDIMCD": 16,"NDIMBD": 32,"NDIMCD": 16,"PADA": 0,"PADB": 0,"PRECISION": 32,"VWMD": 4,"VWND": 2,"WGD": 64}
    },
    {
      "kernel": "XgemmDirectTN",
      "time": 1.876,
      "parameters": {"KWID": 2,"MDIMAD": 8,"MDIMCD": 32,"NDIMBD": 8,"NDIMCD": 8,"PADA": 1,"PADB": 0,"PRECISION": 32,"VWMD": 1,"VWND": 2,"WGD": 32}
    },
    {
      "kernel": "XgemmDirectTN",
      "time": 6.386,
      "parameters": {"KWID": 2,"MDIMAD": 8,"MDIMCD": 8,"NDIMBD": 16,"NDIMCD": 8,"PADA": 1,"PADB": 0,"PRECISION": 32,"VWMD": 1,"VWND": 1,"WGD": 32}
    },
    {
      "kernel": "XgemmDirectTN",
      "time": 2.342,
      "parameters": {"KWID": 2,"MDIMAD": 32,"MDIMCD": 32,"NDIMBD": 32,"NDIMCD": 16,"PADA": 1,"PADB": 1,"PRECISION": 32,"VWMD": 1,"VWND": 1,"WGD": 32}
    },
    {
      "kernel": "XgemmDirectTN",
      "time": 38.933,
      "parameters": {"KWID": 2,"MDIMAD": 8,"MDIMCD": 8,"NDIMBD": 8,"NDIMCD": 8,"PADA": 1,"PADB": 0,"PRECISION": 32,"VWMD": 2,"VWND": 4,"WGD": 32}
    },
    {
      "kernel": "XgemmDirectTN",
      "time": 32.862,
      "parameters": {"KWID": 16,"MDIMAD": 8,"MDIMCD": 8,"NDIMBD": 32,"NDIMCD": 16,"PADA": 0,"PADB": 0,"PRECISION": 32,"VWMD": 2,"VWND": 1,"WGD": 64}
    },
    {
      "kernel": "XgemmDirectTN",
      "time": 2.218,
      "parameters": {"KWID": 8,"MDIMAD": 16,"MDIMCD": 8,"NDIMBD": 8,"NDIMCD": 8,"PADA": 1,"PADB": 0,"PRECISION": 32,"VWMD": 1,"VWND": 2,"WGD": 16}
    },
    {
      "kernel": "XgemmDirectTN",
      "time": 2.405,
      "parameters": {"KWID": 16,"MDIMAD": 16,"MDIMCD": 32,"NDIMBD": 16,"NDIMCD": 16,"PADA": 0,"PADB": 1,"PRECISION": 32,"VWMD": 1,"VWND": 2,"WGD": 32}
    },
    {
      "kernel": "XgemmDirectTN",
      "time": 32.974,
      "parameters": {"KWID": 8,"MDIMAD": 16,"MDIMCD": 8,"NDIMBD": 16,"NDIMCD": 16,"PADA": 0,"PADB": 0,"PRECISION": 32,"VWMD": 4,"VWND": 2,"WGD": 64}
    },
    {
      "kernel": "XgemmDirectTN",
      "time": 32.870,
      "parameters": {"KWID": 2,"MDIMAD": 8,"MDIMCD": 16,"NDIMBD": 8,"NDIMCD": 8,"PADA": 0,"PADB": 0,"PRECISION": 32,"VWMD": 1,"VWND": 8,"WGD": 64}
    },
    {
      "kernel": "XgemmDirectTN",
      "time": 3.161,
      "parameters": {"KWID": 8,"MDIMAD": 16,"MDIMCD": 8,"NDIMBD": 16,"NDIMCD": 16,"PADA": 0,"PADB": 1,"PRECISION": 32,"VWMD": 1,"VWND": 1,"WGD": 16}
    },
    {
      "kernel": "XgemmDirectTN",
      "time": 45.790,
      "parameters": {"KWID": 16,"MDIMAD": 8,"MDIMCD": 8,"NDIMBD": 8,"NDIMCD": 8,"PADA": 0,"PADB": 0,"PRECISION": 32,"VWMD": 1,"VWND": 1,"WGD": 32}
    },
    {
      "kernel": "XgemmDirectTN",
      "time": 33.244,
      "parameters": {"KWID": 8,"MDIMAD": 16,"MDIMCD": 16,"NDIMBD": 32,"NDIMCD": 8,"PADA": 0,"PADB": 0,"PRECISION": 32,"VWMD": 4,"VWND": 2,"WGD": 64}
    },
    {
      "kernel": "XgemmDirectTN",
      "time": 32.951,
      "parameters": {"KWID": 16,"MDIMAD": 8,"MDIMCD": 8,"NDIMBD": 16,"NDIMCD": 16,"PADA": 0,"PADB": 0,"PRECISION": 32,"VWMD": 1,"VWND": 1,"WGD": 64}
    },
    {
      "kernel": "XgemmDirectTN",
      "time": 1.899,
      "parameters": {"KWID": 2,"MDIMAD": 8,"MDIMCD": 32,"NDIMBD": 8,"NDIMCD": 16,"PADA": 0,"PADB": 0,"PRECISION": 32,"VWMD": 1,"VWND": 4,"WGD": 64}
    },
    {
      "kernel": "XgemmDirectTN",
      "time": 39.077,
      "parameters": {"KWID": 8,"MDIMAD": 8,"MDIMCD": 8,"NDIMBD": 16,"NDIMCD": 8,"PADA": 1,"PADB": 1,"PRECISION": 32,"VWMD": 2,"VWND": 1,"WGD": 32}
    },
    {
      "kernel": "XgemmDirectTN",
      "time": 32.854,
      "parameters": {"KWID": 16,"MDIMAD": 16,"MDIMCD": 16,"NDIMBD": 8,"NDIMCD": 8,"PADA": 0,"PADB": 0,"PRECISION": 32,"VWMD": 1,"VWND": 4,"WGD": 64}
    },
    {
      "kernel": "XgemmDirectTN",
      "time": 2.333,
      "parameters": {"KWID": 16,"MDIMAD": 8,"MDIMCD": 8,"NDIMBD": 8,"NDIMCD": 16,"PADA": 1,"PADB": 0,"PRECISION": 32,"VWMD": 1,"VWND": 2,"WGD": 32}
    },
    {
      "kernel": "XgemmDirectTN",
      "time": 1.345,
      "parameters": {"KWID": 16,"MDIMAD": 8,"MDIMCD": 16,"NDIMBD": 16,"NDIMCD": 8,"PADA": 0,"PADB": 0,"PRECISION": 32,"VWMD": 2,"VWND": 2,"WGD": 32}
    },
    {
      "kernel": "XgemmDirectTN",
      "time": 21.356,
      "parameters": {"KWID": 8,"MDIMAD": 32,"MDIMCD": 16,"NDIMBD": 32,"NDIMCD": 32,"PADA": 0,"PADB": 0,"PRECISION": 32,"VWMD": 2,"VWND": 2,"WGD": 64}
    },
    {
      "kernel": "XgemmDirectTN",
      "time": 2.438,
      "parameters": {"KWID": 2,"MDIMAD": 8,"MDIMCD": 16,"NDIMBD": 8,"NDIMCD": 16,"PADA": 0,"PADB": 0,"PRECISION": 32,"VWMD": 1,"VWND": 2,"WGD": 32}
    },
    {
      "kernel": "XgemmDirectTN",
      "time": 32.434,
      "parameters": {"KWID": 8,"MDIMAD": 32,"MDIMCD": 8,"NDIMBD": 8,"NDIMCD": 8,"PADA": 0,"PADB": 0,"PRECISION": 32,"VWMD": 1,"VWND": 4,"WGD": 64}
    },
    {
      "kernel": "XgemmDirectTN",
      "time": 3.848,
      "parameters": {"KWID": 16,"MDIMAD": 8,"MDIMCD": 8,"NDIMBD": 16,"NDIMCD": 32,"PADA": 1,"PADB": 1,"PRECISION": 32,"VWMD": 2,"VWND": 1,"WGD": 32}
    },
    {
      "kernel": "XgemmDirectTN",
      "time": 2.092,
      "parameters": {"KWID": 2,"MDIMAD": 16,"MDIMCD": 8,"NDIMBD": 8,"NDIMCD": 8,"PADA": 1,"PADB": 0,"PRECISION": 32,"VWMD": 1,"VWND": 1,"WGD": 16}
    },
    {
      "kernel": "XgemmDirectTN",
      "time": 2.316,
      "parameters": {"KWID": 8,"MDIMAD": 32,"MDIMCD": 16,"NDIMBD": 32,"NDIMCD": 16,"PADA": 0,"PADB": 1,"PRECISION": 32,"VWMD": 1,"VWND": 1,"WGD": 32}
    },
    {
      "kernel": "XgemmDirectTN",
      "time": 37.486,
      "parameters": {"KWID": 16,"MDIMAD": 8,"MDIMCD": 16,"NDIMBD": 16,"NDIMCD": 8,"PADA": 0,"PADB": 0,"PRECISION": 32,"VWMD": 1,"VWND": 4,"WGD": 64}
    },
    {
      "kernel": "XgemmDirectTN",
      "time": 15.010,
      "parameters": {"KWID": 8,"MDIMAD": 32,"MDIMCD": 16,"NDIMBD": 8,"NDIMCD": 8,"PADA": 1,"PADB": 0,"PRECISION": 32,"VWMD": 1,"VWND": 4,"WGD": 32}
    },
    {
      "kernel": "XgemmDirectTN",
      "time": 3.288,
      "parameters": {"KWID": 8,"MDIMAD": 16,"MDIMCD": 8,"NDIMBD": 8,"NDIMCD": 32,"PADA": 0,"PADB": 1,"PRECISION": 32,"VWMD": 2,"VWND": 1,"WGD": 32}
    },
    {
      "kernel": "XgemmDirectTN",
      "time": 2.088,
      "parameters": {"KWID": 16,"MDIMAD": 8,"MDIMCD": 8,"NDIMBD": 8,"NDIMCD": 16,"PADA": 0,"PADB": 1,"PRECISION": 32,"VWMD": 1,"VWND": 1,"WGD": 32}
    },
    {
      "kernel": "XgemmDirectTN",
      "time": 41.303,
      "parameters": {"KWID": 8,"MDIMAD": 32,"MDIMCD": 8,"NDIMBD": 32,"NDIMCD": 8,"PADA": 0,"PADB": 1,"PRECISION": 32,"VWMD": 1,"VWND": 1,"WGD": 32}
    },
    {
      "kernel": "XgemmDirectTN",
      "time": 18.807,
      "parameters": {"KWID": 8,"MDIMAD": 8,"MDIMCD": 8,"NDIMBD": 8,"NDIMCD": 16,"PADA": 0,"PADB": 1,"PRECISION": 32,"VWMD": 1,"VWND": 2,"WGD": 32}
    },
    {
      "kernel": "XgemmDirectTN",
      "time": 2.105,
      "parameters": {"KWID": 2,"MDIMAD": 8,"MDIMCD": 8,"NDIMBD": 8,"NDIMCD": 8,"PADA": 0,"PADB": 0,"PRECISION": 32,"VWMD": 1,"VWND": 2,"WGD": 16}
    },
    {
      "kernel": "XgemmDirectTN",
      "time": 2.361,
      "parameters": {"KWID": 16,"MDIMAD": 32,"MDIMCD": 32,"NDIMBD": 32,"NDIMCD": 16,"PADA": 0,"PADB": 0,"PRECISION": 32,"VWMD": 1,"VWND": 1,"WGD": 32}
    },
    {
      "kernel": "XgemmDirectTN",
      "time": 59.793,
      "parameters": {"KWID": 8,"MDIMAD": 8,"MDIMCD": 8,"NDIMBD": 8,"NDIMCD": 8,"PADA": 0,"PADB": 0,"PRECISION": 32,"VWMD": 8,"VWND": 4,"WGD": 64}
    },
    {
      "kernel": "XgemmDirectTN",
      "time": 59.936,
      "parameters": {"KWID": 16,"MDIMAD": 16,"MDIMCD": 8,"NDIMBD": 32,"NDIMCD": 32,"PADA": 0,"PADB": 0,"PRECISION": 32,"VWMD": 4,"VWND": 2,"WGD": 64}
    },
    {
      "kernel": "XgemmDirectTN",
      "time": 2.318,
      "parameters": {"KWID": 2,"MDIMAD": 16,"MDIMCD": 16,"NDIMBD": 8,"NDIMCD": 8,"PADA": 1,"PADB": 1,"PRECISION": 32,"VWMD": 1,"VWND": 2,"WGD": 16}
    },
    {
      "kernel": "XgemmDirectTN",
      "time": 2.317,
      "parameters": {"KWID": 8,"MDIMAD": 8,"MDIMCD": 16,"NDIMBD": 8,"NDIMCD": 8,"PADA": 1,"PADB": 0,"PRECISION": 32,"VWMD": 1,"VWND": 1,"WGD": 16}
    },
    {
      "kernel": "XgemmDirectTN",
      "time": 3.533,
      "parameters": {"KWID": 16,"MDIMAD": 16,"MDIMCD": 16,"NDIMBD": 32,"NDIMCD": 32,"PADA": 0,"PADB": 0,"PRECISION": 32,"VWMD": 1,"VWND": 1,"WGD": 32}
    },
    {
      "kernel": "XgemmDirectTN",
      "time": 1.908,
      "parameters": {"KWID": 2,"MDIMAD": 8,"MDIMCD": 32,"NDIMBD": 8,"NDIMCD": 8,"PADA": 0,"PADB": 1,"PRECISION": 32,"VWMD": 1,"VWND": 1,"WGD": 32}
    },
    {
      "kernel": "XgemmDirectTN",
      "time": 2.295,
      "parameters": {"KWID": 8,"MDIMAD": 16,"MDIMCD": 32,"NDIMBD": 16,"NDIMCD": 8,"PADA": 1,"PADB": 1,"PRECISION": 32,"VWMD": 1,"VWND": 1,"WGD": 32}
    },
    {
      "kernel": "XgemmDirectTN",
      "time": 1.444,
      "parameters": {"KWID": 16,"MDIMAD": 8,"MDIMCD": 16,"NDIMBD": 8,"NDIMCD": 8,"PADA": 1,"PADB": 0,"PRECISION": 32,"VWMD": 1,"VWND": 4,"WGD": 32}
    },
    {
      "kernel": "XgemmDirectTN",
      "time": 5.918,
      "parameters": {"KWID": 2,"MDIMAD": 16,"MDIMCD": 8,"NDIMBD": 16,"NDIMCD": 8,"PADA": 0,"PADB": 1,"PRECISION": 32,"VWMD": 1,"VWND": 1,"WGD": 32}
    },
    {
      "kernel": "XgemmDirectTN",
      "time": 3.393,
      "parameters": {"KWID": 16,"MDIMAD": 32,"MDIMCD": 16,"NDIMBD": 16,"NDIMCD": 32,"PADA": 1,"PADB": 0,"PRECISION": 32,"VWMD": 1,"VWND": 1,"WGD": 32}
    },
    {
      "kernel": "XgemmDirectTN",
      "time": 15.788,
      "parameters": {"KWID": 8,"MDIMAD": 16,"MDIMCD": 16,"NDIMBD": 8,"NDIMCD": 8,"PADA": 0,"PADB": 0,"PRECISION": 32,"VWMD": 2,"VWND": 4,"WGD": 32}
    },
    {
      "kernel": "XgemmDirectTN",
      "time": 2.165,
      "parameters": {"KWID": 16,"MDIMAD": 8,"MDIMCD": 8,"NDIMBD": 8,"NDIMCD": 8,"PADA": 1,"PADB": 0,"PRECISION": 32,"VWMD": 2,"VWND": 2,"WGD": 16}
    },
    {
      "kernel": "XgemmDirectTN",
      "time": 3.383,
      "parameters": {"KWID": 8,"MDIMAD": 16,"MDIMCD": 16,"NDIMBD": 16,"NDIMCD": 16,"PADA": 1,"PADB": 0,"PRECISION": 32,"VWMD": 1,"VWND": 1,"WGD": 16}
    },
    {
      "kernel": "XgemmDirectTN",
      "time": 19.333,
      "parameters": {"KWID": 8,"MDIMAD": 32,"MDIMCD": 8,"NDIMBD": 16,"NDIMCD": 16,"PADA": 0,"PADB": 0,"PRECISION": 32,"VWMD": 1,"VWND": 2,"WGD": 32}
    },
    {
      "kernel": "XgemmDirectTN",
      "time": 15.264,
      "parameters": {"KWID": 8,"MDIMAD": 16,"MDIMCD": 16,"NDIMBD": 8,"NDIMCD": 8,"PADA": 0,"PADB": 0,"PRECISION": 32,"VWMD": 2,"VWND": 2,"WGD": 32}
    },
    {
      "kernel": "XgemmDirectTN",
      "time": 1.342,
      "parameters": {"KWID": 16,"MDIMAD": 16,"MDIMCD": 16,"NDIMBD": 8,"NDIMCD": 8,"PADA": 1,"PADB": 0,"PRECISION": 32,"VWMD": 2,"VWND": 4,"WGD": 32}
    },
    {
      "kernel": "XgemmDirectTN",
      "time": 60.354,
      "parameters": {"KWID": 16,"MDIMAD": 16,"MDIMCD": 8,"NDIMBD": 8,"NDIMCD": 8,"PADA": 0,"PADB": 0,"PRECISION": 32,"VWMD": 1,"VWND": 4,"WGD": 64}
    },
    {
      "kernel": "XgemmDirectTN",
      "time": 37.473,
      "parameters": {"KWID": 2,"MDIMAD": 8,"MDIMCD": 16,"NDIMBD": 32,"NDIMCD": 8,"PADA": 0,"PADB": 0,"PRECISION": 32,"VWMD": 2,"VWND": 2,"WGD": 64}
    },
    {
      "kernel": "XgemmDirectTN",
      "time": 54.303,
      "parameters": {"KWID": 16,"MDIMAD": 8,"MDIMCD": 32,"NDIMBD": 16,"NDIMCD": 8,"PADA": 0,"PADB": 0,"PRECISION": 32,"VWMD": 1,"VWND": 2,"WGD": 64}
    },
    {
      "kernel": "XgemmDirectTN",
      "time": 60.099,
      "parameters": {"KWID": 2,"MDIMAD": 8,"MDIMCD": 8,"NDIMBD": 8,"NDIMCD": 8,"PADA": 0,"PADB": 0,"PRECISION": 32,"VWMD": 8,"VWND": 1,"WGD": 64}
    },
    {
      "kernel": "XgemmDirectTN",
      "time": 31.687,
      "parameters": {"KWID": 2,"MDIMAD": 8,"MDIMCD": 8,"NDIMBD": 8,"NDIMCD": 8,"PADA": 0,"PADB": 0,"PRECISION": 32,"VWMD": 1,"VWND": 1,"WGD": 64}
    },
    {
      "kernel": "XgemmDirectTN",
      "time": 1.857,
      "parameters": {"KWID": 2,"MDIMAD": 8,"MDIMCD": 32,"NDIMBD": 8,"NDIMCD": 8,"PADA": 1,"PADB": 1,"PRECISION": 32,"VWMD": 1,"VWND": 1,"WGD": 32}
    },
    {
      "kernel": "XgemmDirectTN",
      "time": 50.162,
      "parameters": {"KWID": 8,"MDIMAD": 32,"MDIMCD": 32,"NDIMBD": 32,"NDIMCD": 8,"PADA": 0,"PADB": 0,"PRECISION": 32,"VWMD": 1,"VWND": 2,"WGD": 64}
    }
  ]
}
