{
  "kernel_family": "xgemv_fast_rot",
  "precision": "16",
  "best_kernel": "XgemvFastRot",
  "best_time": "1.30",
  "best_parameters": "PRECISION=16 VW3=2 WGS3=16 WPT3=8",
  "arg_m": "2048",
  "arg_n": "2048",
  "arg_alpha": "2.000000",
  "arg_beta": "2.000000",
  "clblast_device_type": "GPU",
  "clblast_device_vendor": "QUALCOMM",
  "clblast_device_architecture": "OpenCL C 3.0 Adreno(TM) 740",
  "clblast_device_name": "QUALCOMM Adreno(TM)",
  "device": "QUALCOMM Adreno(TM)",
  "platform_vendor": "QUALCOMM",
  "platform_version": "OpenCL 3.0 QUALCOMM build: commit unknown",
  "device_vendor": "QUALCOMM",
  "device_type": "GPU",
  "device_core_clock": "1",
  "device_compute_units": "6",
  "device_extra_info": "",
  "results": [
    {
      "kernel": "XgemvFastRot",
      "time": 4.826,
      "parameters": {"PRECISION": 16,"VW3": 1,"WGS3": 16,"WPT3": 1}
    },
    {
      "kernel": "XgemvFastRot",
      "time": 2.821,
      "parameters": {"PRECISION": 16,"VW3": 1,"WGS3": 16,"WPT3": 2}
    },
    {
      "kernel": "XgemvFastRot",
      "time": 2.884,
      "parameters": {"PRECISION": 16,"VW3": 2,"WGS3": 16,"WPT3": 2}
    },
    {
      "kernel": "XgemvFastRot",
      "time": 2.312,
      "parameters": {"PRECISION": 16,"VW3": 1,"WGS3": 16,"WPT3": 4}
    },
    {
      "kernel": "XgemvFastRot",
      "time": 2.186,
      "parameters": {"PRECISION": 16,"VW3": 2,"WGS3": 16,"WPT3": 4}
    },
    {
      "kernel": "XgemvFastRot",
      "time": 2.193,
      "parameters": {"PRECISION": 16,"VW3": 4,"WGS3": 16,"WPT3": 4}
    },
    {
      "kernel": "XgemvFastRot",
      "time": 1.316,
      "parameters": {"PRECISION": 16,"VW3": 1,"WGS3": 16,"WPT3": 8}
    },
    {
      "kernel": "XgemvFastRot",
      "time": 1.299,
      "parameters": {"PRECISION": 16,"VW3": 2,"WGS3": 16,"WPT3": 8}
    },
    {
      "kernel": "XgemvFastRot",
      "time": 1.308,
      "parameters": {"PRECISION": 16,"VW3": 4,"WGS3": 16,"WPT3": 8}
    },
    {
      "kernel": "XgemvFastRot",
      "time": 1.330,
      "parameters": {"PRECISION": 16,"VW3": 8,"WGS3": 16,"WPT3": 8}
    },
    {
      "kernel": "XgemvFastRot",
      "time": 1.307,
      "parameters": {"PRECISION": 16,"VW3": 1,"WGS3": 16,"WPT3": 16}
    },
    {
      "kernel": "XgemvFastRot",
      "time": 1.364,
      "parameters": {"PRECISION": 16,"VW3": 2,"WGS3": 16,"WPT3": 16}
    },
    {
      "kernel": "XgemvFastRot",
      "time": 1.309,
      "parameters": {"PRECISION": 16,"VW3": 4,"WGS3": 16,"WPT3": 16}
    },
    {
      "kernel": "XgemvFastRot",
      "time": 1.460,
      "parameters": {"PRECISION": 16,"VW3": 8,"WGS3": 16,"WPT3": 16}
    },
    {
      "kernel": "XgemvFastRot",
      "time": 4.413,
      "parameters": {"PRECISION": 16,"VW3": 1,"WGS3": 32,"WPT3": 1}
    },
    {
      "kernel": "XgemvFastRot",
      "time": 2.656,
      "parameters": {"PRECISION": 16,"VW3": 1,"WGS3": 32,"WPT3": 2}
    },
    {
      "kernel": "XgemvFastRot",
      "time": 2.834,
      "parameters": {"PRECISION": 16,"VW3": 2,"WGS3": 32,"WPT3": 2}
    },
    {
      "kernel": "XgemvFastRot",
      "time": 2.030,
      "parameters": {"PRECISION": 16,"VW3": 1,"WGS3": 32,"WPT3": 4}
    },
    {
      "kernel": "XgemvFastRot",
      "time": 2.235,
      "parameters": {"PRECISION": 16,"VW3": 2,"WGS3": 32,"WPT3": 4}
    },
    {
      "kernel": "XgemvFastRot",
      "time": 2.268,
      "parameters": {"PRECISION": 16,"VW3": 4,"WGS3": 32,"WPT3": 4}
    },
    {
      "kernel": "XgemvFastRot",
      "time": 2.316,
      "parameters": {"PRECISION": 16,"VW3": 1,"WGS3": 32,"WPT3": 8}
    },
    {
      "kernel": "XgemvFastRot",
      "time": 1.332,
      "parameters": {"PRECISION": 16,"VW3": 2,"WGS3": 32,"WPT3": 8}
    },
    {
      "kernel": "XgemvFastRot",
      "time": 1.478,
      "parameters": {"PRECISION": 16,"VW3": 4,"WGS3": 32,"WPT3": 8}
    },
    {
      "kernel": "XgemvFastRot",
      "time": 1.308,
      "parameters": {"PRECISION": 16,"VW3": 8,"WGS3": 32,"WPT3": 8}
    },
    {
      "kernel": "XgemvFastRot",
      "time": 1.346,
      "parameters": {"PRECISION": 16,"VW3": 1,"WGS3": 32,"WPT3": 16}
    },
    {
      "kernel": "XgemvFastRot",
      "time": 1.539,
      "parameters": {"PRECISION": 16,"VW3": 2,"WGS3": 32,"WPT3": 16}
    },
    {
      "kernel": "XgemvFastRot",
      "time": 1.337,
      "parameters": {"PRECISION": 16,"VW3": 4,"WGS3": 32,"WPT3": 16}
    },
    {
      "kernel": "XgemvFastRot",
      "time": 1.322,
      "parameters": {"PRECISION": 16,"VW3": 8,"WGS3": 32,"WPT3": 16}
    },
    {
      "kernel": "XgemvFastRot",
      "time": 3.013,
      "parameters": {"PRECISION": 16,"VW3": 1,"WGS3": 32,"WPT3": 32}
    },
    {
      "kernel": "XgemvFastRot",
      "time": 1.881,
      "parameters": {"PRECISION": 16,"VW3": 2,"WGS3": 32,"WPT3": 32}
    },
    {
      "kernel": "XgemvFastRot",
      "time": 1.317,
      "parameters": {"PRECISION": 16,"VW3": 4,"WGS3": 32,"WPT3": 32}
    },
    {
      "kernel": "XgemvFastRot",
      "time": 1.342,
      "parameters": {"PRECISION": 16,"VW3": 8,"WGS3": 32,"WPT3": 32}
    },
    {
      "kernel": "XgemvFastRot",
      "time": 6.104,
      "parameters": {"PRECISION": 16,"VW3": 1,"WGS3": 64,"WPT3": 1}
    },
    {
      "kernel": "XgemvFastRot",
      "time": 3.797,
      "parameters": {"PRECISION": 16,"VW3": 1,"WGS3": 64,"WPT3": 2}
    },
    {
      "kernel": "XgemvFastRot",
      "time": 3.208,
      "parameters": {"PRECISION": 16,"VW3": 2,"WGS3": 64,"WPT3": 2}
    },
    {
      "kernel": "XgemvFastRot",
      "time": 2.239,
      "parameters": {"PRECISION": 16,"VW3": 1,"WGS3": 64,"WPT3": 4}
    },
    {
      "kernel": "XgemvFastRot",
      "time": 2.554,
      "parameters": {"PRECISION": 16,"VW3": 2,"WGS3": 64,"WPT3": 4}
    },
    {
      "kernel": "XgemvFastRot",
      "time": 2.308,
      "parameters": {"PRECISION": 16,"VW3": 4,"WGS3": 64,"WPT3": 4}
    },
    {
      "kernel": "XgemvFastRot",
      "time": 2.235,
      "parameters": {"PRECISION": 16,"VW3": 1,"WGS3": 64,"WPT3": 8}
    },
    {
      "kernel": "XgemvFastRot",
      "time": 2.134,
      "parameters": {"PRECISION": 16,"VW3": 2,"WGS3": 64,"WPT3": 8}
    },
    {
      "kernel": "XgemvFastRot",
      "time": 1.313,
      "parameters": {"PRECISION": 16,"VW3": 4,"WGS3": 64,"WPT3": 8}
    },
    {
      "kernel": "XgemvFastRot",
      "time": 1.301,
      "parameters": {"PRECISION": 16,"VW3": 8,"WGS3": 64,"WPT3": 8}
    },
    {
      "kernel": "XgemvFastRot",
      "time": 1.365,
      "parameters": {"PRECISION": 16,"VW3": 1,"WGS3": 64,"WPT3": 16}
    },
    {
      "kernel": "XgemvFastRot",
      "time": 1.837,
      "parameters": {"PRECISION": 16,"VW3": 2,"WGS3": 64,"WPT3": 16}
    },
    {
      "kernel": "XgemvFastRot",
      "time": 1.328,
      "parameters": {"PRECISION": 16,"VW3": 4,"WGS3": 64,"WPT3": 16}
    },
    {
      "kernel": "XgemvFastRot",
      "time": 1.328,
      "parameters": {"PRECISION": 16,"VW3": 8,"WGS3": 64,"WPT3": 16}
    },
    {
      "kernel": "XgemvFastRot",
      "time": 2.094,
      "parameters": {"PRECISION": 16,"VW3": 1,"WGS3": 64,"WPT3": 32}
    },
    {
      "kernel": "XgemvFastRot",
      "time": 1.795,
      "parameters": {"PRECISION": 16,"VW3": 2,"WGS3": 64,"WPT3": 32}
    },
    {
      "kernel": "XgemvFastRot",
      "time": 1.310,
      "parameters": {"PRECISION": 16,"VW3": 4,"WGS3": 64,"WPT3": 32}
    },
    {
      "kernel": "XgemvFastRot",
      "time": 1.442,
      "parameters": {"PRECISION": 16,"VW3": 8,"WGS3": 64,"WPT3": 32}
    },
    {
      "kernel": "XgemvFastRot",
      "time": 7.453,
      "parameters": {"PRECISION": 16,"VW3": 1,"WGS3": 128,"WPT3": 1}
    },
    {
      "kernel": "XgemvFastRot",
      "time": 4.689,
      "parameters": {"PRECISION": 16,"VW3": 1,"WGS3": 128,"WPT3": 2}
    },
    {
      "kernel": "XgemvFastRot",
      "time": 4.163,
      "parameters": {"PRECISION": 16,"VW3": 2,"WGS3": 128,"WPT3": 2}
    },
    {
      "kernel": "XgemvFastRot",
      "time": 2.525,
      "parameters": {"PRECISION": 16,"VW3": 1,"WGS3": 128,"WPT3": 4}
    },
    {
      "kernel": "XgemvFastRot",
      "time": 2.710,
      "parameters": {"PRECISION": 16,"VW3": 2,"WGS3": 128,"WPT3": 4}
    },
    {
      "kernel": "XgemvFastRot",
      "time": 2.573,
      "parameters": {"PRECISION": 16,"VW3": 4,"WGS3": 128,"WPT3": 4}
    },
    {
      "kernel": "XgemvFastRot",
      "time": 2.646,
      "parameters": {"PRECISION": 16,"VW3": 1,"WGS3": 128,"WPT3": 8}
    },
    {
      "kernel": "XgemvFastRot",
      "time": 2.456,
      "parameters": {"PRECISION": 16,"VW3": 2,"WGS3": 128,"WPT3": 8}
    },
    {
      "kernel": "XgemvFastRot",
      "time": 2.117,
      "parameters": {"PRECISION": 16,"VW3": 4,"WGS3": 128,"WPT3": 8}
    },
    {
      "kernel": "XgemvFastRot",
      "time": 1.698,
      "parameters": {"PRECISION": 16,"VW3": 8,"WGS3": 128,"WPT3": 8}
    },
    {
      "kernel": "XgemvFastRot",
      "time": 2.530,
      "parameters": {"PRECISION": 16,"VW3": 1,"WGS3": 128,"WPT3": 16}
    },
    {
      "kernel": "XgemvFastRot",
      "time": 2.399,
      "parameters": {"PRECISION": 16,"VW3": 2,"WGS3": 128,"WPT3": 16}
    },
    {
      "kernel": "XgemvFastRot",
      "time": 1.409,
      "parameters": {"PRECISION": 16,"VW3": 4,"WGS3": 128,"WPT3": 16}
    },
    {
      "kernel": "XgemvFastRot",
      "time": 1.511,
      "parameters": {"PRECISION": 16,"VW3": 8,"WGS3": 128,"WPT3": 16}
    },
    {
      "kernel": "XgemvFastRot",
      "time": 2.507,
      "parameters": {"PRECISION": 16,"VW3": 1,"WGS3": 128,"WPT3": 32}
    },
    {
      "kernel": "XgemvFastRot",
      "time": 2.402,
      "parameters": {"PRECISION": 16,"VW3": 2,"WGS3": 128,"WPT3": 32}
    },
    {
      "kernel": "XgemvFastRot",
      "time": 1.985,
      "parameters": {"PRECISION": 16,"VW3": 4,"WGS3": 128,"WPT3": 32}
    },
    {
      "kernel": "XgemvFastRot",
      "time": 1.329,
      "parameters": {"PRECISION": 16,"VW3": 8,"WGS3": 128,"WPT3": 32}
    }
  ]
}
