{
  "kernel_family": "xger",
  "precision": "16",
  "best_kernel": "Xger",
  "best_time": "0.30",
  "best_parameters": "PRECISION=16 WGS1=16 WGS2=4 WPT=4",
  "arg_m": "1024",
  "arg_n": "1024",
  "arg_alpha": "2.000000",
  "clblast_device_type": "GPU",
  "clblast_device_vendor": "QUALCOMM",
  "clblast_device_architecture": "OpenCL C 3.0 Adreno(TM) 740",
  "clblast_device_name": "QUALCOMM Adreno(TM)",
  "device": "QUALCOMM Adreno(TM)",
  "platform_vendor": "QUALCOMM",
  "platform_version": "OpenCL 3.0 QUALCOMM build: commit unknown",
  "device_vendor": "QUALCOMM",
  "device_type": "GPU",
  "device_core_clock": "1",
  "device_compute_units": "6",
  "device_extra_info": "",
  "results": [
    {
      "kernel": "Xger",
      "time": 6.692,
      "parameters": {"PRECISION": 16,"WGS1": 4,"WGS2": 1,"WPT": 1}
    },
    {
      "kernel": "Xger",
      "time": 2.197,
      "parameters": {"PRECISION": 16,"WGS1": 4,"WGS2": 1,"WPT": 2}
    },
    {
      "kernel": "Xger",
      "time": 1.286,
      "parameters": {"PRECISION": 16,"WGS1": 4,"WGS2": 1,"WPT": 4}
    },
    {
      "kernel": "Xger",
      "time": 3.577,
      "parameters": {"PRECISION": 16,"WGS1": 4,"WGS2": 2,"WPT": 1}
    },
    {
      "kernel": "Xger",
      "time": 1.278,
      "parameters": {"PRECISION": 16,"WGS1": 4,"WGS2": 2,"WPT": 2}
    },
    {
      "kernel": "Xger",
      "time": 1.289,
      "parameters": {"PRECISION": 16,"WGS1": 4,"WGS2": 2,"WPT": 4}
    },
    {
      "kernel": "Xger",
      "time": 2.107,
      "parameters": {"PRECISION": 16,"WGS1": 4,"WGS2": 4,"WPT": 1}
    },
    {
      "kernel": "Xger",
      "time": 1.307,
      "parameters": {"PRECISION": 16,"WGS1": 4,"WGS2": 4,"WPT": 2}
    },
    {
      "kernel": "Xger",
      "time": 1.290,
      "parameters": {"PRECISION": 16,"WGS1": 4,"WGS2": 4,"WPT": 4}
    },
    {
      "kernel": "Xger",
      "time": 1.297,
      "parameters": {"PRECISION": 16,"WGS1": 4,"WGS2": 8,"WPT": 1}
    },
    {
      "kernel": "Xger",
      "time": 1.285,
      "parameters": {"PRECISION": 16,"WGS1": 4,"WGS2": 8,"WPT": 2}
    },
    {
      "kernel": "Xger",
      "time": 1.189,
      "parameters": {"PRECISION": 16,"WGS1": 4,"WGS2": 8,"WPT": 4}
    },
    {
      "kernel": "Xger",
      "time": 1.311,
      "parameters": {"PRECISION": 16,"WGS1": 4,"WGS2": 16,"WPT": 1}
    },
    {
      "kernel": "Xger",
      "time": 0.850,
      "parameters": {"PRECISION": 16,"WGS1": 4,"WGS2": 16,"WPT": 2}
    },
    {
      "kernel": "Xger",
      "time": 0.593,
      "parameters": {"PRECISION": 16,"WGS1": 4,"WGS2": 16,"WPT": 4}
    },
    {
      "kernel": "Xger",
      "time": 1.321,
      "parameters": {"PRECISION": 16,"WGS1": 4,"WGS2": 32,"WPT": 1}
    },
    {
      "kernel": "Xger",
      "time": 0.894,
      "parameters": {"PRECISION": 16,"WGS1": 4,"WGS2": 32,"WPT": 2}
    },
    {
      "kernel": "Xger",
      "time": 0.845,
      "parameters": {"PRECISION": 16,"WGS1": 4,"WGS2": 32,"WPT": 4}
    },
    {
      "kernel": "Xger",
      "time": 1.287,
      "parameters": {"PRECISION": 16,"WGS1": 4,"WGS2": 64,"WPT": 1}
    },
    {
      "kernel": "Xger",
      "time": 1.288,
      "parameters": {"PRECISION": 16,"WGS1": 4,"WGS2": 64,"WPT": 2}
    },
    {
      "kernel": "Xger",
      "time": 0.979,
      "parameters": {"PRECISION": 16,"WGS1": 4,"WGS2": 64,"WPT": 4}
    },
    {
      "kernel": "Xger",
      "time": 1.195,
      "parameters": {"PRECISION": 16,"WGS1": 4,"WGS2": 128,"WPT": 1}
    },
    {
      "kernel": "Xger",
      "time": 1.293,
      "parameters": {"PRECISION": 16,"WGS1": 4,"WGS2": 128,"WPT": 2}
    },
    {
      "kernel": "Xger",
      "time": 1.291,
      "parameters": {"PRECISION": 16,"WGS1": 4,"WGS2": 128,"WPT": 4}
    },
    {
      "kernel": "Xger",
      "time": 1.298,
      "parameters": {"PRECISION": 16,"WGS1": 4,"WGS2": 256,"WPT": 1}
    },
    {
      "kernel": "Xger",
      "time": 1.299,
      "parameters": {"PRECISION": 16,"WGS1": 4,"WGS2": 256,"WPT": 2}
    },
    {
      "kernel": "Xger",
      "time": 1.302,
      "parameters": {"PRECISION": 16,"WGS1": 4,"WGS2": 256,"WPT": 4}
    },
    {
      "kernel": "Xger",
      "time": 3.627,
      "parameters": {"PRECISION": 16,"WGS1": 8,"WGS2": 1,"WPT": 1}
    },
    {
      "kernel": "Xger",
      "time": 1.282,
      "parameters": {"PRECISION": 16,"WGS1": 8,"WGS2": 1,"WPT": 2}
    },
    {
      "kernel": "Xger",
      "time": 1.161,
      "parameters": {"PRECISION": 16,"WGS1": 8,"WGS2": 1,"WPT": 4}
    },
    {
      "kernel": "Xger",
      "time": 2.121,
      "parameters": {"PRECISION": 16,"WGS1": 8,"WGS2": 2,"WPT": 1}
    },
    {
      "kernel": "Xger",
      "time": 1.293,
      "parameters": {"PRECISION": 16,"WGS1": 8,"WGS2": 2,"WPT": 2}
    },
    {
      "kernel": "Xger",
      "time": 0.856,
      "parameters": {"PRECISION": 16,"WGS1": 8,"WGS2": 2,"WPT": 4}
    },
    {
      "kernel": "Xger",
      "time": 1.237,
      "parameters": {"PRECISION": 16,"WGS1": 8,"WGS2": 4,"WPT": 1}
    },
    {
      "kernel": "Xger",
      "time": 0.913,
      "parameters": {"PRECISION": 16,"WGS1": 8,"WGS2": 4,"WPT": 2}
    },
    {
      "kernel": "Xger",
      "time": 0.783,
      "parameters": {"PRECISION": 16,"WGS1": 8,"WGS2": 4,"WPT": 4}
    },
    {
      "kernel": "Xger",
      "time": 1.299,
      "parameters": {"PRECISION": 16,"WGS1": 8,"WGS2": 8,"WPT": 1}
    },
    {
      "kernel": "Xger",
      "time": 1.252,
      "parameters": {"PRECISION": 16,"WGS1": 8,"WGS2": 8,"WPT": 2}
    },
    {
      "kernel": "Xger",
      "time": 1.127,
      "parameters": {"PRECISION": 16,"WGS1": 8,"WGS2": 8,"WPT": 4}
    },
    {
      "kernel": "Xger",
      "time": 0.839,
      "parameters": {"PRECISION": 16,"WGS1": 8,"WGS2": 16,"WPT": 1}
    },
    {
      "kernel": "Xger",
      "time": 0.483,
      "parameters": {"PRECISION": 16,"WGS1": 8,"WGS2": 16,"WPT": 2}
    },
    {
      "kernel": "Xger",
      "time": 1.298,
      "parameters": {"PRECISION": 16,"WGS1": 8,"WGS2": 16,"WPT": 4}
    },
    {
      "kernel": "Xger",
      "time": 1.047,
      "parameters": {"PRECISION": 16,"WGS1": 8,"WGS2": 32,"WPT": 1}
    },
    {
      "kernel": "Xger",
      "time": 1.095,
      "parameters": {"PRECISION": 16,"WGS1": 8,"WGS2": 32,"WPT": 2}
    },
    {
      "kernel": "Xger",
      "time": 0.729,
      "parameters": {"PRECISION": 16,"WGS1": 8,"WGS2": 32,"WPT": 4}
    },
    {
      "kernel": "Xger",
      "time": 1.290,
      "parameters": {"PRECISION": 16,"WGS1": 8,"WGS2": 64,"WPT": 1}
    },
    {
      "kernel": "Xger",
      "time": 0.888,
      "parameters": {"PRECISION": 16,"WGS1": 8,"WGS2": 64,"WPT": 2}
    },
    {
      "kernel": "Xger",
      "time": 1.295,
      "parameters": {"PRECISION": 16,"WGS1": 8,"WGS2": 64,"WPT": 4}
    },
    {
      "kernel": "Xger",
      "time": 1.295,
      "parameters": {"PRECISION": 16,"WGS1": 8,"WGS2": 128,"WPT": 1}
    },
    {
      "kernel": "Xger",
      "time": 1.231,
      "parameters": {"PRECISION": 16,"WGS1": 8,"WGS2": 128,"WPT": 2}
    },
    {
      "kernel": "Xger",
      "time": 1.158,
      "parameters": {"PRECISION": 16,"WGS1": 8,"WGS2": 128,"WPT": 4}
    },
    {
      "kernel": "Xger",
      "time": 2.126,
      "parameters": {"PRECISION": 16,"WGS1": 16,"WGS2": 1,"WPT": 1}
    },
    {
      "kernel": "Xger",
      "time": 1.290,
      "parameters": {"PRECISION": 16,"WGS1": 16,"WGS2": 1,"WPT": 2}
    },
    {
      "kernel": "Xger",
      "time": 0.834,
      "parameters": {"PRECISION": 16,"WGS1": 16,"WGS2": 1,"WPT": 4}
    },
    {
      "kernel": "Xger",
      "time": 1.220,
      "parameters": {"PRECISION": 16,"WGS1": 16,"WGS2": 2,"WPT": 1}
    },
    {
      "kernel": "Xger",
      "time": 1.275,
      "parameters": {"PRECISION": 16,"WGS1": 16,"WGS2": 2,"WPT": 2}
    },
    {
      "kernel": "Xger",
      "time": 1.310,
      "parameters": {"PRECISION": 16,"WGS1": 16,"WGS2": 2,"WPT": 4}
    },
    {
      "kernel": "Xger",
      "time": 1.311,
      "parameters": {"PRECISION": 16,"WGS1": 16,"WGS2": 4,"WPT": 1}
    },
    {
      "kernel": "Xger",
      "time": 1.289,
      "parameters": {"PRECISION": 16,"WGS1": 16,"WGS2": 4,"WPT": 2}
    },
    {
      "kernel": "Xger",
      "time": 0.295,
      "parameters": {"PRECISION": 16,"WGS1": 16,"WGS2": 4,"WPT": 4}
    },
    {
      "kernel": "Xger",
      "time": 1.282,
      "parameters": {"PRECISION": 16,"WGS1": 16,"WGS2": 8,"WPT": 1}
    },
    {
      "kernel": "Xger",
      "time": 1.241,
      "parameters": {"PRECISION": 16,"WGS1": 16,"WGS2": 8,"WPT": 2}
    },
    {
      "kernel": "Xger",
      "time": 1.297,
      "parameters": {"PRECISION": 16,"WGS1": 16,"WGS2": 8,"WPT": 4}
    },
    {
      "kernel": "Xger",
      "time": 1.281,
      "parameters": {"PRECISION": 16,"WGS1": 16,"WGS2": 16,"WPT": 1}
    },
    {
      "kernel": "Xger",
      "time": 0.937,
      "parameters": {"PRECISION": 16,"WGS1": 16,"WGS2": 16,"WPT": 2}
    },
    {
      "kernel": "Xger",
      "time": 0.822,
      "parameters": {"PRECISION": 16,"WGS1": 16,"WGS2": 16,"WPT": 4}
    },
    {
      "kernel": "Xger",
      "time": 1.287,
      "parameters": {"PRECISION": 16,"WGS1": 16,"WGS2": 32,"WPT": 1}
    },
    {
      "kernel": "Xger",
      "time": 0.935,
      "parameters": {"PRECISION": 16,"WGS1": 16,"WGS2": 32,"WPT": 2}
    },
    {
      "kernel": "Xger",
      "time": 0.757,
      "parameters": {"PRECISION": 16,"WGS1": 16,"WGS2": 32,"WPT": 4}
    },
    {
      "kernel": "Xger",
      "time": 0.890,
      "parameters": {"PRECISION": 16,"WGS1": 16,"WGS2": 64,"WPT": 1}
    },
    {
      "kernel": "Xger",
      "time": 0.868,
      "parameters": {"PRECISION": 16,"WGS1": 16,"WGS2": 64,"WPT": 2}
    },
    {
      "kernel": "Xger",
      "time": 0.777,
      "parameters": {"PRECISION": 16,"WGS1": 16,"WGS2": 64,"WPT": 4}
    },
    {
      "kernel": "Xger",
      "time": 1.252,
      "parameters": {"PRECISION": 16,"WGS1": 32,"WGS2": 1,"WPT": 1}
    },
    {
      "kernel": "Xger",
      "time": 0.903,
      "parameters": {"PRECISION": 16,"WGS1": 32,"WGS2": 1,"WPT": 2}
    },
    {
      "kernel": "Xger",
      "time": 1.299,
      "parameters": {"PRECISION": 16,"WGS1": 32,"WGS2": 1,"WPT": 4}
    },
    {
      "kernel": "Xger",
      "time": 1.302,
      "parameters": {"PRECISION": 16,"WGS1": 32,"WGS2": 2,"WPT": 1}
    },
    {
      "kernel": "Xger",
      "time": 1.274,
      "parameters": {"PRECISION": 16,"WGS1": 32,"WGS2": 2,"WPT": 2}
    },
    {
      "kernel": "Xger",
      "time": 0.749,
      "parameters": {"PRECISION": 16,"WGS1": 32,"WGS2": 2,"WPT": 4}
    },
    {
      "kernel": "Xger",
      "time": 1.294,
      "parameters": {"PRECISION": 16,"WGS1": 32,"WGS2": 4,"WPT": 1}
    },
    {
      "kernel": "Xger",
      "time": 1.294,
      "parameters": {"PRECISION": 16,"WGS1": 32,"WGS2": 4,"WPT": 2}
    },
    {
      "kernel": "Xger",
      "time": 1.240,
      "parameters": {"PRECISION": 16,"WGS1": 32,"WGS2": 4,"WPT": 4}
    },
    {
      "kernel": "Xger",
      "time": 1.295,
      "parameters": {"PRECISION": 16,"WGS1": 32,"WGS2": 8,"WPT": 1}
    },
    {
      "kernel": "Xger",
      "time": 1.209,
      "parameters": {"PRECISION": 16,"WGS1": 32,"WGS2": 8,"WPT": 2}
    },
    {
      "kernel": "Xger",
      "time": 1.175,
      "parameters": {"PRECISION": 16,"WGS1": 32,"WGS2": 8,"WPT": 4}
    },
    {
      "kernel": "Xger",
      "time": 0.886,
      "parameters": {"PRECISION": 16,"WGS1": 32,"WGS2": 16,"WPT": 1}
    },
    {
      "kernel": "Xger",
      "time": 1.300,
      "parameters": {"PRECISION": 16,"WGS1": 32,"WGS2": 16,"WPT": 2}
    },
    {
      "kernel": "Xger",
      "time": 0.738,
      "parameters": {"PRECISION": 16,"WGS1": 32,"WGS2": 16,"WPT": 4}
    },
    {
      "kernel": "Xger",
      "time": 1.284,
      "parameters": {"PRECISION": 16,"WGS1": 32,"WGS2": 32,"WPT": 1}
    },
    {
      "kernel": "Xger",
      "time": 1.289,
      "parameters": {"PRECISION": 16,"WGS1": 32,"WGS2": 32,"WPT": 2}
    },
    {
      "kernel": "Xger",
      "time": 0.816,
      "parameters": {"PRECISION": 16,"WGS1": 32,"WGS2": 32,"WPT": 4}
    },
    {
      "kernel": "Xger",
      "time": 1.286,
      "parameters": {"PRECISION": 16,"WGS1": 64,"WGS2": 1,"WPT": 1}
    },
    {
      "kernel": "Xger",
      "time": 0.795,
      "parameters": {"PRECISION": 16,"WGS1": 64,"WGS2": 1,"WPT": 2}
    },
    {
      "kernel": "Xger",
      "time": 0.746,
      "parameters": {"PRECISION": 16,"WGS1": 64,"WGS2": 1,"WPT": 4}
    },
    {
      "kernel": "Xger",
      "time": 1.251,
      "parameters": {"PRECISION": 16,"WGS1": 64,"WGS2": 2,"WPT": 1}
    },
    {
      "kernel": "Xger",
      "time": 0.814,
      "parameters": {"PRECISION": 16,"WGS1": 64,"WGS2": 2,"WPT": 2}
    },
    {
      "kernel": "Xger",
      "time": 1.313,
      "parameters": {"PRECISION": 16,"WGS1": 64,"WGS2": 2,"WPT": 4}
    },
    {
      "kernel": "Xger",
      "time": 0.885,
      "parameters": {"PRECISION": 16,"WGS1": 64,"WGS2": 4,"WPT": 1}
    },
    {
      "kernel": "Xger",
      "time": 0.796,
      "parameters": {"PRECISION": 16,"WGS1": 64,"WGS2": 4,"WPT": 2}
    },
    {
      "kernel": "Xger",
      "time": 0.928,
      "parameters": {"PRECISION": 16,"WGS1": 64,"WGS2": 4,"WPT": 4}
    },
    {
      "kernel": "Xger",
      "time": 1.285,
      "parameters": {"PRECISION": 16,"WGS1": 64,"WGS2": 8,"WPT": 1}
    },
    {
      "kernel": "Xger",
      "time": 0.494,
      "parameters": {"PRECISION": 16,"WGS1": 64,"WGS2": 8,"WPT": 2}
    },
    {
      "kernel": "Xger",
      "time": 1.288,
      "parameters": {"PRECISION": 16,"WGS1": 64,"WGS2": 8,"WPT": 4}
    },
    {
      "kernel": "Xger",
      "time": 0.878,
      "parameters": {"PRECISION": 16,"WGS1": 64,"WGS2": 16,"WPT": 1}
    },
    {
      "kernel": "Xger",
      "time": 0.818,
      "parameters": {"PRECISION": 16,"WGS1": 64,"WGS2": 16,"WPT": 2}
    },
    {
      "kernel": "Xger",
      "time": 1.309,
      "parameters": {"PRECISION": 16,"WGS1": 64,"WGS2": 16,"WPT": 4}
    },
    {
      "kernel": "Xger",
      "time": 1.312,
      "parameters": {"PRECISION": 16,"WGS1": 128,"WGS2": 1,"WPT": 1}
    },
    {
      "kernel": "Xger",
      "time": 1.204,
      "parameters": {"PRECISION": 16,"WGS1": 128,"WGS2": 1,"WPT": 2}
    },
    {
      "kernel": "Xger",
      "time": 0.767,
      "parameters": {"PRECISION": 16,"WGS1": 128,"WGS2": 1,"WPT": 4}
    },
    {
      "kernel": "Xger",
      "time": 0.900,
      "parameters": {"PRECISION": 16,"WGS1": 128,"WGS2": 2,"WPT": 1}
    },
    {
      "kernel": "Xger",
      "time": 0.638,
      "parameters": {"PRECISION": 16,"WGS1": 128,"WGS2": 2,"WPT": 2}
    },
    {
      "kernel": "Xger",
      "time": 0.884,
      "parameters": {"PRECISION": 16,"WGS1": 128,"WGS2": 2,"WPT": 4}
    },
    {
      "kernel": "Xger",
      "time": 0.840,
      "parameters": {"PRECISION": 16,"WGS1": 128,"WGS2": 4,"WPT": 1}
    },
    {
      "kernel": "Xger",
      "time": 1.131,
      "parameters": {"PRECISION": 16,"WGS1": 128,"WGS2": 4,"WPT": 2}
    },
    {
      "kernel": "Xger",
      "time": 1.282,
      "parameters": {"PRECISION": 16,"WGS1": 128,"WGS2": 4,"WPT": 4}
    },
    {
      "kernel": "Xger",
      "time": 0.873,
      "parameters": {"PRECISION": 16,"WGS1": 128,"WGS2": 8,"WPT": 1}
    },
    {
      "kernel": "Xger",
      "time": 1.174,
      "parameters": {"PRECISION": 16,"WGS1": 128,"WGS2": 8,"WPT": 2}
    },
    {
      "kernel": "Xger",
      "time": 1.277,
      "parameters": {"PRECISION": 16,"WGS1": 128,"WGS2": 8,"WPT": 4}
    },
    {
      "kernel": "Xger",
      "time": 1.294,
      "parameters": {"PRECISION": 16,"WGS1": 256,"WGS2": 1,"WPT": 1}
    },
    {
      "kernel": "Xger",
      "time": 0.760,
      "parameters": {"PRECISION": 16,"WGS1": 256,"WGS2": 1,"WPT": 2}
    },
    {
      "kernel": "Xger",
      "time": 0.754,
      "parameters": {"PRECISION": 16,"WGS1": 256,"WGS2": 1,"WPT": 4}
    },
    {
      "kernel": "Xger",
      "time": 1.287,
      "parameters": {"PRECISION": 16,"WGS1": 256,"WGS2": 2,"WPT": 1}
    },
    {
      "kernel": "Xger",
      "time": 1.299,
      "parameters": {"PRECISION": 16,"WGS1": 256,"WGS2": 2,"WPT": 2}
    },
    {
      "kernel": "Xger",
      "time": 1.003,
      "parameters": {"PRECISION": 16,"WGS1": 256,"WGS2": 2,"WPT": 4}
    },
    {
      "kernel": "Xger",
      "time": 1.283,
      "parameters": {"PRECISION": 16,"WGS1": 256,"WGS2": 4,"WPT": 1}
    },
    {
      "kernel": "Xger",
      "time": 0.493,
      "parameters": {"PRECISION": 16,"WGS1": 256,"WGS2": 4,"WPT": 2}
    },
    {
      "kernel": "Xger",
      "time": 0.783,
      "parameters": {"PRECISION": 16,"WGS1": 256,"WGS2": 4,"WPT": 4}
    },
    {
      "kernel": "Xger",
      "time": 1.105,
      "parameters": {"PRECISION": 16,"WGS1": 512,"WGS2": 1,"WPT": 1}
    },
    {
      "kernel": "Xger",
      "time": 1.285,
      "parameters": {"PRECISION": 16,"WGS1": 512,"WGS2": 1,"WPT": 2}
    },
    {
      "kernel": "Xger",
      "time": 1.281,
      "parameters": {"PRECISION": 16,"WGS1": 512,"WGS2": 1,"WPT": 4}
    },
    {
      "kernel": "Xger",
      "time": 1.282,
      "parameters": {"PRECISION": 16,"WGS1": 512,"WGS2": 2,"WPT": 1}
    },
    {
      "kernel": "Xger",
      "time": 0.777,
      "parameters": {"PRECISION": 16,"WGS1": 512,"WGS2": 2,"WPT": 2}
    },
    {
      "kernel": "Xger",
      "time": 1.295,
      "parameters": {"PRECISION": 16,"WGS1": 512,"WGS2": 2,"WPT": 4}
    }
  ]
}
