{
  "kernel_family": "padtranspose",
  "precision": "32",
  "best_kernel": "TransposePadMatrix",
  "best_time": "0.90",
  "best_parameters": "PADTRA_PAD=1 PADTRA_TILE=16 PADTRA_WPT=2 PRECISION=32",
  "arg_m": "1024",
  "arg_n": "1024",
  "arg_alpha": "2.00",
  "clblast_device_type": "GPU",
  "clblast_device_vendor": "QUALCOMM",
  "clblast_device_architecture": "OpenCL C 3.0 Adreno(TM) 740",
  "clblast_device_name": "QUALCOMM Adreno(TM)",
  "device": "QUALCOMM Adreno(TM)",
  "platform_vendor": "QUALCOMM",
  "platform_version": "OpenCL 3.0 QUALCOMM build: commit unknown",
  "device_vendor": "QUALCOMM",
  "device_type": "GPU",
  "device_core_clock": "1",
  "device_compute_units": "6",
  "device_extra_info": "",
  "results": [
    {
      "kernel": "TransposePadMatrix",
      "time": 1.348,
      "parameters": {"PADTRA_PAD": 0,"PADTRA_TILE": 8,"PADTRA_WPT": 1,"PRECISION": 32}
    },
    {
      "kernel": "TransposePadMatrix",
      "time": 1.311,
      "parameters": {"PADTRA_PAD": 1,"PADTRA_TILE": 8,"PADTRA_WPT": 1,"PRECISION": 32}
    },
    {
      "kernel": "TransposePadMatrix",
      "time": 1.290,
      "parameters": {"PADTRA_PAD": 0,"PADTRA_TILE": 8,"PADTRA_WPT": 2,"PRECISION": 32}
    },
    {
      "kernel": "TransposePadMatrix",
      "time": 1.296,
      "parameters": {"PADTRA_PAD": 1,"PADTRA_TILE": 8,"PADTRA_WPT": 2,"PRECISION": 32}
    },
    {
      "kernel": "TransposePadMatrix",
      "time": 0.911,
      "parameters": {"PADTRA_PAD": 0,"PADTRA_TILE": 8,"PADTRA_WPT": 4,"PRECISION": 32}
    },
    {
      "kernel": "TransposePadMatrix",
      "time": 1.292,
      "parameters": {"PADTRA_PAD": 1,"PADTRA_TILE": 8,"PADTRA_WPT": 4,"PRECISION": 32}
    },
    {
      "kernel": "TransposePadMatrix",
      "time": 1.322,
      "parameters": {"PADTRA_PAD": 0,"PADTRA_TILE": 8,"PADTRA_WPT": 8,"PRECISION": 32}
    },
    {
      "kernel": "TransposePadMatrix",
      "time": 1.289,
      "parameters": {"PADTRA_PAD": 1,"PADTRA_TILE": 8,"PADTRA_WPT": 8,"PRECISION": 32}
    },
    {
      "kernel": "TransposePadMatrix",
      "time": 1.315,
      "parameters": {"PADTRA_PAD": 0,"PADTRA_TILE": 16,"PADTRA_WPT": 1,"PRECISION": 32}
    },
    {
      "kernel": "TransposePadMatrix",
      "time": 1.289,
      "parameters": {"PADTRA_PAD": 1,"PADTRA_TILE": 16,"PADTRA_WPT": 1,"PRECISION": 32}
    },
    {
      "kernel": "TransposePadMatrix",
      "time": 0.941,
      "parameters": {"PADTRA_PAD": 0,"PADTRA_TILE": 16,"PADTRA_WPT": 2,"PRECISION": 32}
    },
    {
      "kernel": "TransposePadMatrix",
      "time": 0.898,
      "parameters": {"PADTRA_PAD": 1,"PADTRA_TILE": 16,"PADTRA_WPT": 2,"PRECISION": 32}
    },
    {
      "kernel": "TransposePadMatrix",
      "time": 1.288,
      "parameters": {"PADTRA_PAD": 0,"PADTRA_TILE": 16,"PADTRA_WPT": 4,"PRECISION": 32}
    },
    {
      "kernel": "TransposePadMatrix",
      "time": 1.307,
      "parameters": {"PADTRA_PAD": 1,"PADTRA_TILE": 16,"PADTRA_WPT": 4,"PRECISION": 32}
    },
    {
      "kernel": "TransposePadMatrix",
      "time": 1.309,
      "parameters": {"PADTRA_PAD": 0,"PADTRA_TILE": 32,"PADTRA_WPT": 1,"PRECISION": 32}
    },
    {
      "kernel": "TransposePadMatrix",
      "time": 1.296,
      "parameters": {"PADTRA_PAD": 1,"PADTRA_TILE": 32,"PADTRA_WPT": 1,"PRECISION": 32}
    },
    {
      "kernel": "TransposePadMatrix",
      "time": 1.149,
      "parameters": {"PADTRA_PAD": 0,"PADTRA_TILE": 32,"PADTRA_WPT": 2,"PRECISION": 32}
    },
    {
      "kernel": "TransposePadMatrix",
      "time": 1.293,
      "parameters": {"PADTRA_PAD": 1,"PADTRA_TILE": 32,"PADTRA_WPT": 2,"PRECISION": 32}
    }
  ]
}
