{
  "kernel_family": "xgemm_direct_2",
  "precision": "16",
  "best_kernel": "XgemmDirectTN",
  "best_time": "1.30",
  "best_parameters": "KWID=2 MDIMAD=8 MDIMCD=16 NDIMBD=8 NDIMCD=8 PADA=0 PADB=1 PRECISION=16 VWMD=1 VWND=2 WGD=32",
  "arg_m": "256",
  "arg_n": "256",
  "arg_k": "256",
  "arg_alpha": "2.000000",
  "arg_beta": "2.000000",
  "clblast_device_type": "GPU",
  "clblast_device_vendor": "QUALCOMM",
  "clblast_device_architecture": "OpenCL C 3.0 Adreno(TM) 740",
  "clblast_device_name": "QUALCOMM Adreno(TM)",
  "device": "QUALCOMM Adreno(TM)",
  "platform_vendor": "QUALCOMM",
  "platform_version": "OpenCL 3.0 QUALCOMM build: commit unknown",
  "device_vendor": "QUALCOMM",
  "device_type": "GPU",
  "device_core_clock": "1",
  "device_compute_units": "6",
  "device_extra_info": "",
  "results": [
    {
      "kernel": "XgemmDirectTN",
      "time": 52.970,
      "parameters": {"KWID": 8,"MDIMAD": 16,"MDIMCD": 16,"NDIMBD": 16,"NDIMCD": 16,"PADA": 0,"PADB": 1,"PRECISION": 16,"VWMD": 2,"VWND": 4,"WGD": 64}
    },
    {
      "kernel": "XgemmDirectTN",
      "time": 49.138,
      "parameters": {"KWID": 8,"MDIMAD": 16,"MDIMCD": 8,"NDIMBD": 8,"NDIMCD": 32,"PADA": 1,"PADB": 0,"PRECISION": 16,"VWMD": 4,"VWND": 1,"WGD": 64}
    },
    {
      "kernel": "XgemmDirectTN",
      "time": 57.116,
      "parameters": {"KWID": 2,"MDIMAD": 8,"MDIMCD": 8,"NDIMBD": 8,"NDIMCD": 8,"PADA": 0,"PADB": 1,"PRECISION": 16,"VWMD": 2,"VWND": 4,"WGD": 32}
    },
    {
      "kernel": "XgemmDirectTN",
      "time": 35.075,
      "parameters": {"KWID": 8,"MDIMAD": 8,"MDIMCD": 8,"NDIMBD": 8,"NDIMCD": 16,"PADA": 1,"PADB": 0,"PRECISION": 16,"VWMD": 4,"VWND": 4,"WGD": 64}
    },
    {
      "kernel": "XgemmDirectTN",
      "time": 51.172,
      "parameters": {"KWID": 2,"MDIMAD": 8,"MDIMCD": 32,"NDIMBD": 8,"NDIMCD": 8,"PADA": 1,"PADB": 1,"PRECISION": 16,"VWMD": 2,"VWND": 2,"WGD": 64}
    },
    {
      "kernel": "XgemmDirectTN",
      "time": 3.163,
      "parameters": {"KWID": 2,"MDIMAD": 16,"MDIMCD": 8,"NDIMBD": 16,"NDIMCD": 16,"PADA": 0,"PADB": 0,"PRECISION": 16,"VWMD": 1,"VWND": 1,"WGD": 16}
    },
    {
      "kernel": "XgemmDirectTN",
      "time": 36.394,
      "parameters": {"KWID": 2,"MDIMAD": 32,"MDIMCD": 8,"NDIMBD": 8,"NDIMCD": 8,"PADA": 0,"PADB": 1,"PRECISION": 16,"VWMD": 1,"VWND": 8,"WGD": 64}
    },
    {
      "kernel": "XgemmDirectTN",
      "time": 70.920,
      "parameters": {"KWID": 16,"MDIMAD": 8,"MDIMCD": 8,"NDIMBD": 16,"NDIMCD": 8,"PADA": 0,"PADB": 0,"PRECISION": 16,"VWMD": 1,"VWND": 4,"WGD": 64}
    },
    {
      "kernel": "XgemmDirectTN",
      "time": 58.292,
      "parameters": {"KWID": 8,"MDIMAD": 8,"MDIMCD": 8,"NDIMBD": 16,"NDIMCD": 8,"PADA": 1,"PADB": 1,"PRECISION": 16,"VWMD": 1,"VWND": 1,"WGD": 32}
    },
    {
      "kernel": "XgemmDirectTN",
      "time": 36.869,
      "parameters": {"KWID": 8,"MDIMAD": 32,"MDIMCD": 16,"NDIMBD": 8,"NDIMCD": 8,"PADA": 1,"PADB": 0,"PRECISION": 16,"VWMD": 1,"VWND": 2,"WGD": 64}
    },
    {
      "kernel": "XgemmDirectTN",
      "time": 3.329,
      "parameters": {"KWID": 8,"MDIMAD": 8,"MDIMCD": 8,"NDIMBD": 16,"NDIMCD": 32,"PADA": 1,"PADB": 0,"PRECISION": 16,"VWMD": 2,"VWND": 1,"WGD": 32}
    },
    {
      "kernel": "XgemmDirectTN",
      "time": 53.911,
      "parameters": {"KWID": 2,"MDIMAD": 8,"MDIMCD": 8,"NDIMBD": 8,"NDIMCD": 32,"PADA": 0,"PADB": 1,"PRECISION": 16,"VWMD": 4,"VWND": 1,"WGD": 64}
    },
    {
      "kernel": "XgemmDirectTN",
      "time": 2.177,
      "parameters": {"KWID": 16,"MDIMAD": 32,"MDIMCD": 16,"NDIMBD": 16,"NDIMCD": 16,"PADA": 0,"PADB": 0,"PRECISION": 16,"VWMD": 1,"VWND": 1,"WGD": 32}
    },
    {
      "kernel": "XgemmDirectTN",
      "time": 37.263,
      "parameters": {"KWID": 2,"MDIMAD": 16,"MDIMCD": 16,"NDIMBD": 16,"NDIMCD": 8,"PADA": 1,"PADB": 0,"PRECISION": 16,"VWMD": 1,"VWND": 1,"WGD": 64}
    },
    {
      "kernel": "XgemmDirectTN",
      "time": 37.433,
      "parameters": {"KWID": 2,"MDIMAD": 8,"MDIMCD": 16,"NDIMBD": 8,"NDIMCD": 8,"PADA": 1,"PADB": 0,"PRECISION": 16,"VWMD": 4,"VWND": 2,"WGD": 64}
    },
    {
      "kernel": "XgemmDirectTN",
      "time": 53.216,
      "parameters": {"KWID": 8,"MDIMAD": 32,"MDIMCD": 8,"NDIMBD": 16,"NDIMCD": 8,"PADA": 1,"PADB": 0,"PRECISION": 16,"VWMD": 1,"VWND": 2,"WGD": 32}
    },
    {
      "kernel": "XgemmDirectTN",
      "time": 2.279,
      "parameters": {"KWID": 2,"MDIMAD": 8,"MDIMCD": 8,"NDIMBD": 8,"NDIMCD": 16,"PADA": 1,"PADB": 0,"PRECISION": 16,"VWMD": 2,"VWND": 2,"WGD": 32}
    },
    {
      "kernel": "XgemmDirectTN",
      "time": 71.174,
      "parameters": {"KWID": 2,"MDIMAD": 8,"MDIMCD": 8,"NDIMBD": 8,"NDIMCD": 8,"PADA": 0,"PADB": 1,"PRECISION": 16,"VWMD": 1,"VWND": 8,"WGD": 64}
    },
    {
      "kernel": "XgemmDirectTN",
      "time": 1.317,
      "parameters": {"KWID": 2,"MDIMAD": 8,"MDIMCD": 16,"NDIMBD": 16,"NDIMCD": 8,"PADA": 0,"PADB": 1,"PRECISION": 16,"VWMD": 1,"VWND": 1,"WGD": 16}
    },
    {
      "kernel": "XgemmDirectTN",
      "time": 54.537,
      "parameters": {"KWID": 8,"MDIMAD": 8,"MDIMCD": 8,"NDIMBD": 16,"NDIMCD": 32,"PADA": 0,"PADB": 0,"PRECISION": 16,"VWMD": 1,"VWND": 1,"WGD": 64}
    },
    {
      "kernel": "XgemmDirectTN",
      "time": 11.196,
      "parameters": {"KWID": 2,"MDIMAD": 16,"MDIMCD": 16,"NDIMBD": 16,"NDIMCD": 16,"PADA": 1,"PADB": 0,"PRECISION": 16,"VWMD": 1,"VWND": 1,"WGD": 64}
    },
    {
      "kernel": "XgemmDirectTN",
      "time": 3.285,
      "parameters": {"KWID": 8,"MDIMAD": 32,"MDIMCD": 16,"NDIMBD": 16,"NDIMCD": 32,"PADA": 1,"PADB": 1,"PRECISION": 16,"VWMD": 1,"VWND": 1,"WGD": 32}
    },
    {
      "kernel": "XgemmDirectTN",
      "time": 2.057,
      "parameters": {"KWID": 16,"MDIMAD": 16,"MDIMCD": 32,"NDIMBD": 8,"NDIMCD": 8,"PADA": 0,"PADB": 1,"PRECISION": 16,"VWMD": 1,"VWND": 2,"WGD": 32}
    },
    {
      "kernel": "XgemmDirectTN",
      "time": 35.883,
      "parameters": {"KWID": 8,"MDIMAD": 16,"MDIMCD": 16,"NDIMBD": 32,"NDIMCD": 8,"PADA": 0,"PADB": 0,"PRECISION": 16,"VWMD": 4,"VWND": 2,"WGD": 64}
    },
    {
      "kernel": "XgemmDirectTN",
      "time": 1.821,
      "parameters": {"KWID": 16,"MDIMAD": 32,"MDIMCD": 32,"NDIMBD": 16,"NDIMCD": 16,"PADA": 0,"PADB": 0,"PRECISION": 16,"VWMD": 2,"VWND": 1,"WGD": 64}
    },
    {
      "kernel": "XgemmDirectTN",
      "time": 37.226,
      "parameters": {"KWID": 2,"MDIMAD": 32,"MDIMCD": 16,"NDIMBD": 16,"NDIMCD": 8,"PADA": 0,"PADB": 1,"PRECISION": 16,"VWMD": 1,"VWND": 2,"WGD": 64}
    },
    {
      "kernel": "XgemmDirectTN",
      "time": 40.287,
      "parameters": {"KWID": 8,"MDIMAD": 16,"MDIMCD": 8,"NDIMBD": 16,"NDIMCD": 16,"PADA": 1,"PADB": 0,"PRECISION": 16,"VWMD": 2,"VWND": 2,"WGD": 64}
    },
    {
      "kernel": "XgemmDirectTN",
      "time": 1.677,
      "parameters": {"KWID": 16,"MDIMAD": 16,"MDIMCD": 16,"NDIMBD": 8,"NDIMCD": 8,"PADA": 1,"PADB": 1,"PRECISION": 16,"VWMD": 1,"VWND": 2,"WGD": 16}
    },
    {
      "kernel": "XgemmDirectTN",
      "time": 40.609,
      "parameters": {"KWID": 16,"MDIMAD": 16,"MDIMCD": 8,"NDIMBD": 16,"NDIMCD": 16,"PADA": 1,"PADB": 1,"PRECISION": 16,"VWMD": 2,"VWND": 4,"WGD": 64}
    },
    {
      "kernel": "XgemmDirectTN",
      "time": 2.022,
      "parameters": {"KWID": 16,"MDIMAD": 32,"MDIMCD": 8,"NDIMBD": 8,"NDIMCD": 16,"PADA": 0,"PADB": 1,"PRECISION": 16,"VWMD": 1,"VWND": 1,"WGD": 32}
    },
    {
      "kernel": "XgemmDirectTN",
      "time": 1.404,
      "parameters": {"KWID": 16,"MDIMAD": 16,"MDIMCD": 16,"NDIMBD": 8,"NDIMCD": 8,"PADA": 1,"PADB": 0,"PRECISION": 16,"VWMD": 1,"VWND": 1,"WGD": 32}
    },
    {
      "kernel": "XgemmDirectTN",
      "time": 48.855,
      "parameters": {"KWID": 16,"MDIMAD": 32,"MDIMCD": 32,"NDIMBD": 16,"NDIMCD": 8,"PADA": 0,"PADB": 0,"PRECISION": 16,"VWMD": 2,"VWND": 2,"WGD": 64}
    },
    {
      "kernel": "XgemmDirectTN",
      "time": 3.559,
      "parameters": {"KWID": 2,"MDIMAD": 32,"MDIMCD": 32,"NDIMBD": 32,"NDIMCD": 32,"PADA": 1,"PADB": 0,"PRECISION": 16,"VWMD": 1,"VWND": 1,"WGD": 32}
    },
    {
      "kernel": "XgemmDirectTN",
      "time": 39.525,
      "parameters": {"KWID": 8,"MDIMAD": 8,"MDIMCD": 8,"NDIMBD": 32,"NDIMCD": 16,"PADA": 0,"PADB": 0,"PRECISION": 16,"VWMD": 2,"VWND": 2,"WGD": 64}
    },
    {
      "kernel": "XgemmDirectTN",
      "time": 37.577,
      "parameters": {"KWID": 8,"MDIMAD": 16,"MDIMCD": 16,"NDIMBD": 16,"NDIMCD": 8,"PADA": 1,"PADB": 0,"PRECISION": 16,"VWMD": 1,"VWND": 1,"WGD": 64}
    },
    {
      "kernel": "XgemmDirectTN",
      "time": 3.267,
      "parameters": {"KWID": 16,"MDIMAD": 16,"MDIMCD": 8,"NDIMBD": 16,"NDIMCD": 32,"PADA": 0,"PADB": 0,"PRECISION": 16,"VWMD": 2,"VWND": 1,"WGD": 32}
    },
    {
      "kernel": "XgemmDirectTN",
      "time": 36.449,
      "parameters": {"KWID": 8,"MDIMAD": 32,"MDIMCD": 8,"NDIMBD": 16,"NDIMCD": 8,"PADA": 1,"PADB": 1,"PRECISION": 16,"VWMD": 1,"VWND": 2,"WGD": 64}
    },
    {
      "kernel": "XgemmDirectTN",
      "time": 35.648,
      "parameters": {"KWID": 16,"MDIMAD": 8,"MDIMCD": 16,"NDIMBD": 8,"NDIMCD": 8,"PADA": 0,"PADB": 0,"PRECISION": 16,"VWMD": 2,"VWND": 4,"WGD": 64}
    },
    {
      "kernel": "XgemmDirectTN",
      "time": 2.135,
      "parameters": {"KWID": 16,"MDIMAD": 8,"MDIMCD": 8,"NDIMBD": 16,"NDIMCD": 8,"PADA": 0,"PADB": 1,"PRECISION": 16,"VWMD": 1,"VWND": 1,"WGD": 16}
    },
    {
      "kernel": "XgemmDirectTN",
      "time": 1.817,
      "parameters": {"KWID": 16,"MDIMAD": 32,"MDIMCD": 32,"NDIMBD": 16,"NDIMCD": 8,"PADA": 0,"PADB": 1,"PRECISION": 16,"VWMD": 1,"VWND": 2,"WGD": 32}
    },
    {
      "kernel": "XgemmDirectTN",
      "time": 2.172,
      "parameters": {"KWID": 16,"MDIMAD": 8,"MDIMCD": 32,"NDIMBD": 8,"NDIMCD": 8,"PADA": 1,"PADB": 1,"PRECISION": 16,"VWMD": 1,"VWND": 4,"WGD": 32}
    },
    {
      "kernel": "XgemmDirectTN",
      "time": 8.784,
      "parameters": {"KWID": 8,"MDIMAD": 16,"MDIMCD": 16,"NDIMBD": 32,"NDIMCD": 32,"PADA": 1,"PADB": 1,"PRECISION": 16,"VWMD": 2,"VWND": 2,"WGD": 64}
    },
    {
      "kernel": "XgemmDirectTN",
      "time": 71.090,
      "parameters": {"KWID": 16,"MDIMAD": 8,"MDIMCD": 8,"NDIMBD": 32,"NDIMCD": 8,"PADA": 1,"PADB": 1,"PRECISION": 16,"VWMD": 8,"VWND": 1,"WGD": 64}
    },
    {
      "kernel": "XgemmDirectTN",
      "time": 40.443,
      "parameters": {"KWID": 8,"MDIMAD": 8,"MDIMCD": 8,"NDIMBD": 8,"NDIMCD": 16,"PADA": 0,"PADB": 1,"PRECISION": 16,"VWMD": 4,"VWND": 1,"WGD": 64}
    },
    {
      "kernel": "XgemmDirectTN",
      "time": 40.540,
      "parameters": {"KWID": 2,"MDIMAD": 32,"MDIMCD": 8,"NDIMBD": 16,"NDIMCD": 16,"PADA": 1,"PADB": 0,"PRECISION": 16,"VWMD": 2,"VWND": 2,"WGD": 64}
    },
    {
      "kernel": "XgemmDirectTN",
      "time": 2.485,
      "parameters": {"KWID": 2,"MDIMAD": 32,"MDIMCD": 16,"NDIMBD": 16,"NDIMCD": 32,"PADA": 0,"PADB": 1,"PRECISION": 16,"VWMD": 1,"VWND": 2,"WGD": 64}
    },
    {
      "kernel": "XgemmDirectTN",
      "time": 35.590,
      "parameters": {"KWID": 8,"MDIMAD": 8,"MDIMCD": 16,"NDIMBD": 16,"NDIMCD": 8,"PADA": 0,"PADB": 0,"PRECISION": 16,"VWMD": 4,"VWND": 2,"WGD": 64}
    },
    {
      "kernel": "XgemmDirectTN",
      "time": 40.380,
      "parameters": {"KWID": 2,"MDIMAD": 32,"MDIMCD": 8,"NDIMBD": 32,"NDIMCD": 16,"PADA": 0,"PADB": 1,"PRECISION": 16,"VWMD": 2,"VWND": 1,"WGD": 64}
    },
    {
      "kernel": "XgemmDirectTN",
      "time": 40.535,
      "parameters": {"KWID": 8,"MDIMAD": 16,"MDIMCD": 8,"NDIMBD": 8,"NDIMCD": 16,"PADA": 0,"PADB": 1,"PRECISION": 16,"VWMD": 4,"VWND": 2,"WGD": 64}
    },
    {
      "kernel": "XgemmDirectTN",
      "time": 52.088,
      "parameters": {"KWID": 8,"MDIMAD": 16,"MDIMCD": 8,"NDIMBD": 8,"NDIMCD": 8,"PADA": 1,"PADB": 0,"PRECISION": 16,"VWMD": 2,"VWND": 4,"WGD": 32}
    },
    {
      "kernel": "XgemmDirectTN",
      "time": 50.437,
      "parameters": {"KWID": 8,"MDIMAD": 8,"MDIMCD": 8,"NDIMBD": 32,"NDIMCD": 32,"PADA": 1,"PADB": 1,"PRECISION": 16,"VWMD": 8,"VWND": 1,"WGD": 64}
    },
    {
      "kernel": "XgemmDirectTN",
      "time": 1.805,
      "parameters": {"KWID": 2,"MDIMAD": 8,"MDIMCD": 32,"NDIMBD": 16,"NDIMCD": 8,"PADA": 0,"PADB": 1,"PRECISION": 16,"VWMD": 1,"VWND": 2,"WGD": 32}
    },
    {
      "kernel": "XgemmDirectTN",
      "time": 40.606,
      "parameters": {"KWID": 16,"MDIMAD": 16,"MDIMCD": 8,"NDIMBD": 32,"NDIMCD": 16,"PADA": 0,"PADB": 1,"PRECISION": 16,"VWMD": 2,"VWND": 1,"WGD": 64}
    },
    {
      "kernel": "XgemmDirectTN",
      "time": 50.266,
      "parameters": {"KWID": 16,"MDIMAD": 32,"MDIMCD": 8,"NDIMBD": 8,"NDIMCD": 32,"PADA": 1,"PADB": 0,"PRECISION": 16,"VWMD": 1,"VWND": 2,"WGD": 64}
    },
    {
      "kernel": "XgemmDirectTN",
      "time": 70.963,
      "parameters": {"KWID": 2,"MDIMAD": 16,"MDIMCD": 8,"NDIMBD": 8,"NDIMCD": 8,"PADA": 0,"PADB": 1,"PRECISION": 16,"VWMD": 1,"VWND": 8,"WGD": 64}
    },
    {
      "kernel": "XgemmDirectTN",
      "time": 7.318,
      "parameters": {"KWID": 8,"MDIMAD": 8,"MDIMCD": 8,"NDIMBD": 16,"NDIMCD": 16,"PADA": 1,"PADB": 0,"PRECISION": 16,"VWMD": 2,"VWND": 2,"WGD": 32}
    },
    {
      "kernel": "XgemmDirectTN",
      "time": 55.825,
      "parameters": {"KWID": 16,"MDIMAD": 8,"MDIMCD": 32,"NDIMBD": 8,"NDIMCD": 8,"PADA": 0,"PADB": 1,"PRECISION": 16,"VWMD": 2,"VWND": 2,"WGD": 64}
    },
    {
      "kernel": "XgemmDirectTN",
      "time": 12.587,
      "parameters": {"KWID": 2,"MDIMAD": 16,"MDIMCD": 8,"NDIMBD": 16,"NDIMCD": 8,"PADA": 1,"PADB": 0,"PRECISION": 16,"VWMD": 1,"VWND": 1,"WGD": 32}
    },
    {
      "kernel": "XgemmDirectTN",
      "time": 40.716,
      "parameters": {"KWID": 2,"MDIMAD": 8,"MDIMCD": 8,"NDIMBD": 32,"NDIMCD": 16,"PADA": 0,"PADB": 1,"PRECISION": 16,"VWMD": 2,"VWND": 1,"WGD": 64}
    },
    {
      "kernel": "XgemmDirectTN",
      "time": 50.260,
      "parameters": {"KWID": 16,"MDIMAD": 8,"MDIMCD": 8,"NDIMBD": 32,"NDIMCD": 32,"PADA": 0,"PADB": 0,"PRECISION": 16,"VWMD": 1,"VWND": 1,"WGD": 64}
    },
    {
      "kernel": "XgemmDirectTN",
      "time": 53.752,
      "parameters": {"KWID": 16,"MDIMAD": 8,"MDIMCD": 16,"NDIMBD": 16,"NDIMCD": 16,"PADA": 1,"PADB": 1,"PRECISION": 16,"VWMD": 4,"VWND": 1,"WGD": 64}
    },
    {
      "kernel": "XgemmDirectTN",
      "time": 58.647,
      "parameters": {"KWID": 8,"MDIMAD": 8,"MDIMCD": 16,"NDIMBD": 16,"NDIMCD": 16,"PADA": 0,"PADB": 0,"PRECISION": 16,"VWMD": 1,"VWND": 1,"WGD": 64}
    },
    {
      "kernel": "XgemmDirectTN",
      "time": 51.220,
      "parameters": {"KWID": 2,"MDIMAD": 8,"MDIMCD": 8,"NDIMBD": 32,"NDIMCD": 32,"PADA": 1,"PADB": 1,"PRECISION": 16,"VWMD": 8,"VWND": 1,"WGD": 64}
    },
    {
      "kernel": "XgemmDirectTN",
      "time": 20.701,
      "parameters": {"KWID": 8,"MDIMAD": 8,"MDIMCD": 32,"NDIMBD": 16,"NDIMCD": 16,"PADA": 0,"PADB": 0,"PRECISION": 16,"VWMD": 1,"VWND": 2,"WGD": 64}
    },
    {
      "kernel": "XgemmDirectTN",
      "time": 1.816,
      "parameters": {"KWID": 16,"MDIMAD": 16,"MDIMCD": 32,"NDIMBD": 8,"NDIMCD": 8,"PADA": 1,"PADB": 1,"PRECISION": 16,"VWMD": 1,"VWND": 2,"WGD": 32}
    },
    {
      "kernel": "XgemmDirectTN",
      "time": 37.261,
      "parameters": {"KWID": 16,"MDIMAD": 16,"MDIMCD": 16,"NDIMBD": 16,"NDIMCD": 8,"PADA": 0,"PADB": 1,"PRECISION": 16,"VWMD": 4,"VWND": 1,"WGD": 64}
    },
    {
      "kernel": "XgemmDirectTN",
      "time": 71.289,
      "parameters": {"KWID": 16,"MDIMAD": 16,"MDIMCD": 8,"NDIMBD": 16,"NDIMCD": 8,"PADA": 1,"PADB": 0,"PRECISION": 16,"VWMD": 4,"VWND": 1,"WGD": 64}
    },
    {
      "kernel": "XgemmDirectTN",
      "time": 50.168,
      "parameters": {"KWID": 16,"MDIMAD": 32,"MDIMCD": 8,"NDIMBD": 8,"NDIMCD": 32,"PADA": 1,"PADB": 1,"PRECISION": 16,"VWMD": 2,"VWND": 2,"WGD": 64}
    },
    {
      "kernel": "XgemmDirectTN",
      "time": 2.003,
      "parameters": {"KWID": 16,"MDIMAD": 16,"MDIMCD": 8,"NDIMBD": 8,"NDIMCD": 16,"PADA": 1,"PADB": 1,"PRECISION": 16,"VWMD": 1,"VWND": 2,"WGD": 32}
    },
    {
      "kernel": "XgemmDirectTN",
      "time": 78.516,
      "parameters": {"KWID": 2,"MDIMAD": 16,"MDIMCD": 8,"NDIMBD": 8,"NDIMCD": 8,"PADA": 0,"PADB": 0,"PRECISION": 16,"VWMD": 2,"VWND": 8,"WGD": 64}
    },
    {
      "kernel": "XgemmDirectTN",
      "time": 34.497,
      "parameters": {"KWID": 16,"MDIMAD": 32,"MDIMCD": 8,"NDIMBD": 8,"NDIMCD": 8,"PADA": 0,"PADB": 0,"PRECISION": 16,"VWMD": 1,"VWND": 2,"WGD": 64}
    },
    {
      "kernel": "XgemmDirectTN",
      "time": 53.813,
      "parameters": {"KWID": 8,"MDIMAD": 16,"MDIMCD": 32,"NDIMBD": 32,"NDIMCD": 8,"PADA": 1,"PADB": 0,"PRECISION": 16,"VWMD": 1,"VWND": 1,"WGD": 64}
    },
    {
      "kernel": "XgemmDirectTN",
      "time": 1.305,
      "parameters": {"KWID": 16,"MDIMAD": 16,"MDIMCD": 16,"NDIMBD": 8,"NDIMCD": 8,"PADA": 1,"PADB": 0,"PRECISION": 16,"VWMD": 2,"VWND": 2,"WGD": 32}
    },
    {
      "kernel": "XgemmDirectTN",
      "time": 1.940,
      "parameters": {"KWID": 16,"MDIMAD": 32,"MDIMCD": 32,"NDIMBD": 8,"NDIMCD": 8,"PADA": 1,"PADB": 0,"PRECISION": 16,"VWMD": 1,"VWND": 4,"WGD": 32}
    },
    {
      "kernel": "XgemmDirectTN",
      "time": 71.303,
      "parameters": {"KWID": 8,"MDIMAD": 16,"MDIMCD": 8,"NDIMBD": 8,"NDIMCD": 8,"PADA": 1,"PADB": 1,"PRECISION": 16,"VWMD": 4,"VWND": 8,"WGD": 64}
    },
    {
      "kernel": "XgemmDirectTN",
      "time": 54.840,
      "parameters": {"KWID": 2,"MDIMAD": 8,"MDIMCD": 16,"NDIMBD": 16,"NDIMCD": 16,"PADA": 0,"PADB": 0,"PRECISION": 16,"VWMD": 2,"VWND": 4,"WGD": 64}
    },
    {
      "kernel": "XgemmDirectTN",
      "time": 35.670,
      "parameters": {"KWID": 2,"MDIMAD": 8,"MDIMCD": 16,"NDIMBD": 8,"NDIMCD": 8,"PADA": 0,"PADB": 0,"PRECISION": 16,"VWMD": 2,"VWND": 2,"WGD": 64}
    },
    {
      "kernel": "XgemmDirectTN",
      "time": 35.975,
      "parameters": {"KWID": 2,"MDIMAD": 8,"MDIMCD": 8,"NDIMBD": 8,"NDIMCD": 8,"PADA": 0,"PADB": 1,"PRECISION": 16,"VWMD": 4,"VWND": 8,"WGD": 64}
    },
    {
      "kernel": "XgemmDirectTN",
      "time": 1.350,
      "parameters": {"KWID": 16,"MDIMAD": 16,"MDIMCD": 16,"NDIMBD": 8,"NDIMCD": 8,"PADA": 1,"PADB": 1,"PRECISION": 16,"VWMD": 1,"VWND": 2,"WGD": 32}
    },
    {
      "kernel": "XgemmDirectTN",
      "time": 50.195,
      "parameters": {"KWID": 16,"MDIMAD": 16,"MDIMCD": 8,"NDIMBD": 16,"NDIMCD": 32,"PADA": 0,"PADB": 0,"PRECISION": 16,"VWMD": 2,"VWND": 2,"WGD": 64}
    },
    {
      "kernel": "XgemmDirectTN",
      "time": 71.140,
      "parameters": {"KWID": 8,"MDIMAD": 32,"MDIMCD": 8,"NDIMBD": 16,"NDIMCD": 8,"PADA": 1,"PADB": 1,"PRECISION": 16,"VWMD": 1,"VWND": 1,"WGD": 64}
    },
    {
      "kernel": "XgemmDirectTN",
      "time": 71.828,
      "parameters": {"KWID": 2,"MDIMAD": 16,"MDIMCD": 8,"NDIMBD": 16,"NDIMCD": 8,"PADA": 1,"PADB": 0,"PRECISION": 16,"VWMD": 1,"VWND": 4,"WGD": 64}
    },
    {
      "kernel": "XgemmDirectTN",
      "time": 71.504,
      "parameters": {"KWID": 16,"MDIMAD": 8,"MDIMCD": 8,"NDIMBD": 16,"NDIMCD": 8,"PADA": 1,"PADB": 0,"PRECISION": 16,"VWMD": 4,"VWND": 4,"WGD": 64}
    },
    {
      "kernel": "XgemmDirectTN",
      "time": 7.447,
      "parameters": {"KWID": 8,"MDIMAD": 16,"MDIMCD": 8,"NDIMBD": 16,"NDIMCD": 16,"PADA": 0,"PADB": 1,"PRECISION": 16,"VWMD": 2,"VWND": 1,"WGD": 32}
    },
    {
      "kernel": "XgemmDirectTN",
      "time": 2.441,
      "parameters": {"KWID": 16,"MDIMAD": 8,"MDIMCD": 16,"NDIMBD": 16,"NDIMCD": 32,"PADA": 0,"PADB": 1,"PRECISION": 16,"VWMD": 4,"VWND": 2,"WGD": 64}
    },
    {
      "kernel": "XgemmDirectTN",
      "time": 3.375,
      "parameters": {"KWID": 8,"MDIMAD": 32,"MDIMCD": 8,"NDIMBD": 32,"NDIMCD": 32,"PADA": 0,"PADB": 0,"PRECISION": 16,"VWMD": 1,"VWND": 1,"WGD": 32}
    },
    {
      "kernel": "XgemmDirectTN",
      "time": 48.499,
      "parameters": {"KWID": 16,"MDIMAD": 32,"MDIMCD": 32,"NDIMBD": 16,"NDIMCD": 8,"PADA": 1,"PADB": 0,"PRECISION": 16,"VWMD": 1,"VWND": 1,"WGD": 64}
    },
    {
      "kernel": "XgemmDirectTN",
      "time": 40.303,
      "parameters": {"KWID": 8,"MDIMAD": 32,"MDIMCD": 8,"NDIMBD": 8,"NDIMCD": 16,"PADA": 0,"PADB": 1,"PRECISION": 16,"VWMD": 1,"VWND": 2,"WGD": 64}
    },
    {
      "kernel": "XgemmDirectTN",
      "time": 50.253,
      "parameters": {"KWID": 8,"MDIMAD": 8,"MDIMCD": 8,"NDIMBD": 32,"NDIMCD": 32,"PADA": 1,"PADB": 1,"PRECISION": 16,"VWMD": 2,"VWND": 2,"WGD": 64}
    },
    {
      "kernel": "XgemmDirectTN",
      "time": 53.066,
      "parameters": {"KWID": 8,"MDIMAD": 32,"MDIMCD": 16,"NDIMBD": 8,"NDIMCD": 16,"PADA": 1,"PADB": 1,"PRECISION": 16,"VWMD": 1,"VWND": 1,"WGD": 64}
    },
    {
      "kernel": "XgemmDirectTN",
      "time": 52.191,
      "parameters": {"KWID": 2,"MDIMAD": 32,"MDIMCD": 32,"NDIMBD": 16,"NDIMCD": 8,"PADA": 0,"PADB": 0,"PRECISION": 16,"VWMD": 2,"VWND": 2,"WGD": 64}
    },
    {
      "kernel": "XgemmDirectTN",
      "time": 71.327,
      "parameters": {"KWID": 16,"MDIMAD": 8,"MDIMCD": 8,"NDIMBD": 16,"NDIMCD": 8,"PADA": 1,"PADB": 1,"PRECISION": 16,"VWMD": 4,"VWND": 2,"WGD": 64}
    },
    {
      "kernel": "XgemmDirectTN",
      "time": 50.558,
      "parameters": {"KWID": 8,"MDIMAD": 32,"MDIMCD": 32,"NDIMBD": 8,"NDIMCD": 8,"PADA": 0,"PADB": 0,"PRECISION": 16,"VWMD": 1,"VWND": 8,"WGD": 64}
    },
    {
      "kernel": "XgemmDirectTN",
      "time": 53.402,
      "parameters": {"KWID": 8,"MDIMAD": 32,"MDIMCD": 16,"NDIMBD": 32,"NDIMCD": 16,"PADA": 0,"PADB": 0,"PRECISION": 16,"VWMD": 1,"VWND": 2,"WGD": 64}
    },
    {
      "kernel": "XgemmDirectTN",
      "time": 1.734,
      "parameters": {"KWID": 2,"MDIMAD": 32,"MDIMCD": 32,"NDIMBD": 32,"NDIMCD": 8,"PADA": 0,"PADB": 1,"PRECISION": 16,"VWMD": 1,"VWND": 1,"WGD": 32}
    },
    {
      "kernel": "XgemmDirectTN",
      "time": 7.731,
      "parameters": {"KWID": 8,"MDIMAD": 8,"MDIMCD": 16,"NDIMBD": 32,"NDIMCD": 32,"PADA": 1,"PADB": 1,"PRECISION": 16,"VWMD": 4,"VWND": 2,"WGD": 64}
    },
    {
      "kernel": "XgemmDirectTN",
      "time": 40.363,
      "parameters": {"KWID": 2,"MDIMAD": 8,"MDIMCD": 8,"NDIMBD": 8,"NDIMCD": 16,"PADA": 1,"PADB": 0,"PRECISION": 16,"VWMD": 8,"VWND": 4,"WGD": 64}
    },
    {
      "kernel": "XgemmDirectTN",
      "time": 12.356,
      "parameters": {"KWID": 2,"MDIMAD": 32,"MDIMCD": 16,"NDIMBD": 32,"NDIMCD": 16,"PADA": 1,"PADB": 0,"PRECISION": 16,"VWMD": 1,"VWND": 1,"WGD": 64}
    },
    {
      "kernel": "XgemmDirectTN",
      "time": 1.454,
      "parameters": {"KWID": 16,"MDIMAD": 16,"MDIMCD": 16,"NDIMBD": 8,"NDIMCD": 8,"PADA": 1,"PADB": 1,"PRECISION": 16,"VWMD": 2,"VWND": 4,"WGD": 32}
    },
    {
      "kernel": "XgemmDirectTN",
      "time": 2.690,
      "parameters": {"KWID": 2,"MDIMAD": 8,"MDIMCD": 16,"NDIMBD": 32,"NDIMCD": 32,"PADA": 0,"PADB": 0,"PRECISION": 16,"VWMD": 1,"VWND": 2,"WGD": 64}
    },
    {
      "kernel": "XgemmDirectTN",
      "time": 1.844,
      "parameters": {"KWID": 16,"MDIMAD": 32,"MDIMCD": 32,"NDIMBD": 8,"NDIMCD": 16,"PADA": 1,"PADB": 0,"PRECISION": 16,"VWMD": 2,"VWND": 1,"WGD": 64}
    },
    {
      "kernel": "XgemmDirectTN",
      "time": 40.538,
      "parameters": {"KWID": 2,"MDIMAD": 8,"MDIMCD": 8,"NDIMBD": 16,"NDIMCD": 16,"PADA": 1,"PADB": 0,"PRECISION": 16,"VWMD": 8,"VWND": 2,"WGD": 64}
    },
    {
      "kernel": "XgemmDirectTN",
      "time": 48.655,
      "parameters": {"KWID": 8,"MDIMAD": 16,"MDIMCD": 32,"NDIMBD": 16,"NDIMCD": 8,"PADA": 1,"PADB": 0,"PRECISION": 16,"VWMD": 1,"VWND": 2,"WGD": 64}
    },
    {
      "kernel": "XgemmDirectTN",
      "time": 7.964,
      "parameters": {"KWID": 8,"MDIMAD": 16,"MDIMCD": 16,"NDIMBD": 16,"NDIMCD": 32,"PADA": 0,"PADB": 0,"PRECISION": 16,"VWMD": 4,"VWND": 1,"WGD": 64}
    },
    {
      "kernel": "XgemmDirectTN",
      "time": 37.224,
      "parameters": {"KWID": 16,"MDIMAD": 32,"MDIMCD": 16,"NDIMBD": 8,"NDIMCD": 8,"PADA": 0,"PADB": 0,"PRECISION": 16,"VWMD": 1,"VWND": 8,"WGD": 64}
    },
    {
      "kernel": "XgemmDirectTN",
      "time": 2.201,
      "parameters": {"KWID": 8,"MDIMAD": 32,"MDIMCD": 16,"NDIMBD": 32,"NDIMCD": 16,"PADA": 0,"PADB": 1,"PRECISION": 16,"VWMD": 1,"VWND": 1,"WGD": 32}
    },
    {
      "kernel": "XgemmDirectTN",
      "time": 71.345,
      "parameters": {"KWID": 8,"MDIMAD": 32,"MDIMCD": 8,"NDIMBD": 16,"NDIMCD": 8,"PADA": 0,"PADB": 1,"PRECISION": 16,"VWMD": 2,"VWND": 2,"WGD": 64}
    },
    {
      "kernel": "XgemmDirectTN",
      "time": 49.831,
      "parameters": {"KWID": 8,"MDIMAD": 8,"MDIMCD": 8,"NDIMBD": 32,"NDIMCD": 32,"PADA": 1,"PADB": 0,"PRECISION": 16,"VWMD": 1,"VWND": 2,"WGD": 64}
    },
    {
      "kernel": "XgemmDirectTN",
      "time": 71.035,
      "parameters": {"KWID": 2,"MDIMAD": 16,"MDIMCD": 8,"NDIMBD": 8,"NDIMCD": 8,"PADA": 1,"PADB": 1,"PRECISION": 16,"VWMD": 4,"VWND": 8,"WGD": 64}
    },
    {
      "kernel": "XgemmDirectTN",
      "time": 49.499,
      "parameters": {"KWID": 16,"MDIMAD": 16,"MDIMCD": 8,"NDIMBD": 16,"NDIMCD": 32,"PADA": 0,"PADB": 1,"PRECISION": 16,"VWMD": 4,"VWND": 1,"WGD": 64}
    },
    {
      "kernel": "XgemmDirectTN",
      "time": 3.177,
      "parameters": {"KWID": 8,"MDIMAD": 8,"MDIMCD": 8,"NDIMBD": 8,"NDIMCD": 16,"PADA": 1,"PADB": 1,"PRECISION": 16,"VWMD": 1,"VWND": 1,"WGD": 16}
    },
    {
      "kernel": "XgemmDirectTN",
      "time": 52.762,
      "parameters": {"KWID": 16,"MDIMAD": 16,"MDIMCD": 16,"NDIMBD": 8,"NDIMCD": 16,"PADA": 0,"PADB": 1,"PRECISION": 16,"VWMD": 1,"VWND": 1,"WGD": 64}
    },
    {
      "kernel": "XgemmDirectTN",
      "time": 36.925,
      "parameters": {"KWID": 2,"MDIMAD": 16,"MDIMCD": 16,"NDIMBD": 8,"NDIMCD": 8,"PADA": 0,"PADB": 1,"PRECISION": 16,"VWMD": 4,"VWND": 4,"WGD": 64}
    },
    {
      "kernel": "XgemmDirectTN",
      "time": 51.875,
      "parameters": {"KWID": 8,"MDIMAD": 32,"MDIMCD": 32,"NDIMBD": 8,"NDIMCD": 8,"PADA": 1,"PADB": 1,"PRECISION": 16,"VWMD": 1,"VWND": 8,"WGD": 64}
    },
    {
      "kernel": "XgemmDirectTN",
      "time": 2.298,
      "parameters": {"KWID": 16,"MDIMAD": 8,"MDIMCD": 16,"NDIMBD": 16,"NDIMCD": 16,"PADA": 0,"PADB": 1,"PRECISION": 16,"VWMD": 1,"VWND": 1,"WGD": 32}
    },
    {
      "kernel": "XgemmDirectTN",
      "time": 1.319,
      "parameters": {"KWID": 2,"MDIMAD": 32,"MDIMCD": 16,"NDIMBD": 16,"NDIMCD": 8,"PADA": 1,"PADB": 1,"PRECISION": 16,"VWMD": 1,"VWND": 1,"WGD": 32}
    },
    {
      "kernel": "XgemmDirectTN",
      "time": 57.782,
      "parameters": {"KWID": 16,"MDIMAD": 8,"MDIMCD": 16,"NDIMBD": 16,"NDIMCD": 16,"PADA": 0,"PADB": 1,"PRECISION": 16,"VWMD": 1,"VWND": 1,"WGD": 64}
    },
    {
      "kernel": "XgemmDirectTN",
      "time": 2.087,
      "parameters": {"KWID": 16,"MDIMAD": 32,"MDIMCD": 32,"NDIMBD": 8,"NDIMCD": 8,"PADA": 1,"PADB": 0,"PRECISION": 16,"VWMD": 1,"VWND": 1,"WGD": 32}
    },
    {
      "kernel": "XgemmDirectTN",
      "time": 3.130,
      "parameters": {"KWID": 2,"MDIMAD": 8,"MDIMCD": 8,"NDIMBD": 16,"NDIMCD": 16,"PADA": 1,"PADB": 0,"PRECISION": 16,"VWMD": 1,"VWND": 1,"WGD": 16}
    },
    {
      "kernel": "XgemmDirectTN",
      "time": 1.297,
      "parameters": {"KWID": 2,"MDIMAD": 8,"MDIMCD": 16,"NDIMBD": 8,"NDIMCD": 8,"PADA": 0,"PADB": 1,"PRECISION": 16,"VWMD": 1,"VWND": 2,"WGD": 32}
    },
    {
      "kernel": "XgemmDirectTN",
      "time": 35.737,
      "parameters": {"KWID": 2,"MDIMAD": 8,"MDIMCD": 8,"NDIMBD": 16,"NDIMCD": 8,"PADA": 1,"PADB": 0,"PRECISION": 16,"VWMD": 1,"VWND": 1,"WGD": 64}
    }
  ]
}
