{
  "kernel_family": "pad",
  "precision": "16",
  "best_kernel": "CopyPadMatrix",
  "best_time": "0.22",
  "best_parameters": "PAD_DIMX=16 PAD_DIMY=32 PAD_WPTX=2 PAD_WPTY=1 PRECISION=16",
  "arg_m": "1024",
  "arg_n": "1024",
  "arg_alpha": "2.000000",
  "clblast_device_type": "GPU",
  "clblast_device_vendor": "QUALCOMM",
  "clblast_device_architecture": "OpenCL C 3.0 Adreno(TM) 740",
  "clblast_device_name": "QUALCOMM Adreno(TM)",
  "device": "QUALCOMM Adreno(TM)",
  "platform_vendor": "QUALCOMM",
  "platform_version": "OpenCL 3.0 QUALCOMM build: commit unknown",
  "device_vendor": "QUALCOMM",
  "device_type": "GPU",
  "device_core_clock": "1",
  "device_compute_units": "6",
  "device_extra_info": "",
  "results": [
    {
      "kernel": "CopyPadMatrix",
      "time": 1.028,
      "parameters": {"PAD_DIMX": 8,"PAD_DIMY": 8,"PAD_WPTX": 1,"PAD_WPTY": 1,"PRECISION": 16}
    },
    {
      "kernel": "CopyPadMatrix",
      "time": 1.314,
      "parameters": {"PAD_DIMX": 8,"PAD_DIMY": 8,"PAD_WPTX": 1,"PAD_WPTY": 2,"PRECISION": 16}
    },
    {
      "kernel": "CopyPadMatrix",
      "time": 0.586,
      "parameters": {"PAD_DIMX": 8,"PAD_DIMY": 8,"PAD_WPTX": 1,"PAD_WPTY": 4,"PRECISION": 16}
    },
    {
      "kernel": "CopyPadMatrix",
      "time": 1.287,
      "parameters": {"PAD_DIMX": 8,"PAD_DIMY": 8,"PAD_WPTX": 2,"PAD_WPTY": 1,"PRECISION": 16}
    },
    {
      "kernel": "CopyPadMatrix",
      "time": 0.667,
      "parameters": {"PAD_DIMX": 8,"PAD_DIMY": 8,"PAD_WPTX": 2,"PAD_WPTY": 2,"PRECISION": 16}
    },
    {
      "kernel": "CopyPadMatrix",
      "time": 0.543,
      "parameters": {"PAD_DIMX": 8,"PAD_DIMY": 8,"PAD_WPTX": 2,"PAD_WPTY": 4,"PRECISION": 16}
    },
    {
      "kernel": "CopyPadMatrix",
      "time": 0.815,
      "parameters": {"PAD_DIMX": 8,"PAD_DIMY": 8,"PAD_WPTX": 4,"PAD_WPTY": 1,"PRECISION": 16}
    },
    {
      "kernel": "CopyPadMatrix",
      "time": 1.292,
      "parameters": {"PAD_DIMX": 8,"PAD_DIMY": 8,"PAD_WPTX": 4,"PAD_WPTY": 2,"PRECISION": 16}
    },
    {
      "kernel": "CopyPadMatrix",
      "time": 1.273,
      "parameters": {"PAD_DIMX": 8,"PAD_DIMY": 8,"PAD_WPTX": 4,"PAD_WPTY": 4,"PRECISION": 16}
    },
    {
      "kernel": "CopyPadMatrix",
      "time": 0.834,
      "parameters": {"PAD_DIMX": 8,"PAD_DIMY": 16,"PAD_WPTX": 1,"PAD_WPTY": 1,"PRECISION": 16}
    },
    {
      "kernel": "CopyPadMatrix",
      "time": 0.812,
      "parameters": {"PAD_DIMX": 8,"PAD_DIMY": 16,"PAD_WPTX": 1,"PAD_WPTY": 2,"PRECISION": 16}
    },
    {
      "kernel": "CopyPadMatrix",
      "time": 0.646,
      "parameters": {"PAD_DIMX": 8,"PAD_DIMY": 16,"PAD_WPTX": 1,"PAD_WPTY": 4,"PRECISION": 16}
    },
    {
      "kernel": "CopyPadMatrix",
      "time": 1.289,
      "parameters": {"PAD_DIMX": 8,"PAD_DIMY": 16,"PAD_WPTX": 2,"PAD_WPTY": 1,"PRECISION": 16}
    },
    {
      "kernel": "CopyPadMatrix",
      "time": 0.915,
      "parameters": {"PAD_DIMX": 8,"PAD_DIMY": 16,"PAD_WPTX": 2,"PAD_WPTY": 2,"PRECISION": 16}
    },
    {
      "kernel": "CopyPadMatrix",
      "time": 1.288,
      "parameters": {"PAD_DIMX": 8,"PAD_DIMY": 16,"PAD_WPTX": 2,"PAD_WPTY": 4,"PRECISION": 16}
    },
    {
      "kernel": "CopyPadMatrix",
      "time": 0.383,
      "parameters": {"PAD_DIMX": 8,"PAD_DIMY": 16,"PAD_WPTX": 4,"PAD_WPTY": 1,"PRECISION": 16}
    },
    {
      "kernel": "CopyPadMatrix",
      "time": 1.290,
      "parameters": {"PAD_DIMX": 8,"PAD_DIMY": 16,"PAD_WPTX": 4,"PAD_WPTY": 2,"PRECISION": 16}
    },
    {
      "kernel": "CopyPadMatrix",
      "time": 1.249,
      "parameters": {"PAD_DIMX": 8,"PAD_DIMY": 16,"PAD_WPTX": 4,"PAD_WPTY": 4,"PRECISION": 16}
    },
    {
      "kernel": "CopyPadMatrix",
      "time": 0.935,
      "parameters": {"PAD_DIMX": 8,"PAD_DIMY": 32,"PAD_WPTX": 1,"PAD_WPTY": 1,"PRECISION": 16}
    },
    {
      "kernel": "CopyPadMatrix",
      "time": 1.293,
      "parameters": {"PAD_DIMX": 8,"PAD_DIMY": 32,"PAD_WPTX": 1,"PAD_WPTY": 2,"PRECISION": 16}
    },
    {
      "kernel": "CopyPadMatrix",
      "time": 1.310,
      "parameters": {"PAD_DIMX": 8,"PAD_DIMY": 32,"PAD_WPTX": 1,"PAD_WPTY": 4,"PRECISION": 16}
    },
    {
      "kernel": "CopyPadMatrix",
      "time": 1.286,
      "parameters": {"PAD_DIMX": 8,"PAD_DIMY": 32,"PAD_WPTX": 2,"PAD_WPTY": 1,"PRECISION": 16}
    },
    {
      "kernel": "CopyPadMatrix",
      "time": 0.725,
      "parameters": {"PAD_DIMX": 8,"PAD_DIMY": 32,"PAD_WPTX": 2,"PAD_WPTY": 2,"PRECISION": 16}
    },
    {
      "kernel": "CopyPadMatrix",
      "time": 1.292,
      "parameters": {"PAD_DIMX": 8,"PAD_DIMY": 32,"PAD_WPTX": 2,"PAD_WPTY": 4,"PRECISION": 16}
    },
    {
      "kernel": "CopyPadMatrix",
      "time": 0.381,
      "parameters": {"PAD_DIMX": 8,"PAD_DIMY": 32,"PAD_WPTX": 4,"PAD_WPTY": 1,"PRECISION": 16}
    },
    {
      "kernel": "CopyPadMatrix",
      "time": 0.270,
      "parameters": {"PAD_DIMX": 8,"PAD_DIMY": 32,"PAD_WPTX": 4,"PAD_WPTY": 2,"PRECISION": 16}
    },
    {
      "kernel": "CopyPadMatrix",
      "time": 1.285,
      "parameters": {"PAD_DIMX": 8,"PAD_DIMY": 32,"PAD_WPTX": 4,"PAD_WPTY": 4,"PRECISION": 16}
    },
    {
      "kernel": "CopyPadMatrix",
      "time": 0.813,
      "parameters": {"PAD_DIMX": 16,"PAD_DIMY": 8,"PAD_WPTX": 1,"PAD_WPTY": 1,"PRECISION": 16}
    },
    {
      "kernel": "CopyPadMatrix",
      "time": 1.090,
      "parameters": {"PAD_DIMX": 16,"PAD_DIMY": 8,"PAD_WPTX": 1,"PAD_WPTY": 2,"PRECISION": 16}
    },
    {
      "kernel": "CopyPadMatrix",
      "time": 1.276,
      "parameters": {"PAD_DIMX": 16,"PAD_DIMY": 8,"PAD_WPTX": 1,"PAD_WPTY": 4,"PRECISION": 16}
    },
    {
      "kernel": "CopyPadMatrix",
      "time": 1.288,
      "parameters": {"PAD_DIMX": 16,"PAD_DIMY": 8,"PAD_WPTX": 2,"PAD_WPTY": 1,"PRECISION": 16}
    },
    {
      "kernel": "CopyPadMatrix",
      "time": 1.288,
      "parameters": {"PAD_DIMX": 16,"PAD_DIMY": 8,"PAD_WPTX": 2,"PAD_WPTY": 2,"PRECISION": 16}
    },
    {
      "kernel": "CopyPadMatrix",
      "time": 1.286,
      "parameters": {"PAD_DIMX": 16,"PAD_DIMY": 8,"PAD_WPTX": 2,"PAD_WPTY": 4,"PRECISION": 16}
    },
    {
      "kernel": "CopyPadMatrix",
      "time": 1.273,
      "parameters": {"PAD_DIMX": 16,"PAD_DIMY": 8,"PAD_WPTX": 4,"PAD_WPTY": 1,"PRECISION": 16}
    },
    {
      "kernel": "CopyPadMatrix",
      "time": 1.284,
      "parameters": {"PAD_DIMX": 16,"PAD_DIMY": 8,"PAD_WPTX": 4,"PAD_WPTY": 2,"PRECISION": 16}
    },
    {
      "kernel": "CopyPadMatrix",
      "time": 1.316,
      "parameters": {"PAD_DIMX": 16,"PAD_DIMY": 8,"PAD_WPTX": 4,"PAD_WPTY": 4,"PRECISION": 16}
    },
    {
      "kernel": "CopyPadMatrix",
      "time": 1.290,
      "parameters": {"PAD_DIMX": 16,"PAD_DIMY": 16,"PAD_WPTX": 1,"PAD_WPTY": 1,"PRECISION": 16}
    },
    {
      "kernel": "CopyPadMatrix",
      "time": 1.275,
      "parameters": {"PAD_DIMX": 16,"PAD_DIMY": 16,"PAD_WPTX": 1,"PAD_WPTY": 2,"PRECISION": 16}
    },
    {
      "kernel": "CopyPadMatrix",
      "time": 1.287,
      "parameters": {"PAD_DIMX": 16,"PAD_DIMY": 16,"PAD_WPTX": 1,"PAD_WPTY": 4,"PRECISION": 16}
    },
    {
      "kernel": "CopyPadMatrix",
      "time": 1.284,
      "parameters": {"PAD_DIMX": 16,"PAD_DIMY": 16,"PAD_WPTX": 2,"PAD_WPTY": 1,"PRECISION": 16}
    },
    {
      "kernel": "CopyPadMatrix",
      "time": 1.278,
      "parameters": {"PAD_DIMX": 16,"PAD_DIMY": 16,"PAD_WPTX": 2,"PAD_WPTY": 2,"PRECISION": 16}
    },
    {
      "kernel": "CopyPadMatrix",
      "time": 0.499,
      "parameters": {"PAD_DIMX": 16,"PAD_DIMY": 16,"PAD_WPTX": 2,"PAD_WPTY": 4,"PRECISION": 16}
    },
    {
      "kernel": "CopyPadMatrix",
      "time": 0.593,
      "parameters": {"PAD_DIMX": 16,"PAD_DIMY": 16,"PAD_WPTX": 4,"PAD_WPTY": 1,"PRECISION": 16}
    },
    {
      "kernel": "CopyPadMatrix",
      "time": 0.727,
      "parameters": {"PAD_DIMX": 16,"PAD_DIMY": 16,"PAD_WPTX": 4,"PAD_WPTY": 2,"PRECISION": 16}
    },
    {
      "kernel": "CopyPadMatrix",
      "time": 0.404,
      "parameters": {"PAD_DIMX": 16,"PAD_DIMY": 16,"PAD_WPTX": 4,"PAD_WPTY": 4,"PRECISION": 16}
    },
    {
      "kernel": "CopyPadMatrix",
      "time": 1.279,
      "parameters": {"PAD_DIMX": 16,"PAD_DIMY": 32,"PAD_WPTX": 1,"PAD_WPTY": 1,"PRECISION": 16}
    },
    {
      "kernel": "CopyPadMatrix",
      "time": 1.282,
      "parameters": {"PAD_DIMX": 16,"PAD_DIMY": 32,"PAD_WPTX": 1,"PAD_WPTY": 2,"PRECISION": 16}
    },
    {
      "kernel": "CopyPadMatrix",
      "time": 1.287,
      "parameters": {"PAD_DIMX": 16,"PAD_DIMY": 32,"PAD_WPTX": 1,"PAD_WPTY": 4,"PRECISION": 16}
    },
    {
      "kernel": "CopyPadMatrix",
      "time": 0.223,
      "parameters": {"PAD_DIMX": 16,"PAD_DIMY": 32,"PAD_WPTX": 2,"PAD_WPTY": 1,"PRECISION": 16}
    },
    {
      "kernel": "CopyPadMatrix",
      "time": 0.631,
      "parameters": {"PAD_DIMX": 16,"PAD_DIMY": 32,"PAD_WPTX": 2,"PAD_WPTY": 2,"PRECISION": 16}
    },
    {
      "kernel": "CopyPadMatrix",
      "time": 1.277,
      "parameters": {"PAD_DIMX": 16,"PAD_DIMY": 32,"PAD_WPTX": 2,"PAD_WPTY": 4,"PRECISION": 16}
    },
    {
      "kernel": "CopyPadMatrix",
      "time": 1.280,
      "parameters": {"PAD_DIMX": 16,"PAD_DIMY": 32,"PAD_WPTX": 4,"PAD_WPTY": 1,"PRECISION": 16}
    },
    {
      "kernel": "CopyPadMatrix",
      "time": 1.280,
      "parameters": {"PAD_DIMX": 16,"PAD_DIMY": 32,"PAD_WPTX": 4,"PAD_WPTY": 2,"PRECISION": 16}
    },
    {
      "kernel": "CopyPadMatrix",
      "time": 1.160,
      "parameters": {"PAD_DIMX": 16,"PAD_DIMY": 32,"PAD_WPTX": 4,"PAD_WPTY": 4,"PRECISION": 16}
    },
    {
      "kernel": "CopyPadMatrix",
      "time": 0.723,
      "parameters": {"PAD_DIMX": 32,"PAD_DIMY": 8,"PAD_WPTX": 1,"PAD_WPTY": 1,"PRECISION": 16}
    },
    {
      "kernel": "CopyPadMatrix",
      "time": 1.285,
      "parameters": {"PAD_DIMX": 32,"PAD_DIMY": 8,"PAD_WPTX": 1,"PAD_WPTY": 2,"PRECISION": 16}
    },
    {
      "kernel": "CopyPadMatrix",
      "time": 1.005,
      "parameters": {"PAD_DIMX": 32,"PAD_DIMY": 8,"PAD_WPTX": 1,"PAD_WPTY": 4,"PRECISION": 16}
    },
    {
      "kernel": "CopyPadMatrix",
      "time": 0.590,
      "parameters": {"PAD_DIMX": 32,"PAD_DIMY": 8,"PAD_WPTX": 2,"PAD_WPTY": 1,"PRECISION": 16}
    },
    {
      "kernel": "CopyPadMatrix",
      "time": 1.283,
      "parameters": {"PAD_DIMX": 32,"PAD_DIMY": 8,"PAD_WPTX": 2,"PAD_WPTY": 2,"PRECISION": 16}
    },
    {
      "kernel": "CopyPadMatrix",
      "time": 0.389,
      "parameters": {"PAD_DIMX": 32,"PAD_DIMY": 8,"PAD_WPTX": 2,"PAD_WPTY": 4,"PRECISION": 16}
    },
    {
      "kernel": "CopyPadMatrix",
      "time": 0.531,
      "parameters": {"PAD_DIMX": 32,"PAD_DIMY": 8,"PAD_WPTX": 4,"PAD_WPTY": 1,"PRECISION": 16}
    },
    {
      "kernel": "CopyPadMatrix",
      "time": 0.577,
      "parameters": {"PAD_DIMX": 32,"PAD_DIMY": 8,"PAD_WPTX": 4,"PAD_WPTY": 2,"PRECISION": 16}
    },
    {
      "kernel": "CopyPadMatrix",
      "time": 0.394,
      "parameters": {"PAD_DIMX": 32,"PAD_DIMY": 8,"PAD_WPTX": 4,"PAD_WPTY": 4,"PRECISION": 16}
    },
    {
      "kernel": "CopyPadMatrix",
      "time": 1.290,
      "parameters": {"PAD_DIMX": 32,"PAD_DIMY": 16,"PAD_WPTX": 1,"PAD_WPTY": 1,"PRECISION": 16}
    },
    {
      "kernel": "CopyPadMatrix",
      "time": 1.289,
      "parameters": {"PAD_DIMX": 32,"PAD_DIMY": 16,"PAD_WPTX": 1,"PAD_WPTY": 2,"PRECISION": 16}
    },
    {
      "kernel": "CopyPadMatrix",
      "time": 0.487,
      "parameters": {"PAD_DIMX": 32,"PAD_DIMY": 16,"PAD_WPTX": 1,"PAD_WPTY": 4,"PRECISION": 16}
    },
    {
      "kernel": "CopyPadMatrix",
      "time": 0.250,
      "parameters": {"PAD_DIMX": 32,"PAD_DIMY": 16,"PAD_WPTX": 2,"PAD_WPTY": 1,"PRECISION": 16}
    },
    {
      "kernel": "CopyPadMatrix",
      "time": 1.282,
      "parameters": {"PAD_DIMX": 32,"PAD_DIMY": 16,"PAD_WPTX": 2,"PAD_WPTY": 2,"PRECISION": 16}
    },
    {
      "kernel": "CopyPadMatrix",
      "time": 0.438,
      "parameters": {"PAD_DIMX": 32,"PAD_DIMY": 16,"PAD_WPTX": 2,"PAD_WPTY": 4,"PRECISION": 16}
    },
    {
      "kernel": "CopyPadMatrix",
      "time": 1.288,
      "parameters": {"PAD_DIMX": 32,"PAD_DIMY": 16,"PAD_WPTX": 4,"PAD_WPTY": 1,"PRECISION": 16}
    },
    {
      "kernel": "CopyPadMatrix",
      "time": 0.232,
      "parameters": {"PAD_DIMX": 32,"PAD_DIMY": 16,"PAD_WPTX": 4,"PAD_WPTY": 2,"PRECISION": 16}
    },
    {
      "kernel": "CopyPadMatrix",
      "time": 1.302,
      "parameters": {"PAD_DIMX": 32,"PAD_DIMY": 16,"PAD_WPTX": 4,"PAD_WPTY": 4,"PRECISION": 16}
    },
    {
      "kernel": "CopyPadMatrix",
      "time": 1.284,
      "parameters": {"PAD_DIMX": 32,"PAD_DIMY": 32,"PAD_WPTX": 1,"PAD_WPTY": 1,"PRECISION": 16}
    },
    {
      "kernel": "CopyPadMatrix",
      "time": 0.437,
      "parameters": {"PAD_DIMX": 32,"PAD_DIMY": 32,"PAD_WPTX": 1,"PAD_WPTY": 2,"PRECISION": 16}
    },
    {
      "kernel": "CopyPadMatrix",
      "time": 1.282,
      "parameters": {"PAD_DIMX": 32,"PAD_DIMY": 32,"PAD_WPTX": 1,"PAD_WPTY": 4,"PRECISION": 16}
    },
    {
      "kernel": "CopyPadMatrix",
      "time": 0.462,
      "parameters": {"PAD_DIMX": 32,"PAD_DIMY": 32,"PAD_WPTX": 2,"PAD_WPTY": 1,"PRECISION": 16}
    },
    {
      "kernel": "CopyPadMatrix",
      "time": 1.283,
      "parameters": {"PAD_DIMX": 32,"PAD_DIMY": 32,"PAD_WPTX": 2,"PAD_WPTY": 2,"PRECISION": 16}
    },
    {
      "kernel": "CopyPadMatrix",
      "time": 1.297,
      "parameters": {"PAD_DIMX": 32,"PAD_DIMY": 32,"PAD_WPTX": 2,"PAD_WPTY": 4,"PRECISION": 16}
    },
    {
      "kernel": "CopyPadMatrix",
      "time": 0.660,
      "parameters": {"PAD_DIMX": 32,"PAD_DIMY": 32,"PAD_WPTX": 4,"PAD_WPTY": 1,"PRECISION": 16}
    },
    {
      "kernel": "CopyPadMatrix",
      "time": 1.302,
      "parameters": {"PAD_DIMX": 32,"PAD_DIMY": 32,"PAD_WPTX": 4,"PAD_WPTY": 2,"PRECISION": 16}
    },
    {
      "kernel": "CopyPadMatrix",
      "time": 0.475,
      "parameters": {"PAD_DIMX": 32,"PAD_DIMY": 32,"PAD_WPTX": 4,"PAD_WPTY": 4,"PRECISION": 16}
    }
  ]
}
