{
  "kernel_family": "xger",
  "precision": "32",
  "best_kernel": "Xger",
  "best_time": "0.52",
  "best_parameters": "PRECISION=32 WGS1=32 WGS2=4 WPT=4",
  "arg_m": "1024",
  "arg_n": "1024",
  "arg_alpha": "2.00",
  "clblast_device_type": "GPU",
  "clblast_device_vendor": "QUALCOMM",
  "clblast_device_architecture": "OpenCL C 3.0 Adreno(TM) 740",
  "clblast_device_name": "QUALCOMM Adreno(TM)",
  "device": "QUALCOMM Adreno(TM)",
  "platform_vendor": "QUALCOMM",
  "platform_version": "OpenCL 3.0 QUALCOMM build: commit unknown",
  "device_vendor": "QUALCOMM",
  "device_type": "GPU",
  "device_core_clock": "1",
  "device_compute_units": "6",
  "device_extra_info": "",
  "results": [
    {
      "kernel": "Xger",
      "time": 6.502,
      "parameters": {"PRECISION": 32,"WGS1": 4,"WGS2": 1,"WPT": 1}
    },
    {
      "kernel": "Xger",
      "time": 2.234,
      "parameters": {"PRECISION": 32,"WGS1": 4,"WGS2": 1,"WPT": 2}
    },
    {
      "kernel": "Xger",
      "time": 1.284,
      "parameters": {"PRECISION": 32,"WGS1": 4,"WGS2": 1,"WPT": 4}
    },
    {
      "kernel": "Xger",
      "time": 3.650,
      "parameters": {"PRECISION": 32,"WGS1": 4,"WGS2": 2,"WPT": 1}
    },
    {
      "kernel": "Xger",
      "time": 1.298,
      "parameters": {"PRECISION": 32,"WGS1": 4,"WGS2": 2,"WPT": 2}
    },
    {
      "kernel": "Xger",
      "time": 1.281,
      "parameters": {"PRECISION": 32,"WGS1": 4,"WGS2": 2,"WPT": 4}
    },
    {
      "kernel": "Xger",
      "time": 2.120,
      "parameters": {"PRECISION": 32,"WGS1": 4,"WGS2": 4,"WPT": 1}
    },
    {
      "kernel": "Xger",
      "time": 1.318,
      "parameters": {"PRECISION": 32,"WGS1": 4,"WGS2": 4,"WPT": 2}
    },
    {
      "kernel": "Xger",
      "time": 1.304,
      "parameters": {"PRECISION": 32,"WGS1": 4,"WGS2": 4,"WPT": 4}
    },
    {
      "kernel": "Xger",
      "time": 1.232,
      "parameters": {"PRECISION": 32,"WGS1": 4,"WGS2": 8,"WPT": 1}
    },
    {
      "kernel": "Xger",
      "time": 1.298,
      "parameters": {"PRECISION": 32,"WGS1": 4,"WGS2": 8,"WPT": 2}
    },
    {
      "kernel": "Xger",
      "time": 1.219,
      "parameters": {"PRECISION": 32,"WGS1": 4,"WGS2": 8,"WPT": 4}
    },
    {
      "kernel": "Xger",
      "time": 1.292,
      "parameters": {"PRECISION": 32,"WGS1": 4,"WGS2": 16,"WPT": 1}
    },
    {
      "kernel": "Xger",
      "time": 0.915,
      "parameters": {"PRECISION": 32,"WGS1": 4,"WGS2": 16,"WPT": 2}
    },
    {
      "kernel": "Xger",
      "time": 1.283,
      "parameters": {"PRECISION": 32,"WGS1": 4,"WGS2": 16,"WPT": 4}
    },
    {
      "kernel": "Xger",
      "time": 0.930,
      "parameters": {"PRECISION": 32,"WGS1": 4,"WGS2": 32,"WPT": 1}
    },
    {
      "kernel": "Xger",
      "time": 1.308,
      "parameters": {"PRECISION": 32,"WGS1": 4,"WGS2": 32,"WPT": 2}
    },
    {
      "kernel": "Xger",
      "time": 1.325,
      "parameters": {"PRECISION": 32,"WGS1": 4,"WGS2": 32,"WPT": 4}
    },
    {
      "kernel": "Xger",
      "time": 1.290,
      "parameters": {"PRECISION": 32,"WGS1": 4,"WGS2": 64,"WPT": 1}
    },
    {
      "kernel": "Xger",
      "time": 0.940,
      "parameters": {"PRECISION": 32,"WGS1": 4,"WGS2": 64,"WPT": 2}
    },
    {
      "kernel": "Xger",
      "time": 1.331,
      "parameters": {"PRECISION": 32,"WGS1": 4,"WGS2": 64,"WPT": 4}
    },
    {
      "kernel": "Xger",
      "time": 1.099,
      "parameters": {"PRECISION": 32,"WGS1": 4,"WGS2": 128,"WPT": 1}
    },
    {
      "kernel": "Xger",
      "time": 1.295,
      "parameters": {"PRECISION": 32,"WGS1": 4,"WGS2": 128,"WPT": 2}
    },
    {
      "kernel": "Xger",
      "time": 1.301,
      "parameters": {"PRECISION": 32,"WGS1": 4,"WGS2": 128,"WPT": 4}
    },
    {
      "kernel": "Xger",
      "time": 1.309,
      "parameters": {"PRECISION": 32,"WGS1": 4,"WGS2": 256,"WPT": 1}
    },
    {
      "kernel": "Xger",
      "time": 1.282,
      "parameters": {"PRECISION": 32,"WGS1": 4,"WGS2": 256,"WPT": 2}
    },
    {
      "kernel": "Xger",
      "time": 2.142,
      "parameters": {"PRECISION": 32,"WGS1": 4,"WGS2": 256,"WPT": 4}
    },
    {
      "kernel": "Xger",
      "time": 3.771,
      "parameters": {"PRECISION": 32,"WGS1": 8,"WGS2": 1,"WPT": 1}
    },
    {
      "kernel": "Xger",
      "time": 1.223,
      "parameters": {"PRECISION": 32,"WGS1": 8,"WGS2": 1,"WPT": 2}
    },
    {
      "kernel": "Xger",
      "time": 1.291,
      "parameters": {"PRECISION": 32,"WGS1": 8,"WGS2": 1,"WPT": 4}
    },
    {
      "kernel": "Xger",
      "time": 2.283,
      "parameters": {"PRECISION": 32,"WGS1": 8,"WGS2": 2,"WPT": 1}
    },
    {
      "kernel": "Xger",
      "time": 1.308,
      "parameters": {"PRECISION": 32,"WGS1": 8,"WGS2": 2,"WPT": 2}
    },
    {
      "kernel": "Xger",
      "time": 1.267,
      "parameters": {"PRECISION": 32,"WGS1": 8,"WGS2": 2,"WPT": 4}
    },
    {
      "kernel": "Xger",
      "time": 1.292,
      "parameters": {"PRECISION": 32,"WGS1": 8,"WGS2": 4,"WPT": 1}
    },
    {
      "kernel": "Xger",
      "time": 0.848,
      "parameters": {"PRECISION": 32,"WGS1": 8,"WGS2": 4,"WPT": 2}
    },
    {
      "kernel": "Xger",
      "time": 0.822,
      "parameters": {"PRECISION": 32,"WGS1": 8,"WGS2": 4,"WPT": 4}
    },
    {
      "kernel": "Xger",
      "time": 1.306,
      "parameters": {"PRECISION": 32,"WGS1": 8,"WGS2": 8,"WPT": 1}
    },
    {
      "kernel": "Xger",
      "time": 1.221,
      "parameters": {"PRECISION": 32,"WGS1": 8,"WGS2": 8,"WPT": 2}
    },
    {
      "kernel": "Xger",
      "time": 1.208,
      "parameters": {"PRECISION": 32,"WGS1": 8,"WGS2": 8,"WPT": 4}
    },
    {
      "kernel": "Xger",
      "time": 0.902,
      "parameters": {"PRECISION": 32,"WGS1": 8,"WGS2": 16,"WPT": 1}
    },
    {
      "kernel": "Xger",
      "time": 0.883,
      "parameters": {"PRECISION": 32,"WGS1": 8,"WGS2": 16,"WPT": 2}
    },
    {
      "kernel": "Xger",
      "time": 0.872,
      "parameters": {"PRECISION": 32,"WGS1": 8,"WGS2": 16,"WPT": 4}
    },
    {
      "kernel": "Xger",
      "time": 1.285,
      "parameters": {"PRECISION": 32,"WGS1": 8,"WGS2": 32,"WPT": 1}
    },
    {
      "kernel": "Xger",
      "time": 1.289,
      "parameters": {"PRECISION": 32,"WGS1": 8,"WGS2": 32,"WPT": 2}
    },
    {
      "kernel": "Xger",
      "time": 0.545,
      "parameters": {"PRECISION": 32,"WGS1": 8,"WGS2": 32,"WPT": 4}
    },
    {
      "kernel": "Xger",
      "time": 0.986,
      "parameters": {"PRECISION": 32,"WGS1": 8,"WGS2": 64,"WPT": 1}
    },
    {
      "kernel": "Xger",
      "time": 0.862,
      "parameters": {"PRECISION": 32,"WGS1": 8,"WGS2": 64,"WPT": 2}
    },
    {
      "kernel": "Xger",
      "time": 0.865,
      "parameters": {"PRECISION": 32,"WGS1": 8,"WGS2": 64,"WPT": 4}
    },
    {
      "kernel": "Xger",
      "time": 0.995,
      "parameters": {"PRECISION": 32,"WGS1": 8,"WGS2": 128,"WPT": 1}
    },
    {
      "kernel": "Xger",
      "time": 1.273,
      "parameters": {"PRECISION": 32,"WGS1": 8,"WGS2": 128,"WPT": 2}
    },
    {
      "kernel": "Xger",
      "time": 1.288,
      "parameters": {"PRECISION": 32,"WGS1": 8,"WGS2": 128,"WPT": 4}
    },
    {
      "kernel": "Xger",
      "time": 2.082,
      "parameters": {"PRECISION": 32,"WGS1": 16,"WGS2": 1,"WPT": 1}
    },
    {
      "kernel": "Xger",
      "time": 1.172,
      "parameters": {"PRECISION": 32,"WGS1": 16,"WGS2": 1,"WPT": 2}
    },
    {
      "kernel": "Xger",
      "time": 1.278,
      "parameters": {"PRECISION": 32,"WGS1": 16,"WGS2": 1,"WPT": 4}
    },
    {
      "kernel": "Xger",
      "time": 1.204,
      "parameters": {"PRECISION": 32,"WGS1": 16,"WGS2": 2,"WPT": 1}
    },
    {
      "kernel": "Xger",
      "time": 1.286,
      "parameters": {"PRECISION": 32,"WGS1": 16,"WGS2": 2,"WPT": 2}
    },
    {
      "kernel": "Xger",
      "time": 1.275,
      "parameters": {"PRECISION": 32,"WGS1": 16,"WGS2": 2,"WPT": 4}
    },
    {
      "kernel": "Xger",
      "time": 1.273,
      "parameters": {"PRECISION": 32,"WGS1": 16,"WGS2": 4,"WPT": 1}
    },
    {
      "kernel": "Xger",
      "time": 0.972,
      "parameters": {"PRECISION": 32,"WGS1": 16,"WGS2": 4,"WPT": 2}
    },
    {
      "kernel": "Xger",
      "time": 0.805,
      "parameters": {"PRECISION": 32,"WGS1": 16,"WGS2": 4,"WPT": 4}
    },
    {
      "kernel": "Xger",
      "time": 0.914,
      "parameters": {"PRECISION": 32,"WGS1": 16,"WGS2": 8,"WPT": 1}
    },
    {
      "kernel": "Xger",
      "time": 0.840,
      "parameters": {"PRECISION": 32,"WGS1": 16,"WGS2": 8,"WPT": 2}
    },
    {
      "kernel": "Xger",
      "time": 0.860,
      "parameters": {"PRECISION": 32,"WGS1": 16,"WGS2": 8,"WPT": 4}
    },
    {
      "kernel": "Xger",
      "time": 1.278,
      "parameters": {"PRECISION": 32,"WGS1": 16,"WGS2": 16,"WPT": 1}
    },
    {
      "kernel": "Xger",
      "time": 0.911,
      "parameters": {"PRECISION": 32,"WGS1": 16,"WGS2": 16,"WPT": 2}
    },
    {
      "kernel": "Xger",
      "time": 0.803,
      "parameters": {"PRECISION": 32,"WGS1": 16,"WGS2": 16,"WPT": 4}
    },
    {
      "kernel": "Xger",
      "time": 1.029,
      "parameters": {"PRECISION": 32,"WGS1": 16,"WGS2": 32,"WPT": 1}
    },
    {
      "kernel": "Xger",
      "time": 0.894,
      "parameters": {"PRECISION": 32,"WGS1": 16,"WGS2": 32,"WPT": 2}
    },
    {
      "kernel": "Xger",
      "time": 1.277,
      "parameters": {"PRECISION": 32,"WGS1": 16,"WGS2": 32,"WPT": 4}
    },
    {
      "kernel": "Xger",
      "time": 0.905,
      "parameters": {"PRECISION": 32,"WGS1": 16,"WGS2": 64,"WPT": 1}
    },
    {
      "kernel": "Xger",
      "time": 1.276,
      "parameters": {"PRECISION": 32,"WGS1": 16,"WGS2": 64,"WPT": 2}
    },
    {
      "kernel": "Xger",
      "time": 1.278,
      "parameters": {"PRECISION": 32,"WGS1": 16,"WGS2": 64,"WPT": 4}
    },
    {
      "kernel": "Xger",
      "time": 1.264,
      "parameters": {"PRECISION": 32,"WGS1": 32,"WGS2": 1,"WPT": 1}
    },
    {
      "kernel": "Xger",
      "time": 1.282,
      "parameters": {"PRECISION": 32,"WGS1": 32,"WGS2": 1,"WPT": 2}
    },
    {
      "kernel": "Xger",
      "time": 0.561,
      "parameters": {"PRECISION": 32,"WGS1": 32,"WGS2": 1,"WPT": 4}
    },
    {
      "kernel": "Xger",
      "time": 1.022,
      "parameters": {"PRECISION": 32,"WGS1": 32,"WGS2": 2,"WPT": 1}
    },
    {
      "kernel": "Xger",
      "time": 1.280,
      "parameters": {"PRECISION": 32,"WGS1": 32,"WGS2": 2,"WPT": 2}
    },
    {
      "kernel": "Xger",
      "time": 0.624,
      "parameters": {"PRECISION": 32,"WGS1": 32,"WGS2": 2,"WPT": 4}
    },
    {
      "kernel": "Xger",
      "time": 0.985,
      "parameters": {"PRECISION": 32,"WGS1": 32,"WGS2": 4,"WPT": 1}
    },
    {
      "kernel": "Xger",
      "time": 1.285,
      "parameters": {"PRECISION": 32,"WGS1": 32,"WGS2": 4,"WPT": 2}
    },
    {
      "kernel": "Xger",
      "time": 0.519,
      "parameters": {"PRECISION": 32,"WGS1": 32,"WGS2": 4,"WPT": 4}
    },
    {
      "kernel": "Xger",
      "time": 0.652,
      "parameters": {"PRECISION": 32,"WGS1": 32,"WGS2": 8,"WPT": 1}
    },
    {
      "kernel": "Xger",
      "time": 0.804,
      "parameters": {"PRECISION": 32,"WGS1": 32,"WGS2": 8,"WPT": 2}
    },
    {
      "kernel": "Xger",
      "time": 0.839,
      "parameters": {"PRECISION": 32,"WGS1": 32,"WGS2": 8,"WPT": 4}
    },
    {
      "kernel": "Xger",
      "time": 0.913,
      "parameters": {"PRECISION": 32,"WGS1": 32,"WGS2": 16,"WPT": 1}
    },
    {
      "kernel": "Xger",
      "time": 0.834,
      "parameters": {"PRECISION": 32,"WGS1": 32,"WGS2": 16,"WPT": 2}
    },
    {
      "kernel": "Xger",
      "time": 1.302,
      "parameters": {"PRECISION": 32,"WGS1": 32,"WGS2": 16,"WPT": 4}
    },
    {
      "kernel": "Xger",
      "time": 0.630,
      "parameters": {"PRECISION": 32,"WGS1": 32,"WGS2": 32,"WPT": 1}
    },
    {
      "kernel": "Xger",
      "time": 0.885,
      "parameters": {"PRECISION": 32,"WGS1": 32,"WGS2": 32,"WPT": 2}
    },
    {
      "kernel": "Xger",
      "time": 1.226,
      "parameters": {"PRECISION": 32,"WGS1": 32,"WGS2": 32,"WPT": 4}
    },
    {
      "kernel": "Xger",
      "time": 1.306,
      "parameters": {"PRECISION": 32,"WGS1": 64,"WGS2": 1,"WPT": 1}
    },
    {
      "kernel": "Xger",
      "time": 0.887,
      "parameters": {"PRECISION": 32,"WGS1": 64,"WGS2": 1,"WPT": 2}
    },
    {
      "kernel": "Xger",
      "time": 0.939,
      "parameters": {"PRECISION": 32,"WGS1": 64,"WGS2": 1,"WPT": 4}
    },
    {
      "kernel": "Xger",
      "time": 1.282,
      "parameters": {"PRECISION": 32,"WGS1": 64,"WGS2": 2,"WPT": 1}
    },
    {
      "kernel": "Xger",
      "time": 0.658,
      "parameters": {"PRECISION": 32,"WGS1": 64,"WGS2": 2,"WPT": 2}
    },
    {
      "kernel": "Xger",
      "time": 1.226,
      "parameters": {"PRECISION": 32,"WGS1": 64,"WGS2": 2,"WPT": 4}
    },
    {
      "kernel": "Xger",
      "time": 1.288,
      "parameters": {"PRECISION": 32,"WGS1": 64,"WGS2": 4,"WPT": 1}
    },
    {
      "kernel": "Xger",
      "time": 0.831,
      "parameters": {"PRECISION": 32,"WGS1": 64,"WGS2": 4,"WPT": 2}
    },
    {
      "kernel": "Xger",
      "time": 1.252,
      "parameters": {"PRECISION": 32,"WGS1": 64,"WGS2": 4,"WPT": 4}
    },
    {
      "kernel": "Xger",
      "time": 1.291,
      "parameters": {"PRECISION": 32,"WGS1": 64,"WGS2": 8,"WPT": 1}
    },
    {
      "kernel": "Xger",
      "time": 1.286,
      "parameters": {"PRECISION": 32,"WGS1": 64,"WGS2": 8,"WPT": 2}
    },
    {
      "kernel": "Xger",
      "time": 0.806,
      "parameters": {"PRECISION": 32,"WGS1": 64,"WGS2": 8,"WPT": 4}
    },
    {
      "kernel": "Xger",
      "time": 1.290,
      "parameters": {"PRECISION": 32,"WGS1": 64,"WGS2": 16,"WPT": 1}
    },
    {
      "kernel": "Xger",
      "time": 0.850,
      "parameters": {"PRECISION": 32,"WGS1": 64,"WGS2": 16,"WPT": 2}
    },
    {
      "kernel": "Xger",
      "time": 0.884,
      "parameters": {"PRECISION": 32,"WGS1": 64,"WGS2": 16,"WPT": 4}
    },
    {
      "kernel": "Xger",
      "time": 1.297,
      "parameters": {"PRECISION": 32,"WGS1": 128,"WGS2": 1,"WPT": 1}
    },
    {
      "kernel": "Xger",
      "time": 1.218,
      "parameters": {"PRECISION": 32,"WGS1": 128,"WGS2": 1,"WPT": 2}
    },
    {
      "kernel": "Xger",
      "time": 0.851,
      "parameters": {"PRECISION": 32,"WGS1": 128,"WGS2": 1,"WPT": 4}
    },
    {
      "kernel": "Xger",
      "time": 0.936,
      "parameters": {"PRECISION": 32,"WGS1": 128,"WGS2": 2,"WPT": 1}
    },
    {
      "kernel": "Xger",
      "time": 0.849,
      "parameters": {"PRECISION": 32,"WGS1": 128,"WGS2": 2,"WPT": 2}
    },
    {
      "kernel": "Xger",
      "time": 0.957,
      "parameters": {"PRECISION": 32,"WGS1": 128,"WGS2": 2,"WPT": 4}
    },
    {
      "kernel": "Xger",
      "time": 1.279,
      "parameters": {"PRECISION": 32,"WGS1": 128,"WGS2": 4,"WPT": 1}
    },
    {
      "kernel": "Xger",
      "time": 1.277,
      "parameters": {"PRECISION": 32,"WGS1": 128,"WGS2": 4,"WPT": 2}
    },
    {
      "kernel": "Xger",
      "time": 1.247,
      "parameters": {"PRECISION": 32,"WGS1": 128,"WGS2": 4,"WPT": 4}
    },
    {
      "kernel": "Xger",
      "time": 0.955,
      "parameters": {"PRECISION": 32,"WGS1": 128,"WGS2": 8,"WPT": 1}
    },
    {
      "kernel": "Xger",
      "time": 0.880,
      "parameters": {"PRECISION": 32,"WGS1": 128,"WGS2": 8,"WPT": 2}
    },
    {
      "kernel": "Xger",
      "time": 1.286,
      "parameters": {"PRECISION": 32,"WGS1": 128,"WGS2": 8,"WPT": 4}
    },
    {
      "kernel": "Xger",
      "time": 0.940,
      "parameters": {"PRECISION": 32,"WGS1": 256,"WGS2": 1,"WPT": 1}
    },
    {
      "kernel": "Xger",
      "time": 0.957,
      "parameters": {"PRECISION": 32,"WGS1": 256,"WGS2": 1,"WPT": 2}
    },
    {
      "kernel": "Xger",
      "time": 1.305,
      "parameters": {"PRECISION": 32,"WGS1": 256,"WGS2": 1,"WPT": 4}
    },
    {
      "kernel": "Xger",
      "time": 1.232,
      "parameters": {"PRECISION": 32,"WGS1": 256,"WGS2": 2,"WPT": 1}
    },
    {
      "kernel": "Xger",
      "time": 1.300,
      "parameters": {"PRECISION": 32,"WGS1": 256,"WGS2": 2,"WPT": 2}
    },
    {
      "kernel": "Xger",
      "time": 1.230,
      "parameters": {"PRECISION": 32,"WGS1": 256,"WGS2": 2,"WPT": 4}
    },
    {
      "kernel": "Xger",
      "time": 1.297,
      "parameters": {"PRECISION": 32,"WGS1": 256,"WGS2": 4,"WPT": 1}
    },
    {
      "kernel": "Xger",
      "time": 1.222,
      "parameters": {"PRECISION": 32,"WGS1": 256,"WGS2": 4,"WPT": 2}
    },
    {
      "kernel": "Xger",
      "time": 0.824,
      "parameters": {"PRECISION": 32,"WGS1": 256,"WGS2": 4,"WPT": 4}
    },
    {
      "kernel": "Xger",
      "time": 1.281,
      "parameters": {"PRECISION": 32,"WGS1": 512,"WGS2": 1,"WPT": 1}
    },
    {
      "kernel": "Xger",
      "time": 0.847,
      "parameters": {"PRECISION": 32,"WGS1": 512,"WGS2": 1,"WPT": 2}
    },
    {
      "kernel": "Xger",
      "time": 0.872,
      "parameters": {"PRECISION": 32,"WGS1": 512,"WGS2": 1,"WPT": 4}
    },
    {
      "kernel": "Xger",
      "time": 0.917,
      "parameters": {"PRECISION": 32,"WGS1": 512,"WGS2": 2,"WPT": 1}
    },
    {
      "kernel": "Xger",
      "time": 1.220,
      "parameters": {"PRECISION": 32,"WGS1": 512,"WGS2": 2,"WPT": 2}
    },
    {
      "kernel": "Xger",
      "time": 1.293,
      "parameters": {"PRECISION": 32,"WGS1": 512,"WGS2": 2,"WPT": 4}
    }
  ]
}
