{
  "kernel_family": "copy",
  "precision": "16",
  "best_kernel": "CopyMatrixFast",
  "best_time": "0.21",
  "best_parameters": "COPY_DIMX=32 COPY_DIMY=8 COPY_VW=2 COPY_WPT=2 PRECISION=16",
  "arg_m": "1024",
  "arg_n": "1024",
  "arg_alpha": "2.000000",
  "clblast_device_type": "GPU",
  "clblast_device_vendor": "QUALCOMM",
  "clblast_device_architecture": "OpenCL C 3.0 Adreno(TM) 740",
  "clblast_device_name": "QUALCOMM Adreno(TM)",
  "device": "QUALCOMM Adreno(TM)",
  "platform_vendor": "QUALCOMM",
  "platform_version": "OpenCL 3.0 QUALCOMM build: commit unknown",
  "device_vendor": "QUALCOMM",
  "device_type": "GPU",
  "device_core_clock": "1",
  "device_compute_units": "6",
  "device_extra_info": "",
  "results": [
    {
      "kernel": "CopyMatrixFast",
      "time": 1.275,
      "parameters": {"COPY_DIMX": 8,"COPY_DIMY": 8,"COPY_VW": 1,"COPY_WPT": 1,"PRECISION": 16}
    },
    {
      "kernel": "CopyMatrixFast",
      "time": 1.275,
      "parameters": {"COPY_DIMX": 8,"COPY_DIMY": 8,"COPY_VW": 2,"COPY_WPT": 1,"PRECISION": 16}
    },
    {
      "kernel": "CopyMatrixFast",
      "time": 1.272,
      "parameters": {"COPY_DIMX": 8,"COPY_DIMY": 8,"COPY_VW": 4,"COPY_WPT": 1,"PRECISION": 16}
    },
    {
      "kernel": "CopyMatrixFast",
      "time": 1.275,
      "parameters": {"COPY_DIMX": 8,"COPY_DIMY": 8,"COPY_VW": 8,"COPY_WPT": 1,"PRECISION": 16}
    },
    {
      "kernel": "CopyMatrixFast",
      "time": 0.857,
      "parameters": {"COPY_DIMX": 8,"COPY_DIMY": 8,"COPY_VW": 1,"COPY_WPT": 2,"PRECISION": 16}
    },
    {
      "kernel": "CopyMatrixFast",
      "time": 1.281,
      "parameters": {"COPY_DIMX": 8,"COPY_DIMY": 8,"COPY_VW": 2,"COPY_WPT": 2,"PRECISION": 16}
    },
    {
      "kernel": "CopyMatrixFast",
      "time": 0.756,
      "parameters": {"COPY_DIMX": 8,"COPY_DIMY": 8,"COPY_VW": 4,"COPY_WPT": 2,"PRECISION": 16}
    },
    {
      "kernel": "CopyMatrixFast",
      "time": 0.766,
      "parameters": {"COPY_DIMX": 8,"COPY_DIMY": 8,"COPY_VW": 8,"COPY_WPT": 2,"PRECISION": 16}
    },
    {
      "kernel": "CopyMatrixFast",
      "time": 0.689,
      "parameters": {"COPY_DIMX": 8,"COPY_DIMY": 8,"COPY_VW": 1,"COPY_WPT": 4,"PRECISION": 16}
    },
    {
      "kernel": "CopyMatrixFast",
      "time": 1.277,
      "parameters": {"COPY_DIMX": 8,"COPY_DIMY": 8,"COPY_VW": 2,"COPY_WPT": 4,"PRECISION": 16}
    },
    {
      "kernel": "CopyMatrixFast",
      "time": 1.264,
      "parameters": {"COPY_DIMX": 8,"COPY_DIMY": 8,"COPY_VW": 4,"COPY_WPT": 4,"PRECISION": 16}
    },
    {
      "kernel": "CopyMatrixFast",
      "time": 1.271,
      "parameters": {"COPY_DIMX": 8,"COPY_DIMY": 8,"COPY_VW": 8,"COPY_WPT": 4,"PRECISION": 16}
    },
    {
      "kernel": "CopyMatrixFast",
      "time": 1.278,
      "parameters": {"COPY_DIMX": 8,"COPY_DIMY": 8,"COPY_VW": 1,"COPY_WPT": 8,"PRECISION": 16}
    },
    {
      "kernel": "CopyMatrixFast",
      "time": 1.274,
      "parameters": {"COPY_DIMX": 8,"COPY_DIMY": 8,"COPY_VW": 2,"COPY_WPT": 8,"PRECISION": 16}
    },
    {
      "kernel": "CopyMatrixFast",
      "time": 1.274,
      "parameters": {"COPY_DIMX": 8,"COPY_DIMY": 8,"COPY_VW": 4,"COPY_WPT": 8,"PRECISION": 16}
    },
    {
      "kernel": "CopyMatrixFast",
      "time": 0.808,
      "parameters": {"COPY_DIMX": 8,"COPY_DIMY": 8,"COPY_VW": 8,"COPY_WPT": 8,"PRECISION": 16}
    },
    {
      "kernel": "CopyMatrixFast",
      "time": 0.901,
      "parameters": {"COPY_DIMX": 8,"COPY_DIMY": 16,"COPY_VW": 1,"COPY_WPT": 1,"PRECISION": 16}
    },
    {
      "kernel": "CopyMatrixFast",
      "time": 0.271,
      "parameters": {"COPY_DIMX": 8,"COPY_DIMY": 16,"COPY_VW": 2,"COPY_WPT": 1,"PRECISION": 16}
    },
    {
      "kernel": "CopyMatrixFast",
      "time": 0.442,
      "parameters": {"COPY_DIMX": 8,"COPY_DIMY": 16,"COPY_VW": 4,"COPY_WPT": 1,"PRECISION": 16}
    },
    {
      "kernel": "CopyMatrixFast",
      "time": 1.178,
      "parameters": {"COPY_DIMX": 8,"COPY_DIMY": 16,"COPY_VW": 8,"COPY_WPT": 1,"PRECISION": 16}
    },
    {
      "kernel": "CopyMatrixFast",
      "time": 1.298,
      "parameters": {"COPY_DIMX": 8,"COPY_DIMY": 16,"COPY_VW": 1,"COPY_WPT": 2,"PRECISION": 16}
    },
    {
      "kernel": "CopyMatrixFast",
      "time": 0.265,
      "parameters": {"COPY_DIMX": 8,"COPY_DIMY": 16,"COPY_VW": 2,"COPY_WPT": 2,"PRECISION": 16}
    },
    {
      "kernel": "CopyMatrixFast",
      "time": 0.724,
      "parameters": {"COPY_DIMX": 8,"COPY_DIMY": 16,"COPY_VW": 4,"COPY_WPT": 2,"PRECISION": 16}
    },
    {
      "kernel": "CopyMatrixFast",
      "time": 1.278,
      "parameters": {"COPY_DIMX": 8,"COPY_DIMY": 16,"COPY_VW": 8,"COPY_WPT": 2,"PRECISION": 16}
    },
    {
      "kernel": "CopyMatrixFast",
      "time": 0.227,
      "parameters": {"COPY_DIMX": 8,"COPY_DIMY": 16,"COPY_VW": 1,"COPY_WPT": 4,"PRECISION": 16}
    },
    {
      "kernel": "CopyMatrixFast",
      "time": 1.270,
      "parameters": {"COPY_DIMX": 8,"COPY_DIMY": 16,"COPY_VW": 2,"COPY_WPT": 4,"PRECISION": 16}
    },
    {
      "kernel": "CopyMatrixFast",
      "time": 1.269,
      "parameters": {"COPY_DIMX": 8,"COPY_DIMY": 16,"COPY_VW": 4,"COPY_WPT": 4,"PRECISION": 16}
    },
    {
      "kernel": "CopyMatrixFast",
      "time": 1.277,
      "parameters": {"COPY_DIMX": 8,"COPY_DIMY": 16,"COPY_VW": 8,"COPY_WPT": 4,"PRECISION": 16}
    },
    {
      "kernel": "CopyMatrixFast",
      "time": 1.273,
      "parameters": {"COPY_DIMX": 8,"COPY_DIMY": 16,"COPY_VW": 1,"COPY_WPT": 8,"PRECISION": 16}
    },
    {
      "kernel": "CopyMatrixFast",
      "time": 1.267,
      "parameters": {"COPY_DIMX": 8,"COPY_DIMY": 16,"COPY_VW": 2,"COPY_WPT": 8,"PRECISION": 16}
    },
    {
      "kernel": "CopyMatrixFast",
      "time": 1.278,
      "parameters": {"COPY_DIMX": 8,"COPY_DIMY": 16,"COPY_VW": 4,"COPY_WPT": 8,"PRECISION": 16}
    },
    {
      "kernel": "CopyMatrixFast",
      "time": 0.439,
      "parameters": {"COPY_DIMX": 8,"COPY_DIMY": 16,"COPY_VW": 8,"COPY_WPT": 8,"PRECISION": 16}
    },
    {
      "kernel": "CopyMatrixFast",
      "time": 1.274,
      "parameters": {"COPY_DIMX": 8,"COPY_DIMY": 32,"COPY_VW": 1,"COPY_WPT": 1,"PRECISION": 16}
    },
    {
      "kernel": "CopyMatrixFast",
      "time": 0.242,
      "parameters": {"COPY_DIMX": 8,"COPY_DIMY": 32,"COPY_VW": 2,"COPY_WPT": 1,"PRECISION": 16}
    },
    {
      "kernel": "CopyMatrixFast",
      "time": 0.485,
      "parameters": {"COPY_DIMX": 8,"COPY_DIMY": 32,"COPY_VW": 4,"COPY_WPT": 1,"PRECISION": 16}
    },
    {
      "kernel": "CopyMatrixFast",
      "time": 0.613,
      "parameters": {"COPY_DIMX": 8,"COPY_DIMY": 32,"COPY_VW": 8,"COPY_WPT": 1,"PRECISION": 16}
    },
    {
      "kernel": "CopyMatrixFast",
      "time": 1.292,
      "parameters": {"COPY_DIMX": 8,"COPY_DIMY": 32,"COPY_VW": 1,"COPY_WPT": 2,"PRECISION": 16}
    },
    {
      "kernel": "CopyMatrixFast",
      "time": 0.213,
      "parameters": {"COPY_DIMX": 8,"COPY_DIMY": 32,"COPY_VW": 2,"COPY_WPT": 2,"PRECISION": 16}
    },
    {
      "kernel": "CopyMatrixFast",
      "time": 0.283,
      "parameters": {"COPY_DIMX": 8,"COPY_DIMY": 32,"COPY_VW": 4,"COPY_WPT": 2,"PRECISION": 16}
    },
    {
      "kernel": "CopyMatrixFast",
      "time": 1.275,
      "parameters": {"COPY_DIMX": 8,"COPY_DIMY": 32,"COPY_VW": 8,"COPY_WPT": 2,"PRECISION": 16}
    },
    {
      "kernel": "CopyMatrixFast",
      "time": 0.526,
      "parameters": {"COPY_DIMX": 8,"COPY_DIMY": 32,"COPY_VW": 1,"COPY_WPT": 4,"PRECISION": 16}
    },
    {
      "kernel": "CopyMatrixFast",
      "time": 0.217,
      "parameters": {"COPY_DIMX": 8,"COPY_DIMY": 32,"COPY_VW": 2,"COPY_WPT": 4,"PRECISION": 16}
    },
    {
      "kernel": "CopyMatrixFast",
      "time": 1.269,
      "parameters": {"COPY_DIMX": 8,"COPY_DIMY": 32,"COPY_VW": 4,"COPY_WPT": 4,"PRECISION": 16}
    },
    {
      "kernel": "CopyMatrixFast",
      "time": 1.273,
      "parameters": {"COPY_DIMX": 8,"COPY_DIMY": 32,"COPY_VW": 8,"COPY_WPT": 4,"PRECISION": 16}
    },
    {
      "kernel": "CopyMatrixFast",
      "time": 1.288,
      "parameters": {"COPY_DIMX": 8,"COPY_DIMY": 32,"COPY_VW": 1,"COPY_WPT": 8,"PRECISION": 16}
    },
    {
      "kernel": "CopyMatrixFast",
      "time": 1.271,
      "parameters": {"COPY_DIMX": 8,"COPY_DIMY": 32,"COPY_VW": 2,"COPY_WPT": 8,"PRECISION": 16}
    },
    {
      "kernel": "CopyMatrixFast",
      "time": 1.269,
      "parameters": {"COPY_DIMX": 8,"COPY_DIMY": 32,"COPY_VW": 4,"COPY_WPT": 8,"PRECISION": 16}
    },
    {
      "kernel": "CopyMatrixFast",
      "time": 0.821,
      "parameters": {"COPY_DIMX": 8,"COPY_DIMY": 32,"COPY_VW": 8,"COPY_WPT": 8,"PRECISION": 16}
    },
    {
      "kernel": "CopyMatrixFast",
      "time": 0.820,
      "parameters": {"COPY_DIMX": 16,"COPY_DIMY": 8,"COPY_VW": 1,"COPY_WPT": 1,"PRECISION": 16}
    },
    {
      "kernel": "CopyMatrixFast",
      "time": 0.620,
      "parameters": {"COPY_DIMX": 16,"COPY_DIMY": 8,"COPY_VW": 2,"COPY_WPT": 1,"PRECISION": 16}
    },
    {
      "kernel": "CopyMatrixFast",
      "time": 0.357,
      "parameters": {"COPY_DIMX": 16,"COPY_DIMY": 8,"COPY_VW": 4,"COPY_WPT": 1,"PRECISION": 16}
    },
    {
      "kernel": "CopyMatrixFast",
      "time": 0.408,
      "parameters": {"COPY_DIMX": 16,"COPY_DIMY": 8,"COPY_VW": 8,"COPY_WPT": 1,"PRECISION": 16}
    },
    {
      "kernel": "CopyMatrixFast",
      "time": 1.275,
      "parameters": {"COPY_DIMX": 16,"COPY_DIMY": 8,"COPY_VW": 1,"COPY_WPT": 2,"PRECISION": 16}
    },
    {
      "kernel": "CopyMatrixFast",
      "time": 0.220,
      "parameters": {"COPY_DIMX": 16,"COPY_DIMY": 8,"COPY_VW": 2,"COPY_WPT": 2,"PRECISION": 16}
    },
    {
      "kernel": "CopyMatrixFast",
      "time": 1.267,
      "parameters": {"COPY_DIMX": 16,"COPY_DIMY": 8,"COPY_VW": 4,"COPY_WPT": 2,"PRECISION": 16}
    },
    {
      "kernel": "CopyMatrixFast",
      "time": 0.382,
      "parameters": {"COPY_DIMX": 16,"COPY_DIMY": 8,"COPY_VW": 8,"COPY_WPT": 2,"PRECISION": 16}
    },
    {
      "kernel": "CopyMatrixFast",
      "time": 1.273,
      "parameters": {"COPY_DIMX": 16,"COPY_DIMY": 8,"COPY_VW": 1,"COPY_WPT": 4,"PRECISION": 16}
    },
    {
      "kernel": "CopyMatrixFast",
      "time": 1.276,
      "parameters": {"COPY_DIMX": 16,"COPY_DIMY": 8,"COPY_VW": 2,"COPY_WPT": 4,"PRECISION": 16}
    },
    {
      "kernel": "CopyMatrixFast",
      "time": 1.272,
      "parameters": {"COPY_DIMX": 16,"COPY_DIMY": 8,"COPY_VW": 4,"COPY_WPT": 4,"PRECISION": 16}
    },
    {
      "kernel": "CopyMatrixFast",
      "time": 1.275,
      "parameters": {"COPY_DIMX": 16,"COPY_DIMY": 8,"COPY_VW": 8,"COPY_WPT": 4,"PRECISION": 16}
    },
    {
      "kernel": "CopyMatrixFast",
      "time": 0.214,
      "parameters": {"COPY_DIMX": 16,"COPY_DIMY": 8,"COPY_VW": 1,"COPY_WPT": 8,"PRECISION": 16}
    },
    {
      "kernel": "CopyMatrixFast",
      "time": 0.391,
      "parameters": {"COPY_DIMX": 16,"COPY_DIMY": 8,"COPY_VW": 2,"COPY_WPT": 8,"PRECISION": 16}
    },
    {
      "kernel": "CopyMatrixFast",
      "time": 0.348,
      "parameters": {"COPY_DIMX": 16,"COPY_DIMY": 8,"COPY_VW": 4,"COPY_WPT": 8,"PRECISION": 16}
    },
    {
      "kernel": "CopyMatrixFast",
      "time": 0.966,
      "parameters": {"COPY_DIMX": 16,"COPY_DIMY": 8,"COPY_VW": 8,"COPY_WPT": 8,"PRECISION": 16}
    },
    {
      "kernel": "CopyMatrixFast",
      "time": 0.722,
      "parameters": {"COPY_DIMX": 16,"COPY_DIMY": 16,"COPY_VW": 1,"COPY_WPT": 1,"PRECISION": 16}
    },
    {
      "kernel": "CopyMatrixFast",
      "time": 1.273,
      "parameters": {"COPY_DIMX": 16,"COPY_DIMY": 16,"COPY_VW": 2,"COPY_WPT": 1,"PRECISION": 16}
    },
    {
      "kernel": "CopyMatrixFast",
      "time": 0.582,
      "parameters": {"COPY_DIMX": 16,"COPY_DIMY": 16,"COPY_VW": 4,"COPY_WPT": 1,"PRECISION": 16}
    },
    {
      "kernel": "CopyMatrixFast",
      "time": 1.273,
      "parameters": {"COPY_DIMX": 16,"COPY_DIMY": 16,"COPY_VW": 8,"COPY_WPT": 1,"PRECISION": 16}
    },
    {
      "kernel": "CopyMatrixFast",
      "time": 0.250,
      "parameters": {"COPY_DIMX": 16,"COPY_DIMY": 16,"COPY_VW": 1,"COPY_WPT": 2,"PRECISION": 16}
    },
    {
      "kernel": "CopyMatrixFast",
      "time": 1.262,
      "parameters": {"COPY_DIMX": 16,"COPY_DIMY": 16,"COPY_VW": 2,"COPY_WPT": 2,"PRECISION": 16}
    },
    {
      "kernel": "CopyMatrixFast",
      "time": 0.239,
      "parameters": {"COPY_DIMX": 16,"COPY_DIMY": 16,"COPY_VW": 4,"COPY_WPT": 2,"PRECISION": 16}
    },
    {
      "kernel": "CopyMatrixFast",
      "time": 0.363,
      "parameters": {"COPY_DIMX": 16,"COPY_DIMY": 16,"COPY_VW": 8,"COPY_WPT": 2,"PRECISION": 16}
    },
    {
      "kernel": "CopyMatrixFast",
      "time": 0.281,
      "parameters": {"COPY_DIMX": 16,"COPY_DIMY": 16,"COPY_VW": 1,"COPY_WPT": 4,"PRECISION": 16}
    },
    {
      "kernel": "CopyMatrixFast",
      "time": 0.677,
      "parameters": {"COPY_DIMX": 16,"COPY_DIMY": 16,"COPY_VW": 2,"COPY_WPT": 4,"PRECISION": 16}
    },
    {
      "kernel": "CopyMatrixFast",
      "time": 0.392,
      "parameters": {"COPY_DIMX": 16,"COPY_DIMY": 16,"COPY_VW": 4,"COPY_WPT": 4,"PRECISION": 16}
    },
    {
      "kernel": "CopyMatrixFast",
      "time": 1.280,
      "parameters": {"COPY_DIMX": 16,"COPY_DIMY": 16,"COPY_VW": 8,"COPY_WPT": 4,"PRECISION": 16}
    },
    {
      "kernel": "CopyMatrixFast",
      "time": 0.240,
      "parameters": {"COPY_DIMX": 16,"COPY_DIMY": 16,"COPY_VW": 1,"COPY_WPT": 8,"PRECISION": 16}
    },
    {
      "kernel": "CopyMatrixFast",
      "time": 0.452,
      "parameters": {"COPY_DIMX": 16,"COPY_DIMY": 16,"COPY_VW": 2,"COPY_WPT": 8,"PRECISION": 16}
    },
    {
      "kernel": "CopyMatrixFast",
      "time": 0.908,
      "parameters": {"COPY_DIMX": 16,"COPY_DIMY": 16,"COPY_VW": 4,"COPY_WPT": 8,"PRECISION": 16}
    },
    {
      "kernel": "CopyMatrixFast",
      "time": 0.388,
      "parameters": {"COPY_DIMX": 16,"COPY_DIMY": 16,"COPY_VW": 8,"COPY_WPT": 8,"PRECISION": 16}
    },
    {
      "kernel": "CopyMatrixFast",
      "time": 0.300,
      "parameters": {"COPY_DIMX": 16,"COPY_DIMY": 32,"COPY_VW": 1,"COPY_WPT": 1,"PRECISION": 16}
    },
    {
      "kernel": "CopyMatrixFast",
      "time": 1.269,
      "parameters": {"COPY_DIMX": 16,"COPY_DIMY": 32,"COPY_VW": 2,"COPY_WPT": 1,"PRECISION": 16}
    },
    {
      "kernel": "CopyMatrixFast",
      "time": 0.441,
      "parameters": {"COPY_DIMX": 16,"COPY_DIMY": 32,"COPY_VW": 4,"COPY_WPT": 1,"PRECISION": 16}
    },
    {
      "kernel": "CopyMatrixFast",
      "time": 1.284,
      "parameters": {"COPY_DIMX": 16,"COPY_DIMY": 32,"COPY_VW": 8,"COPY_WPT": 1,"PRECISION": 16}
    },
    {
      "kernel": "CopyMatrixFast",
      "time": 1.264,
      "parameters": {"COPY_DIMX": 16,"COPY_DIMY": 32,"COPY_VW": 1,"COPY_WPT": 2,"PRECISION": 16}
    },
    {
      "kernel": "CopyMatrixFast",
      "time": 0.605,
      "parameters": {"COPY_DIMX": 16,"COPY_DIMY": 32,"COPY_VW": 2,"COPY_WPT": 2,"PRECISION": 16}
    },
    {
      "kernel": "CopyMatrixFast",
      "time": 1.271,
      "parameters": {"COPY_DIMX": 16,"COPY_DIMY": 32,"COPY_VW": 4,"COPY_WPT": 2,"PRECISION": 16}
    },
    {
      "kernel": "CopyMatrixFast",
      "time": 1.265,
      "parameters": {"COPY_DIMX": 16,"COPY_DIMY": 32,"COPY_VW": 8,"COPY_WPT": 2,"PRECISION": 16}
    },
    {
      "kernel": "CopyMatrixFast",
      "time": 1.261,
      "parameters": {"COPY_DIMX": 16,"COPY_DIMY": 32,"COPY_VW": 1,"COPY_WPT": 4,"PRECISION": 16}
    },
    {
      "kernel": "CopyMatrixFast",
      "time": 0.236,
      "parameters": {"COPY_DIMX": 16,"COPY_DIMY": 32,"COPY_VW": 2,"COPY_WPT": 4,"PRECISION": 16}
    },
    {
      "kernel": "CopyMatrixFast",
      "time": 0.626,
      "parameters": {"COPY_DIMX": 16,"COPY_DIMY": 32,"COPY_VW": 4,"COPY_WPT": 4,"PRECISION": 16}
    },
    {
      "kernel": "CopyMatrixFast",
      "time": 1.269,
      "parameters": {"COPY_DIMX": 16,"COPY_DIMY": 32,"COPY_VW": 8,"COPY_WPT": 4,"PRECISION": 16}
    },
    {
      "kernel": "CopyMatrixFast",
      "time": 0.616,
      "parameters": {"COPY_DIMX": 16,"COPY_DIMY": 32,"COPY_VW": 1,"COPY_WPT": 8,"PRECISION": 16}
    },
    {
      "kernel": "CopyMatrixFast",
      "time": 1.265,
      "parameters": {"COPY_DIMX": 16,"COPY_DIMY": 32,"COPY_VW": 2,"COPY_WPT": 8,"PRECISION": 16}
    },
    {
      "kernel": "CopyMatrixFast",
      "time": 0.991,
      "parameters": {"COPY_DIMX": 16,"COPY_DIMY": 32,"COPY_VW": 4,"COPY_WPT": 8,"PRECISION": 16}
    },
    {
      "kernel": "CopyMatrixFast",
      "time": 1.279,
      "parameters": {"COPY_DIMX": 16,"COPY_DIMY": 32,"COPY_VW": 8,"COPY_WPT": 8,"PRECISION": 16}
    },
    {
      "kernel": "CopyMatrixFast",
      "time": 1.269,
      "parameters": {"COPY_DIMX": 32,"COPY_DIMY": 8,"COPY_VW": 1,"COPY_WPT": 1,"PRECISION": 16}
    },
    {
      "kernel": "CopyMatrixFast",
      "time": 0.355,
      "parameters": {"COPY_DIMX": 32,"COPY_DIMY": 8,"COPY_VW": 2,"COPY_WPT": 1,"PRECISION": 16}
    },
    {
      "kernel": "CopyMatrixFast",
      "time": 1.257,
      "parameters": {"COPY_DIMX": 32,"COPY_DIMY": 8,"COPY_VW": 4,"COPY_WPT": 1,"PRECISION": 16}
    },
    {
      "kernel": "CopyMatrixFast",
      "time": 0.531,
      "parameters": {"COPY_DIMX": 32,"COPY_DIMY": 8,"COPY_VW": 8,"COPY_WPT": 1,"PRECISION": 16}
    },
    {
      "kernel": "CopyMatrixFast",
      "time": 1.277,
      "parameters": {"COPY_DIMX": 32,"COPY_DIMY": 8,"COPY_VW": 1,"COPY_WPT": 2,"PRECISION": 16}
    },
    {
      "kernel": "CopyMatrixFast",
      "time": 0.211,
      "parameters": {"COPY_DIMX": 32,"COPY_DIMY": 8,"COPY_VW": 2,"COPY_WPT": 2,"PRECISION": 16}
    },
    {
      "kernel": "CopyMatrixFast",
      "time": 0.597,
      "parameters": {"COPY_DIMX": 32,"COPY_DIMY": 8,"COPY_VW": 4,"COPY_WPT": 2,"PRECISION": 16}
    },
    {
      "kernel": "CopyMatrixFast",
      "time": 1.267,
      "parameters": {"COPY_DIMX": 32,"COPY_DIMY": 8,"COPY_VW": 8,"COPY_WPT": 2,"PRECISION": 16}
    },
    {
      "kernel": "CopyMatrixFast",
      "time": 0.537,
      "parameters": {"COPY_DIMX": 32,"COPY_DIMY": 8,"COPY_VW": 1,"COPY_WPT": 4,"PRECISION": 16}
    },
    {
      "kernel": "CopyMatrixFast",
      "time": 1.268,
      "parameters": {"COPY_DIMX": 32,"COPY_DIMY": 8,"COPY_VW": 2,"COPY_WPT": 4,"PRECISION": 16}
    },
    {
      "kernel": "CopyMatrixFast",
      "time": 1.275,
      "parameters": {"COPY_DIMX": 32,"COPY_DIMY": 8,"COPY_VW": 4,"COPY_WPT": 4,"PRECISION": 16}
    },
    {
      "kernel": "CopyMatrixFast",
      "time": 1.271,
      "parameters": {"COPY_DIMX": 32,"COPY_DIMY": 8,"COPY_VW": 8,"COPY_WPT": 4,"PRECISION": 16}
    },
    {
      "kernel": "CopyMatrixFast",
      "time": 0.630,
      "parameters": {"COPY_DIMX": 32,"COPY_DIMY": 8,"COPY_VW": 1,"COPY_WPT": 8,"PRECISION": 16}
    },
    {
      "kernel": "CopyMatrixFast",
      "time": 1.263,
      "parameters": {"COPY_DIMX": 32,"COPY_DIMY": 8,"COPY_VW": 2,"COPY_WPT": 8,"PRECISION": 16}
    },
    {
      "kernel": "CopyMatrixFast",
      "time": 1.287,
      "parameters": {"COPY_DIMX": 32,"COPY_DIMY": 8,"COPY_VW": 4,"COPY_WPT": 8,"PRECISION": 16}
    },
    {
      "kernel": "CopyMatrixFast",
      "time": 1.262,
      "parameters": {"COPY_DIMX": 32,"COPY_DIMY": 8,"COPY_VW": 8,"COPY_WPT": 8,"PRECISION": 16}
    },
    {
      "kernel": "CopyMatrixFast",
      "time": 0.247,
      "parameters": {"COPY_DIMX": 32,"COPY_DIMY": 16,"COPY_VW": 1,"COPY_WPT": 1,"PRECISION": 16}
    },
    {
      "kernel": "CopyMatrixFast",
      "time": 1.283,
      "parameters": {"COPY_DIMX": 32,"COPY_DIMY": 16,"COPY_VW": 2,"COPY_WPT": 1,"PRECISION": 16}
    },
    {
      "kernel": "CopyMatrixFast",
      "time": 0.215,
      "parameters": {"COPY_DIMX": 32,"COPY_DIMY": 16,"COPY_VW": 4,"COPY_WPT": 1,"PRECISION": 16}
    },
    {
      "kernel": "CopyMatrixFast",
      "time": 0.584,
      "parameters": {"COPY_DIMX": 32,"COPY_DIMY": 16,"COPY_VW": 8,"COPY_WPT": 1,"PRECISION": 16}
    },
    {
      "kernel": "CopyMatrixFast",
      "time": 1.284,
      "parameters": {"COPY_DIMX": 32,"COPY_DIMY": 16,"COPY_VW": 1,"COPY_WPT": 2,"PRECISION": 16}
    },
    {
      "kernel": "CopyMatrixFast",
      "time": 0.238,
      "parameters": {"COPY_DIMX": 32,"COPY_DIMY": 16,"COPY_VW": 2,"COPY_WPT": 2,"PRECISION": 16}
    },
    {
      "kernel": "CopyMatrixFast",
      "time": 0.476,
      "parameters": {"COPY_DIMX": 32,"COPY_DIMY": 16,"COPY_VW": 4,"COPY_WPT": 2,"PRECISION": 16}
    },
    {
      "kernel": "CopyMatrixFast",
      "time": 0.370,
      "parameters": {"COPY_DIMX": 32,"COPY_DIMY": 16,"COPY_VW": 8,"COPY_WPT": 2,"PRECISION": 16}
    },
    {
      "kernel": "CopyMatrixFast",
      "time": 1.273,
      "parameters": {"COPY_DIMX": 32,"COPY_DIMY": 16,"COPY_VW": 1,"COPY_WPT": 4,"PRECISION": 16}
    },
    {
      "kernel": "CopyMatrixFast",
      "time": 0.228,
      "parameters": {"COPY_DIMX": 32,"COPY_DIMY": 16,"COPY_VW": 2,"COPY_WPT": 4,"PRECISION": 16}
    },
    {
      "kernel": "CopyMatrixFast",
      "time": 0.594,
      "parameters": {"COPY_DIMX": 32,"COPY_DIMY": 16,"COPY_VW": 4,"COPY_WPT": 4,"PRECISION": 16}
    },
    {
      "kernel": "CopyMatrixFast",
      "time": 0.619,
      "parameters": {"COPY_DIMX": 32,"COPY_DIMY": 16,"COPY_VW": 8,"COPY_WPT": 4,"PRECISION": 16}
    },
    {
      "kernel": "CopyMatrixFast",
      "time": 1.266,
      "parameters": {"COPY_DIMX": 32,"COPY_DIMY": 16,"COPY_VW": 1,"COPY_WPT": 8,"PRECISION": 16}
    },
    {
      "kernel": "CopyMatrixFast",
      "time": 0.789,
      "parameters": {"COPY_DIMX": 32,"COPY_DIMY": 16,"COPY_VW": 2,"COPY_WPT": 8,"PRECISION": 16}
    },
    {
      "kernel": "CopyMatrixFast",
      "time": 1.268,
      "parameters": {"COPY_DIMX": 32,"COPY_DIMY": 16,"COPY_VW": 4,"COPY_WPT": 8,"PRECISION": 16}
    },
    {
      "kernel": "CopyMatrixFast",
      "time": 1.258,
      "parameters": {"COPY_DIMX": 32,"COPY_DIMY": 16,"COPY_VW": 8,"COPY_WPT": 8,"PRECISION": 16}
    },
    {
      "kernel": "CopyMatrixFast",
      "time": 0.419,
      "parameters": {"COPY_DIMX": 32,"COPY_DIMY": 32,"COPY_VW": 1,"COPY_WPT": 1,"PRECISION": 16}
    },
    {
      "kernel": "CopyMatrixFast",
      "time": 0.644,
      "parameters": {"COPY_DIMX": 32,"COPY_DIMY": 32,"COPY_VW": 2,"COPY_WPT": 1,"PRECISION": 16}
    },
    {
      "kernel": "CopyMatrixFast",
      "time": 1.266,
      "parameters": {"COPY_DIMX": 32,"COPY_DIMY": 32,"COPY_VW": 4,"COPY_WPT": 1,"PRECISION": 16}
    },
    {
      "kernel": "CopyMatrixFast",
      "time": 0.443,
      "parameters": {"COPY_DIMX": 32,"COPY_DIMY": 32,"COPY_VW": 8,"COPY_WPT": 1,"PRECISION": 16}
    },
    {
      "kernel": "CopyMatrixFast",
      "time": 1.277,
      "parameters": {"COPY_DIMX": 32,"COPY_DIMY": 32,"COPY_VW": 1,"COPY_WPT": 2,"PRECISION": 16}
    },
    {
      "kernel": "CopyMatrixFast",
      "time": 0.230,
      "parameters": {"COPY_DIMX": 32,"COPY_DIMY": 32,"COPY_VW": 2,"COPY_WPT": 2,"PRECISION": 16}
    },
    {
      "kernel": "CopyMatrixFast",
      "time": 0.437,
      "parameters": {"COPY_DIMX": 32,"COPY_DIMY": 32,"COPY_VW": 4,"COPY_WPT": 2,"PRECISION": 16}
    },
    {
      "kernel": "CopyMatrixFast",
      "time": 1.267,
      "parameters": {"COPY_DIMX": 32,"COPY_DIMY": 32,"COPY_VW": 8,"COPY_WPT": 2,"PRECISION": 16}
    },
    {
      "kernel": "CopyMatrixFast",
      "time": 0.597,
      "parameters": {"COPY_DIMX": 32,"COPY_DIMY": 32,"COPY_VW": 1,"COPY_WPT": 4,"PRECISION": 16}
    },
    {
      "kernel": "CopyMatrixFast",
      "time": 1.274,
      "parameters": {"COPY_DIMX": 32,"COPY_DIMY": 32,"COPY_VW": 2,"COPY_WPT": 4,"PRECISION": 16}
    },
    {
      "kernel": "CopyMatrixFast",
      "time": 0.233,
      "parameters": {"COPY_DIMX": 32,"COPY_DIMY": 32,"COPY_VW": 4,"COPY_WPT": 4,"PRECISION": 16}
    },
    {
      "kernel": "CopyMatrixFast",
      "time": 1.277,
      "parameters": {"COPY_DIMX": 32,"COPY_DIMY": 32,"COPY_VW": 8,"COPY_WPT": 4,"PRECISION": 16}
    },
    {
      "kernel": "CopyMatrixFast",
      "time": 0.275,
      "parameters": {"COPY_DIMX": 32,"COPY_DIMY": 32,"COPY_VW": 1,"COPY_WPT": 8,"PRECISION": 16}
    },
    {
      "kernel": "CopyMatrixFast",
      "time": 0.621,
      "parameters": {"COPY_DIMX": 32,"COPY_DIMY": 32,"COPY_VW": 2,"COPY_WPT": 8,"PRECISION": 16}
    },
    {
      "kernel": "CopyMatrixFast",
      "time": 1.268,
      "parameters": {"COPY_DIMX": 32,"COPY_DIMY": 32,"COPY_VW": 4,"COPY_WPT": 8,"PRECISION": 16}
    },
    {
      "kernel": "CopyMatrixFast",
      "time": 1.268,
      "parameters": {"COPY_DIMX": 32,"COPY_DIMY": 32,"COPY_VW": 8,"COPY_WPT": 8,"PRECISION": 16}
    }
  ]
}
