{
  "kernel_family": "gemm_routine",
  "precision": "16",
  "arg_from": "64",
  "arg_to": "2048",
  "arg_step": "64",
  "best_kernel": "gemm_kernel_selection",
  "best_time": "0.03",
  "best_parameters": "XGEMM_MIN_INDIRECT_SIZE=320",
  "clblast_device_type": "GPU",
  "clblast_device_vendor": "QUALCOMM",
  "clblast_device_architecture": "OpenCL C 3.0 Adreno(TM) 740",
  "clblast_device_name": "QUALCOMM Adreno(TM)",
  "device": "QUALCOMM Adreno(TM)",
  "platform_vendor": "QUALCOMM",
  "platform_version": "OpenCL 3.0 QUALCOMM build: commit unknown",
  "device_vendor": "QUALCOMM",
  "device_type": "GPU",
  "device_core_clock": "1",
  "device_compute_units": "6",
  "device_extra_info": "",
  "results": [
    {
      "kernel": "gemm_kernel_selection",
      "time": 1.031,
      "parameters": {"PRECISION": 16,"XGEMM_MIN_INDIRECT_SIZE": 64}
    },
    {
      "kernel": "gemm_kernel_selection",
      "time": 0.474,
      "parameters": {"PRECISION": 16,"XGEMM_MIN_INDIRECT_SIZE": 128}
    },
    {
      "kernel": "gemm_kernel_selection",
      "time": 0.140,
      "parameters": {"PRECISION": 16,"XGEMM_MIN_INDIRECT_SIZE": 192}
    },
    {
      "kernel": "gemm_kernel_selection",
      "time": 0.028,
      "parameters": {"PRECISION": 16,"XGEMM_MIN_INDIRECT_SIZE": 256}
    },
    {
      "kernel": "gemm_kernel_selection",
      "time": 0.027,
      "parameters": {"PRECISION": 16,"XGEMM_MIN_INDIRECT_SIZE": 320}
    },
    {
      "kernel": "gemm_kernel_selection",
      "time": 0.137,
      "parameters": {"PRECISION": 16,"XGEMM_MIN_INDIRECT_SIZE": 384}
    },
    {
      "kernel": "gemm_kernel_selection",
      "time": 0.469,
      "parameters": {"PRECISION": 16,"XGEMM_MIN_INDIRECT_SIZE": 448}
    },
    {
      "kernel": "gemm_kernel_selection",
      "time": 1.024,
      "parameters": {"PRECISION": 16,"XGEMM_MIN_INDIRECT_SIZE": 512}
    },
    {
      "kernel": "gemm_kernel_selection",
      "time": 1.801,
      "parameters": {"PRECISION": 16,"XGEMM_MIN_INDIRECT_SIZE": 576}
    },
    {
      "kernel": "gemm_kernel_selection",
      "time": 2.800,
      "parameters": {"PRECISION": 16,"XGEMM_MIN_INDIRECT_SIZE": 640}
    },
    {
      "kernel": "gemm_kernel_selection",
      "time": 4.021,
      "parameters": {"PRECISION": 16,"XGEMM_MIN_INDIRECT_SIZE": 704}
    },
    {
      "kernel": "gemm_kernel_selection",
      "time": 5.464,
      "parameters": {"PRECISION": 16,"XGEMM_MIN_INDIRECT_SIZE": 768}
    },
    {
      "kernel": "gemm_kernel_selection",
      "time": 7.130,
      "parameters": {"PRECISION": 16,"XGEMM_MIN_INDIRECT_SIZE": 832}
    },
    {
      "kernel": "gemm_kernel_selection",
      "time": 9.018,
      "parameters": {"PRECISION": 16,"XGEMM_MIN_INDIRECT_SIZE": 896}
    },
    {
      "kernel": "gemm_kernel_selection",
      "time": 11.128,
      "parameters": {"PRECISION": 16,"XGEMM_MIN_INDIRECT_SIZE": 960}
    },
    {
      "kernel": "gemm_kernel_selection",
      "time": 13.460,
      "parameters": {"PRECISION": 16,"XGEMM_MIN_INDIRECT_SIZE": 1024}
    },
    {
      "kernel": "gemm_kernel_selection",
      "time": 16.015,
      "parameters": {"PRECISION": 16,"XGEMM_MIN_INDIRECT_SIZE": 1088}
    },
    {
      "kernel": "gemm_kernel_selection",
      "time": 18.792,
      "parameters": {"PRECISION": 16,"XGEMM_MIN_INDIRECT_SIZE": 1152}
    },
    {
      "kernel": "gemm_kernel_selection",
      "time": 21.791,
      "parameters": {"PRECISION": 16,"XGEMM_MIN_INDIRECT_SIZE": 1216}
    },
    {
      "kernel": "gemm_kernel_selection",
      "time": 25.012,
      "parameters": {"PRECISION": 16,"XGEMM_MIN_INDIRECT_SIZE": 1280}
    },
    {
      "kernel": "gemm_kernel_selection",
      "time": 28.455,
      "parameters": {"PRECISION": 16,"XGEMM_MIN_INDIRECT_SIZE": 1344}
    },
    {
      "kernel": "gemm_kernel_selection",
      "time": 32.121,
      "parameters": {"PRECISION": 16,"XGEMM_MIN_INDIRECT_SIZE": 1408}
    },
    {
      "kernel": "gemm_kernel_selection",
      "time": 36.009,
      "parameters": {"PRECISION": 16,"XGEMM_MIN_INDIRECT_SIZE": 1472}
    },
    {
      "kernel": "gemm_kernel_selection",
      "time": 40.119,
      "parameters": {"PRECISION": 16,"XGEMM_MIN_INDIRECT_SIZE": 1536}
    },
    {
      "kernel": "gemm_kernel_selection",
      "time": 44.451,
      "parameters": {"PRECISION": 16,"XGEMM_MIN_INDIRECT_SIZE": 1600}
    },
    {
      "kernel": "gemm_kernel_selection",
      "time": 49.006,
      "parameters": {"PRECISION": 16,"XGEMM_MIN_INDIRECT_SIZE": 1664}
    },
    {
      "kernel": "gemm_kernel_selection",
      "time": 53.783,
      "parameters": {"PRECISION": 16,"XGEMM_MIN_INDIRECT_SIZE": 1728}
    },
    {
      "kernel": "gemm_kernel_selection",
      "time": 58.782,
      "parameters": {"PRECISION": 16,"XGEMM_MIN_INDIRECT_SIZE": 1792}
    },
    {
      "kernel": "gemm_kernel_selection",
      "time": 64.003,
      "parameters": {"PRECISION": 16,"XGEMM_MIN_INDIRECT_SIZE": 1856}
    },
    {
      "kernel": "gemm_kernel_selection",
      "time": 69.446,
      "parameters": {"PRECISION": 16,"XGEMM_MIN_INDIRECT_SIZE": 1920}
    },
    {
      "kernel": "gemm_kernel_selection",
      "time": 75.112,
      "parameters": {"PRECISION": 16,"XGEMM_MIN_INDIRECT_SIZE": 1984}
    }
  ]
}
