{
  "kernel_family": "xdot_1",
  "precision": "32",
  "best_kernel": "Xdot",
  "best_time": "0.79",
  "best_parameters": "PRECISION=32 WGS1=64",
  "arg_n": "2097152",
  "clblast_device_type": "GPU",
  "clblast_device_vendor": "QUALCOMM",
  "clblast_device_architecture": "OpenCL C 3.0 Adreno(TM) 740",
  "clblast_device_name": "QUALCOMM Adreno(TM)",
  "device": "QUALCOMM Adreno(TM)",
  "platform_vendor": "QUALCOMM",
  "platform_version": "OpenCL 3.0 QUALCOMM build: commit unknown",
  "device_vendor": "QUALCOMM",
  "device_type": "GPU",
  "device_core_clock": "1",
  "device_compute_units": "6",
  "device_extra_info": "",
  "results": [
    {
      "kernel": "Xdot",
      "time": 1.319,
      "parameters": {"PRECISION": 32,"WGS1": 32}
    },
    {
      "kernel": "Xdot",
      "time": 0.789,
      "parameters": {"PRECISION": 32,"WGS1": 64}
    },
    {
      "kernel": "Xdot",
      "time": 0.975,
      "parameters": {"PRECISION": 32,"WGS1": 128}
    },
    {
      "kernel": "Xdot",
      "time": 1.285,
      "parameters": {"PRECISION": 32,"WGS1": 256}
    },
    {
      "kernel": "Xdot",
      "time": 1.281,
      "parameters": {"PRECISION": 32,"WGS1": 512}
    },
    {
      "kernel": "Xdot",
      "time": 1.273,
      "parameters": {"PRECISION": 32,"WGS1": 1024}
    }
  ]
}
