{
  "kernel_family": "xgemv",
  "precision": "16",
  "best_kernel": "Xgemv",
  "best_time": "1.32",
  "best_parameters": "PRECISION=16 WGS1=128 WPT1=1",
  "arg_m": "2048",
  "arg_n": "2048",
  "arg_alpha": "2.000000",
  "arg_beta": "2.000000",
  "clblast_device_type": "GPU",
  "clblast_device_vendor": "QUALCOMM",
  "clblast_device_architecture": "OpenCL C 3.0 Adreno(TM) 740",
  "clblast_device_name": "QUALCOMM Adreno(TM)",
  "device": "QUALCOMM Adreno(TM)",
  "platform_vendor": "QUALCOMM",
  "platform_version": "OpenCL 3.0 QUALCOMM build: commit unknown",
  "device_vendor": "QUALCOMM",
  "device_type": "GPU",
  "device_core_clock": "1",
  "device_compute_units": "6",
  "device_extra_info": "",
  "results": [
    {
      "kernel": "Xgemv",
      "time": 1.326,
      "parameters": {"PRECISION": 16,"WGS1": 32,"WPT1": 1}
    },
    {
      "kernel": "Xgemv",
      "time": 1.408,
      "parameters": {"PRECISION": 16,"WGS1": 32,"WPT1": 2}
    },
    {
      "kernel": "Xgemv",
      "time": 1.405,
      "parameters": {"PRECISION": 16,"WGS1": 32,"WPT1": 4}
    },
    {
      "kernel": "Xgemv",
      "time": 1.341,
      "parameters": {"PRECISION": 16,"WGS1": 64,"WPT1": 1}
    },
    {
      "kernel": "Xgemv",
      "time": 1.371,
      "parameters": {"PRECISION": 16,"WGS1": 64,"WPT1": 2}
    },
    {
      "kernel": "Xgemv",
      "time": 1.328,
      "parameters": {"PRECISION": 16,"WGS1": 64,"WPT1": 4}
    },
    {
      "kernel": "Xgemv",
      "time": 1.325,
      "parameters": {"PRECISION": 16,"WGS1": 128,"WPT1": 1}
    },
    {
      "kernel": "Xgemv",
      "time": 1.413,
      "parameters": {"PRECISION": 16,"WGS1": 128,"WPT1": 2}
    },
    {
      "kernel": "Xgemv",
      "time": 1.465,
      "parameters": {"PRECISION": 16,"WGS1": 128,"WPT1": 4}
    },
    {
      "kernel": "Xgemv",
      "time": 1.350,
      "parameters": {"PRECISION": 16,"WGS1": 256,"WPT1": 1}
    },
    {
      "kernel": "Xgemv",
      "time": 1.334,
      "parameters": {"PRECISION": 16,"WGS1": 256,"WPT1": 2}
    },
    {
      "kernel": "Xgemv",
      "time": 2.160,
      "parameters": {"PRECISION": 16,"WGS1": 256,"WPT1": 4}
    }
  ]
}
