{
  "kernel_family": "xaxpy",
  "precision": "32",
  "best_kernel": "XaxpyFastest",
  "best_time": "1.25",
  "best_parameters": "PRECISION=32 VW=8 WGS=512 WPT=4",
  "arg_n": "4194304",
  "arg_alpha": "2.00",
  "clblast_device_type": "GPU",
  "clblast_device_vendor": "QUALCOMM",
  "clblast_device_architecture": "OpenCL C 3.0 Adreno(TM) 740",
  "clblast_device_name": "QUALCOMM Adreno(TM)",
  "device": "QUALCOMM Adreno(TM)",
  "platform_vendor": "QUALCOMM",
  "platform_version": "OpenCL 3.0 QUALCOMM build: commit unknown",
  "device_vendor": "QUALCOMM",
  "device_type": "GPU",
  "device_core_clock": "1",
  "device_compute_units": "6",
  "device_extra_info": "",
  "results": [
    {
      "kernel": "XaxpyFastest",
      "time": 2.123,
      "parameters": {"PRECISION": 32,"VW": 1,"WGS": 64,"WPT": 1}
    },
    {
      "kernel": "XaxpyFastest",
      "time": 1.262,
      "parameters": {"PRECISION": 32,"VW": 2,"WGS": 64,"WPT": 1}
    },
    {
      "kernel": "XaxpyFastest",
      "time": 1.264,
      "parameters": {"PRECISION": 32,"VW": 4,"WGS": 64,"WPT": 1}
    },
    {
      "kernel": "XaxpyFastest",
      "time": 1.283,
      "parameters": {"PRECISION": 32,"VW": 8,"WGS": 64,"WPT": 1}
    },
    {
      "kernel": "XaxpyFastest",
      "time": 1.275,
      "parameters": {"PRECISION": 32,"VW": 1,"WGS": 64,"WPT": 2}
    },
    {
      "kernel": "XaxpyFastest",
      "time": 1.298,
      "parameters": {"PRECISION": 32,"VW": 2,"WGS": 64,"WPT": 2}
    },
    {
      "kernel": "XaxpyFastest",
      "time": 1.288,
      "parameters": {"PRECISION": 32,"VW": 4,"WGS": 64,"WPT": 2}
    },
    {
      "kernel": "XaxpyFastest",
      "time": 1.288,
      "parameters": {"PRECISION": 32,"VW": 8,"WGS": 64,"WPT": 2}
    },
    {
      "kernel": "XaxpyFastest",
      "time": 1.275,
      "parameters": {"PRECISION": 32,"VW": 1,"WGS": 64,"WPT": 4}
    },
    {
      "kernel": "XaxpyFastest",
      "time": 1.349,
      "parameters": {"PRECISION": 32,"VW": 2,"WGS": 64,"WPT": 4}
    },
    {
      "kernel": "XaxpyFastest",
      "time": 1.317,
      "parameters": {"PRECISION": 32,"VW": 4,"WGS": 64,"WPT": 4}
    },
    {
      "kernel": "XaxpyFastest",
      "time": 1.272,
      "parameters": {"PRECISION": 32,"VW": 8,"WGS": 64,"WPT": 4}
    },
    {
      "kernel": "XaxpyFastest",
      "time": 1.362,
      "parameters": {"PRECISION": 32,"VW": 1,"WGS": 64,"WPT": 8}
    },
    {
      "kernel": "XaxpyFastest",
      "time": 1.351,
      "parameters": {"PRECISION": 32,"VW": 2,"WGS": 64,"WPT": 8}
    },
    {
      "kernel": "XaxpyFastest",
      "time": 1.374,
      "parameters": {"PRECISION": 32,"VW": 4,"WGS": 64,"WPT": 8}
    },
    {
      "kernel": "XaxpyFastest",
      "time": 1.364,
      "parameters": {"PRECISION": 32,"VW": 8,"WGS": 64,"WPT": 8}
    },
    {
      "kernel": "XaxpyFastest",
      "time": 1.260,
      "parameters": {"PRECISION": 32,"VW": 1,"WGS": 128,"WPT": 1}
    },
    {
      "kernel": "XaxpyFastest",
      "time": 1.258,
      "parameters": {"PRECISION": 32,"VW": 2,"WGS": 128,"WPT": 1}
    },
    {
      "kernel": "XaxpyFastest",
      "time": 1.271,
      "parameters": {"PRECISION": 32,"VW": 4,"WGS": 128,"WPT": 1}
    },
    {
      "kernel": "XaxpyFastest",
      "time": 1.518,
      "parameters": {"PRECISION": 32,"VW": 8,"WGS": 128,"WPT": 1}
    },
    {
      "kernel": "XaxpyFastest",
      "time": 1.287,
      "parameters": {"PRECISION": 32,"VW": 1,"WGS": 128,"WPT": 2}
    },
    {
      "kernel": "XaxpyFastest",
      "time": 1.269,
      "parameters": {"PRECISION": 32,"VW": 2,"WGS": 128,"WPT": 2}
    },
    {
      "kernel": "XaxpyFastest",
      "time": 1.273,
      "parameters": {"PRECISION": 32,"VW": 4,"WGS": 128,"WPT": 2}
    },
    {
      "kernel": "XaxpyFastest",
      "time": 1.270,
      "parameters": {"PRECISION": 32,"VW": 8,"WGS": 128,"WPT": 2}
    },
    {
      "kernel": "XaxpyFastest",
      "time": 1.364,
      "parameters": {"PRECISION": 32,"VW": 1,"WGS": 128,"WPT": 4}
    },
    {
      "kernel": "XaxpyFastest",
      "time": 1.284,
      "parameters": {"PRECISION": 32,"VW": 2,"WGS": 128,"WPT": 4}
    },
    {
      "kernel": "XaxpyFastest",
      "time": 1.274,
      "parameters": {"PRECISION": 32,"VW": 4,"WGS": 128,"WPT": 4}
    },
    {
      "kernel": "XaxpyFastest",
      "time": 1.278,
      "parameters": {"PRECISION": 32,"VW": 8,"WGS": 128,"WPT": 4}
    },
    {
      "kernel": "XaxpyFastest",
      "time": 1.286,
      "parameters": {"PRECISION": 32,"VW": 1,"WGS": 128,"WPT": 8}
    },
    {
      "kernel": "XaxpyFastest",
      "time": 1.403,
      "parameters": {"PRECISION": 32,"VW": 2,"WGS": 128,"WPT": 8}
    },
    {
      "kernel": "XaxpyFastest",
      "time": 1.323,
      "parameters": {"PRECISION": 32,"VW": 4,"WGS": 128,"WPT": 8}
    },
    {
      "kernel": "XaxpyFastest",
      "time": 1.308,
      "parameters": {"PRECISION": 32,"VW": 8,"WGS": 128,"WPT": 8}
    },
    {
      "kernel": "XaxpyFastest",
      "time": 1.275,
      "parameters": {"PRECISION": 32,"VW": 1,"WGS": 256,"WPT": 1}
    },
    {
      "kernel": "XaxpyFastest",
      "time": 1.277,
      "parameters": {"PRECISION": 32,"VW": 2,"WGS": 256,"WPT": 1}
    },
    {
      "kernel": "XaxpyFastest",
      "time": 1.261,
      "parameters": {"PRECISION": 32,"VW": 4,"WGS": 256,"WPT": 1}
    },
    {
      "kernel": "XaxpyFastest",
      "time": 1.282,
      "parameters": {"PRECISION": 32,"VW": 8,"WGS": 256,"WPT": 1}
    },
    {
      "kernel": "XaxpyFastest",
      "time": 1.262,
      "parameters": {"PRECISION": 32,"VW": 1,"WGS": 256,"WPT": 2}
    },
    {
      "kernel": "XaxpyFastest",
      "time": 1.287,
      "parameters": {"PRECISION": 32,"VW": 2,"WGS": 256,"WPT": 2}
    },
    {
      "kernel": "XaxpyFastest",
      "time": 1.264,
      "parameters": {"PRECISION": 32,"VW": 4,"WGS": 256,"WPT": 2}
    },
    {
      "kernel": "XaxpyFastest",
      "time": 1.269,
      "parameters": {"PRECISION": 32,"VW": 8,"WGS": 256,"WPT": 2}
    },
    {
      "kernel": "XaxpyFastest",
      "time": 1.410,
      "parameters": {"PRECISION": 32,"VW": 1,"WGS": 256,"WPT": 4}
    },
    {
      "kernel": "XaxpyFastest",
      "time": 1.378,
      "parameters": {"PRECISION": 32,"VW": 2,"WGS": 256,"WPT": 4}
    },
    {
      "kernel": "XaxpyFastest",
      "time": 1.304,
      "parameters": {"PRECISION": 32,"VW": 4,"WGS": 256,"WPT": 4}
    },
    {
      "kernel": "XaxpyFastest",
      "time": 1.268,
      "parameters": {"PRECISION": 32,"VW": 8,"WGS": 256,"WPT": 4}
    },
    {
      "kernel": "XaxpyFastest",
      "time": 1.353,
      "parameters": {"PRECISION": 32,"VW": 1,"WGS": 256,"WPT": 8}
    },
    {
      "kernel": "XaxpyFastest",
      "time": 1.431,
      "parameters": {"PRECISION": 32,"VW": 2,"WGS": 256,"WPT": 8}
    },
    {
      "kernel": "XaxpyFastest",
      "time": 1.294,
      "parameters": {"PRECISION": 32,"VW": 4,"WGS": 256,"WPT": 8}
    },
    {
      "kernel": "XaxpyFastest",
      "time": 1.310,
      "parameters": {"PRECISION": 32,"VW": 8,"WGS": 256,"WPT": 8}
    },
    {
      "kernel": "XaxpyFastest",
      "time": 1.279,
      "parameters": {"PRECISION": 32,"VW": 1,"WGS": 512,"WPT": 1}
    },
    {
      "kernel": "XaxpyFastest",
      "time": 1.262,
      "parameters": {"PRECISION": 32,"VW": 2,"WGS": 512,"WPT": 1}
    },
    {
      "kernel": "XaxpyFastest",
      "time": 1.267,
      "parameters": {"PRECISION": 32,"VW": 4,"WGS": 512,"WPT": 1}
    },
    {
      "kernel": "XaxpyFastest",
      "time": 1.262,
      "parameters": {"PRECISION": 32,"VW": 8,"WGS": 512,"WPT": 1}
    },
    {
      "kernel": "XaxpyFastest",
      "time": 1.270,
      "parameters": {"PRECISION": 32,"VW": 1,"WGS": 512,"WPT": 2}
    },
    {
      "kernel": "XaxpyFastest",
      "time": 1.285,
      "parameters": {"PRECISION": 32,"VW": 2,"WGS": 512,"WPT": 2}
    },
    {
      "kernel": "XaxpyFastest",
      "time": 1.327,
      "parameters": {"PRECISION": 32,"VW": 4,"WGS": 512,"WPT": 2}
    },
    {
      "kernel": "XaxpyFastest",
      "time": 1.262,
      "parameters": {"PRECISION": 32,"VW": 8,"WGS": 512,"WPT": 2}
    },
    {
      "kernel": "XaxpyFastest",
      "time": 1.555,
      "parameters": {"PRECISION": 32,"VW": 1,"WGS": 512,"WPT": 4}
    },
    {
      "kernel": "XaxpyFastest",
      "time": 1.408,
      "parameters": {"PRECISION": 32,"VW": 2,"WGS": 512,"WPT": 4}
    },
    {
      "kernel": "XaxpyFastest",
      "time": 1.273,
      "parameters": {"PRECISION": 32,"VW": 4,"WGS": 512,"WPT": 4}
    },
    {
      "kernel": "XaxpyFastest",
      "time": 1.248,
      "parameters": {"PRECISION": 32,"VW": 8,"WGS": 512,"WPT": 4}
    },
    {
      "kernel": "XaxpyFastest",
      "time": 1.340,
      "parameters": {"PRECISION": 32,"VW": 1,"WGS": 512,"WPT": 8}
    },
    {
      "kernel": "XaxpyFastest",
      "time": 1.401,
      "parameters": {"PRECISION": 32,"VW": 2,"WGS": 512,"WPT": 8}
    },
    {
      "kernel": "XaxpyFastest",
      "time": 1.277,
      "parameters": {"PRECISION": 32,"VW": 4,"WGS": 512,"WPT": 8}
    },
    {
      "kernel": "XaxpyFastest",
      "time": 1.283,
      "parameters": {"PRECISION": 32,"VW": 8,"WGS": 512,"WPT": 8}
    },
    {
      "kernel": "XaxpyFastest",
      "time": 1.253,
      "parameters": {"PRECISION": 32,"VW": 1,"WGS": 1024,"WPT": 1}
    },
    {
      "kernel": "XaxpyFastest",
      "time": 1.263,
      "parameters": {"PRECISION": 32,"VW": 2,"WGS": 1024,"WPT": 1}
    },
    {
      "kernel": "XaxpyFastest",
      "time": 1.258,
      "parameters": {"PRECISION": 32,"VW": 4,"WGS": 1024,"WPT": 1}
    },
    {
      "kernel": "XaxpyFastest",
      "time": 1.278,
      "parameters": {"PRECISION": 32,"VW": 8,"WGS": 1024,"WPT": 1}
    },
    {
      "kernel": "XaxpyFastest",
      "time": 1.270,
      "parameters": {"PRECISION": 32,"VW": 1,"WGS": 1024,"WPT": 2}
    },
    {
      "kernel": "XaxpyFastest",
      "time": 1.287,
      "parameters": {"PRECISION": 32,"VW": 2,"WGS": 1024,"WPT": 2}
    },
    {
      "kernel": "XaxpyFastest",
      "time": 1.269,
      "parameters": {"PRECISION": 32,"VW": 4,"WGS": 1024,"WPT": 2}
    },
    {
      "kernel": "XaxpyFastest",
      "time": 1.281,
      "parameters": {"PRECISION": 32,"VW": 8,"WGS": 1024,"WPT": 2}
    },
    {
      "kernel": "XaxpyFastest",
      "time": 1.385,
      "parameters": {"PRECISION": 32,"VW": 1,"WGS": 1024,"WPT": 4}
    },
    {
      "kernel": "XaxpyFastest",
      "time": 1.329,
      "parameters": {"PRECISION": 32,"VW": 2,"WGS": 1024,"WPT": 4}
    },
    {
      "kernel": "XaxpyFastest",
      "time": 1.292,
      "parameters": {"PRECISION": 32,"VW": 4,"WGS": 1024,"WPT": 4}
    },
    {
      "kernel": "XaxpyFastest",
      "time": 1.267,
      "parameters": {"PRECISION": 32,"VW": 8,"WGS": 1024,"WPT": 4}
    },
    {
      "kernel": "XaxpyFastest",
      "time": 1.364,
      "parameters": {"PRECISION": 32,"VW": 1,"WGS": 1024,"WPT": 8}
    },
    {
      "kernel": "XaxpyFastest",
      "time": 1.324,
      "parameters": {"PRECISION": 32,"VW": 2,"WGS": 1024,"WPT": 8}
    },
    {
      "kernel": "XaxpyFastest",
      "time": 1.373,
      "parameters": {"PRECISION": 32,"VW": 4,"WGS": 1024,"WPT": 8}
    },
    {
      "kernel": "XaxpyFastest",
      "time": 1.451,
      "parameters": {"PRECISION": 32,"VW": 8,"WGS": 1024,"WPT": 8}
    }
  ]
}
