{
  "kernel_family": "copy",
  "precision": "32",
  "best_kernel": "CopyMatrixFast",
  "best_time": "0.31",
  "best_parameters": "COPY_DIMX=16 COPY_DIMY=32 COPY_VW=2 COPY_WPT=2 PRECISION=32",
  "arg_m": "1024",
  "arg_n": "1024",
  "arg_alpha": "2.00",
  "clblast_device_type": "GPU",
  "clblast_device_vendor": "QUALCOMM",
  "clblast_device_architecture": "OpenCL C 3.0 Adreno(TM) 740",
  "clblast_device_name": "QUALCOMM Adreno(TM)",
  "device": "QUALCOMM Adreno(TM)",
  "platform_vendor": "QUALCOMM",
  "platform_version": "OpenCL 3.0 QUALCOMM build: commit unknown",
  "device_vendor": "QUALCOMM",
  "device_type": "GPU",
  "device_core_clock": "1",
  "device_compute_units": "6",
  "device_extra_info": "",
  "results": [
    {
      "kernel": "CopyMatrixFast",
      "time": 1.218,
      "parameters": {"COPY_DIMX": 8,"COPY_DIMY": 8,"COPY_VW": 1,"COPY_WPT": 1,"PRECISION": 32}
    },
    {
      "kernel": "CopyMatrixFast",
      "time": 0.887,
      "parameters": {"COPY_DIMX": 8,"COPY_DIMY": 8,"COPY_VW": 2,"COPY_WPT": 1,"PRECISION": 32}
    },
    {
      "kernel": "CopyMatrixFast",
      "time": 1.267,
      "parameters": {"COPY_DIMX": 8,"COPY_DIMY": 8,"COPY_VW": 4,"COPY_WPT": 1,"PRECISION": 32}
    },
    {
      "kernel": "CopyMatrixFast",
      "time": 0.865,
      "parameters": {"COPY_DIMX": 8,"COPY_DIMY": 8,"COPY_VW": 8,"COPY_WPT": 1,"PRECISION": 32}
    },
    {
      "kernel": "CopyMatrixFast",
      "time": 0.826,
      "parameters": {"COPY_DIMX": 8,"COPY_DIMY": 8,"COPY_VW": 1,"COPY_WPT": 2,"PRECISION": 32}
    },
    {
      "kernel": "CopyMatrixFast",
      "time": 0.767,
      "parameters": {"COPY_DIMX": 8,"COPY_DIMY": 8,"COPY_VW": 2,"COPY_WPT": 2,"PRECISION": 32}
    },
    {
      "kernel": "CopyMatrixFast",
      "time": 1.267,
      "parameters": {"COPY_DIMX": 8,"COPY_DIMY": 8,"COPY_VW": 4,"COPY_WPT": 2,"PRECISION": 32}
    },
    {
      "kernel": "CopyMatrixFast",
      "time": 0.547,
      "parameters": {"COPY_DIMX": 8,"COPY_DIMY": 8,"COPY_VW": 8,"COPY_WPT": 2,"PRECISION": 32}
    },
    {
      "kernel": "CopyMatrixFast",
      "time": 1.159,
      "parameters": {"COPY_DIMX": 8,"COPY_DIMY": 8,"COPY_VW": 1,"COPY_WPT": 4,"PRECISION": 32}
    },
    {
      "kernel": "CopyMatrixFast",
      "time": 0.887,
      "parameters": {"COPY_DIMX": 8,"COPY_DIMY": 8,"COPY_VW": 2,"COPY_WPT": 4,"PRECISION": 32}
    },
    {
      "kernel": "CopyMatrixFast",
      "time": 1.295,
      "parameters": {"COPY_DIMX": 8,"COPY_DIMY": 8,"COPY_VW": 4,"COPY_WPT": 4,"PRECISION": 32}
    },
    {
      "kernel": "CopyMatrixFast",
      "time": 1.049,
      "parameters": {"COPY_DIMX": 8,"COPY_DIMY": 8,"COPY_VW": 8,"COPY_WPT": 4,"PRECISION": 32}
    },
    {
      "kernel": "CopyMatrixFast",
      "time": 1.225,
      "parameters": {"COPY_DIMX": 8,"COPY_DIMY": 8,"COPY_VW": 1,"COPY_WPT": 8,"PRECISION": 32}
    },
    {
      "kernel": "CopyMatrixFast",
      "time": 0.752,
      "parameters": {"COPY_DIMX": 8,"COPY_DIMY": 8,"COPY_VW": 2,"COPY_WPT": 8,"PRECISION": 32}
    },
    {
      "kernel": "CopyMatrixFast",
      "time": 1.282,
      "parameters": {"COPY_DIMX": 8,"COPY_DIMY": 8,"COPY_VW": 4,"COPY_WPT": 8,"PRECISION": 32}
    },
    {
      "kernel": "CopyMatrixFast",
      "time": 0.769,
      "parameters": {"COPY_DIMX": 8,"COPY_DIMY": 8,"COPY_VW": 8,"COPY_WPT": 8,"PRECISION": 32}
    },
    {
      "kernel": "CopyMatrixFast",
      "time": 0.864,
      "parameters": {"COPY_DIMX": 8,"COPY_DIMY": 16,"COPY_VW": 1,"COPY_WPT": 1,"PRECISION": 32}
    },
    {
      "kernel": "CopyMatrixFast",
      "time": 1.279,
      "parameters": {"COPY_DIMX": 8,"COPY_DIMY": 16,"COPY_VW": 2,"COPY_WPT": 1,"PRECISION": 32}
    },
    {
      "kernel": "CopyMatrixFast",
      "time": 0.665,
      "parameters": {"COPY_DIMX": 8,"COPY_DIMY": 16,"COPY_VW": 4,"COPY_WPT": 1,"PRECISION": 32}
    },
    {
      "kernel": "CopyMatrixFast",
      "time": 1.249,
      "parameters": {"COPY_DIMX": 8,"COPY_DIMY": 16,"COPY_VW": 8,"COPY_WPT": 1,"PRECISION": 32}
    },
    {
      "kernel": "CopyMatrixFast",
      "time": 1.282,
      "parameters": {"COPY_DIMX": 8,"COPY_DIMY": 16,"COPY_VW": 1,"COPY_WPT": 2,"PRECISION": 32}
    },
    {
      "kernel": "CopyMatrixFast",
      "time": 0.454,
      "parameters": {"COPY_DIMX": 8,"COPY_DIMY": 16,"COPY_VW": 2,"COPY_WPT": 2,"PRECISION": 32}
    },
    {
      "kernel": "CopyMatrixFast",
      "time": 1.268,
      "parameters": {"COPY_DIMX": 8,"COPY_DIMY": 16,"COPY_VW": 4,"COPY_WPT": 2,"PRECISION": 32}
    },
    {
      "kernel": "CopyMatrixFast",
      "time": 0.779,
      "parameters": {"COPY_DIMX": 8,"COPY_DIMY": 16,"COPY_VW": 8,"COPY_WPT": 2,"PRECISION": 32}
    },
    {
      "kernel": "CopyMatrixFast",
      "time": 1.282,
      "parameters": {"COPY_DIMX": 8,"COPY_DIMY": 16,"COPY_VW": 1,"COPY_WPT": 4,"PRECISION": 32}
    },
    {
      "kernel": "CopyMatrixFast",
      "time": 0.768,
      "parameters": {"COPY_DIMX": 8,"COPY_DIMY": 16,"COPY_VW": 2,"COPY_WPT": 4,"PRECISION": 32}
    },
    {
      "kernel": "CopyMatrixFast",
      "time": 0.743,
      "parameters": {"COPY_DIMX": 8,"COPY_DIMY": 16,"COPY_VW": 4,"COPY_WPT": 4,"PRECISION": 32}
    },
    {
      "kernel": "CopyMatrixFast",
      "time": 0.776,
      "parameters": {"COPY_DIMX": 8,"COPY_DIMY": 16,"COPY_VW": 8,"COPY_WPT": 4,"PRECISION": 32}
    },
    {
      "kernel": "CopyMatrixFast",
      "time": 0.818,
      "parameters": {"COPY_DIMX": 8,"COPY_DIMY": 16,"COPY_VW": 1,"COPY_WPT": 8,"PRECISION": 32}
    },
    {
      "kernel": "CopyMatrixFast",
      "time": 0.841,
      "parameters": {"COPY_DIMX": 8,"COPY_DIMY": 16,"COPY_VW": 2,"COPY_WPT": 8,"PRECISION": 32}
    },
    {
      "kernel": "CopyMatrixFast",
      "time": 1.240,
      "parameters": {"COPY_DIMX": 8,"COPY_DIMY": 16,"COPY_VW": 4,"COPY_WPT": 8,"PRECISION": 32}
    },
    {
      "kernel": "CopyMatrixFast",
      "time": 0.695,
      "parameters": {"COPY_DIMX": 8,"COPY_DIMY": 16,"COPY_VW": 8,"COPY_WPT": 8,"PRECISION": 32}
    },
    {
      "kernel": "CopyMatrixFast",
      "time": 0.454,
      "parameters": {"COPY_DIMX": 8,"COPY_DIMY": 32,"COPY_VW": 1,"COPY_WPT": 1,"PRECISION": 32}
    },
    {
      "kernel": "CopyMatrixFast",
      "time": 0.481,
      "parameters": {"COPY_DIMX": 8,"COPY_DIMY": 32,"COPY_VW": 2,"COPY_WPT": 1,"PRECISION": 32}
    },
    {
      "kernel": "CopyMatrixFast",
      "time": 0.434,
      "parameters": {"COPY_DIMX": 8,"COPY_DIMY": 32,"COPY_VW": 4,"COPY_WPT": 1,"PRECISION": 32}
    },
    {
      "kernel": "CopyMatrixFast",
      "time": 0.495,
      "parameters": {"COPY_DIMX": 8,"COPY_DIMY": 32,"COPY_VW": 8,"COPY_WPT": 1,"PRECISION": 32}
    },
    {
      "kernel": "CopyMatrixFast",
      "time": 0.480,
      "parameters": {"COPY_DIMX": 8,"COPY_DIMY": 32,"COPY_VW": 1,"COPY_WPT": 2,"PRECISION": 32}
    },
    {
      "kernel": "CopyMatrixFast",
      "time": 1.282,
      "parameters": {"COPY_DIMX": 8,"COPY_DIMY": 32,"COPY_VW": 2,"COPY_WPT": 2,"PRECISION": 32}
    },
    {
      "kernel": "CopyMatrixFast",
      "time": 0.712,
      "parameters": {"COPY_DIMX": 8,"COPY_DIMY": 32,"COPY_VW": 4,"COPY_WPT": 2,"PRECISION": 32}
    },
    {
      "kernel": "CopyMatrixFast",
      "time": 0.780,
      "parameters": {"COPY_DIMX": 8,"COPY_DIMY": 32,"COPY_VW": 8,"COPY_WPT": 2,"PRECISION": 32}
    },
    {
      "kernel": "CopyMatrixFast",
      "time": 1.151,
      "parameters": {"COPY_DIMX": 8,"COPY_DIMY": 32,"COPY_VW": 1,"COPY_WPT": 4,"PRECISION": 32}
    },
    {
      "kernel": "CopyMatrixFast",
      "time": 0.771,
      "parameters": {"COPY_DIMX": 8,"COPY_DIMY": 32,"COPY_VW": 2,"COPY_WPT": 4,"PRECISION": 32}
    },
    {
      "kernel": "CopyMatrixFast",
      "time": 0.970,
      "parameters": {"COPY_DIMX": 8,"COPY_DIMY": 32,"COPY_VW": 4,"COPY_WPT": 4,"PRECISION": 32}
    },
    {
      "kernel": "CopyMatrixFast",
      "time": 1.172,
      "parameters": {"COPY_DIMX": 8,"COPY_DIMY": 32,"COPY_VW": 8,"COPY_WPT": 4,"PRECISION": 32}
    },
    {
      "kernel": "CopyMatrixFast",
      "time": 0.803,
      "parameters": {"COPY_DIMX": 8,"COPY_DIMY": 32,"COPY_VW": 1,"COPY_WPT": 8,"PRECISION": 32}
    },
    {
      "kernel": "CopyMatrixFast",
      "time": 0.630,
      "parameters": {"COPY_DIMX": 8,"COPY_DIMY": 32,"COPY_VW": 2,"COPY_WPT": 8,"PRECISION": 32}
    },
    {
      "kernel": "CopyMatrixFast",
      "time": 0.762,
      "parameters": {"COPY_DIMX": 8,"COPY_DIMY": 32,"COPY_VW": 4,"COPY_WPT": 8,"PRECISION": 32}
    },
    {
      "kernel": "CopyMatrixFast",
      "time": 1.157,
      "parameters": {"COPY_DIMX": 8,"COPY_DIMY": 32,"COPY_VW": 8,"COPY_WPT": 8,"PRECISION": 32}
    },
    {
      "kernel": "CopyMatrixFast",
      "time": 0.827,
      "parameters": {"COPY_DIMX": 16,"COPY_DIMY": 8,"COPY_VW": 1,"COPY_WPT": 1,"PRECISION": 32}
    },
    {
      "kernel": "CopyMatrixFast",
      "time": 0.455,
      "parameters": {"COPY_DIMX": 16,"COPY_DIMY": 8,"COPY_VW": 2,"COPY_WPT": 1,"PRECISION": 32}
    },
    {
      "kernel": "CopyMatrixFast",
      "time": 0.852,
      "parameters": {"COPY_DIMX": 16,"COPY_DIMY": 8,"COPY_VW": 4,"COPY_WPT": 1,"PRECISION": 32}
    },
    {
      "kernel": "CopyMatrixFast",
      "time": 1.153,
      "parameters": {"COPY_DIMX": 16,"COPY_DIMY": 8,"COPY_VW": 8,"COPY_WPT": 1,"PRECISION": 32}
    },
    {
      "kernel": "CopyMatrixFast",
      "time": 1.263,
      "parameters": {"COPY_DIMX": 16,"COPY_DIMY": 8,"COPY_VW": 1,"COPY_WPT": 2,"PRECISION": 32}
    },
    {
      "kernel": "CopyMatrixFast",
      "time": 1.288,
      "parameters": {"COPY_DIMX": 16,"COPY_DIMY": 8,"COPY_VW": 2,"COPY_WPT": 2,"PRECISION": 32}
    },
    {
      "kernel": "CopyMatrixFast",
      "time": 0.721,
      "parameters": {"COPY_DIMX": 16,"COPY_DIMY": 8,"COPY_VW": 4,"COPY_WPT": 2,"PRECISION": 32}
    },
    {
      "kernel": "CopyMatrixFast",
      "time": 1.275,
      "parameters": {"COPY_DIMX": 16,"COPY_DIMY": 8,"COPY_VW": 8,"COPY_WPT": 2,"PRECISION": 32}
    },
    {
      "kernel": "CopyMatrixFast",
      "time": 0.794,
      "parameters": {"COPY_DIMX": 16,"COPY_DIMY": 8,"COPY_VW": 1,"COPY_WPT": 4,"PRECISION": 32}
    },
    {
      "kernel": "CopyMatrixFast",
      "time": 1.288,
      "parameters": {"COPY_DIMX": 16,"COPY_DIMY": 8,"COPY_VW": 2,"COPY_WPT": 4,"PRECISION": 32}
    },
    {
      "kernel": "CopyMatrixFast",
      "time": 0.691,
      "parameters": {"COPY_DIMX": 16,"COPY_DIMY": 8,"COPY_VW": 4,"COPY_WPT": 4,"PRECISION": 32}
    },
    {
      "kernel": "CopyMatrixFast",
      "time": 1.270,
      "parameters": {"COPY_DIMX": 16,"COPY_DIMY": 8,"COPY_VW": 8,"COPY_WPT": 4,"PRECISION": 32}
    },
    {
      "kernel": "CopyMatrixFast",
      "time": 0.830,
      "parameters": {"COPY_DIMX": 16,"COPY_DIMY": 8,"COPY_VW": 1,"COPY_WPT": 8,"PRECISION": 32}
    },
    {
      "kernel": "CopyMatrixFast",
      "time": 0.867,
      "parameters": {"COPY_DIMX": 16,"COPY_DIMY": 8,"COPY_VW": 2,"COPY_WPT": 8,"PRECISION": 32}
    },
    {
      "kernel": "CopyMatrixFast",
      "time": 0.522,
      "parameters": {"COPY_DIMX": 16,"COPY_DIMY": 8,"COPY_VW": 4,"COPY_WPT": 8,"PRECISION": 32}
    },
    {
      "kernel": "CopyMatrixFast",
      "time": 0.554,
      "parameters": {"COPY_DIMX": 16,"COPY_DIMY": 8,"COPY_VW": 8,"COPY_WPT": 8,"PRECISION": 32}
    },
    {
      "kernel": "CopyMatrixFast",
      "time": 0.470,
      "parameters": {"COPY_DIMX": 16,"COPY_DIMY": 16,"COPY_VW": 1,"COPY_WPT": 1,"PRECISION": 32}
    },
    {
      "kernel": "CopyMatrixFast",
      "time": 0.706,
      "parameters": {"COPY_DIMX": 16,"COPY_DIMY": 16,"COPY_VW": 2,"COPY_WPT": 1,"PRECISION": 32}
    },
    {
      "kernel": "CopyMatrixFast",
      "time": 0.889,
      "parameters": {"COPY_DIMX": 16,"COPY_DIMY": 16,"COPY_VW": 4,"COPY_WPT": 1,"PRECISION": 32}
    },
    {
      "kernel": "CopyMatrixFast",
      "time": 0.745,
      "parameters": {"COPY_DIMX": 16,"COPY_DIMY": 16,"COPY_VW": 8,"COPY_WPT": 1,"PRECISION": 32}
    },
    {
      "kernel": "CopyMatrixFast",
      "time": 1.264,
      "parameters": {"COPY_DIMX": 16,"COPY_DIMY": 16,"COPY_VW": 1,"COPY_WPT": 2,"PRECISION": 32}
    },
    {
      "kernel": "CopyMatrixFast",
      "time": 0.980,
      "parameters": {"COPY_DIMX": 16,"COPY_DIMY": 16,"COPY_VW": 2,"COPY_WPT": 2,"PRECISION": 32}
    },
    {
      "kernel": "CopyMatrixFast",
      "time": 0.727,
      "parameters": {"COPY_DIMX": 16,"COPY_DIMY": 16,"COPY_VW": 4,"COPY_WPT": 2,"PRECISION": 32}
    },
    {
      "kernel": "CopyMatrixFast",
      "time": 0.935,
      "parameters": {"COPY_DIMX": 16,"COPY_DIMY": 16,"COPY_VW": 8,"COPY_WPT": 2,"PRECISION": 32}
    },
    {
      "kernel": "CopyMatrixFast",
      "time": 0.779,
      "parameters": {"COPY_DIMX": 16,"COPY_DIMY": 16,"COPY_VW": 1,"COPY_WPT": 4,"PRECISION": 32}
    },
    {
      "kernel": "CopyMatrixFast",
      "time": 0.707,
      "parameters": {"COPY_DIMX": 16,"COPY_DIMY": 16,"COPY_VW": 2,"COPY_WPT": 4,"PRECISION": 32}
    },
    {
      "kernel": "CopyMatrixFast",
      "time": 0.879,
      "parameters": {"COPY_DIMX": 16,"COPY_DIMY": 16,"COPY_VW": 4,"COPY_WPT": 4,"PRECISION": 32}
    },
    {
      "kernel": "CopyMatrixFast",
      "time": 1.275,
      "parameters": {"COPY_DIMX": 16,"COPY_DIMY": 16,"COPY_VW": 8,"COPY_WPT": 4,"PRECISION": 32}
    },
    {
      "kernel": "CopyMatrixFast",
      "time": 0.748,
      "parameters": {"COPY_DIMX": 16,"COPY_DIMY": 16,"COPY_VW": 1,"COPY_WPT": 8,"PRECISION": 32}
    },
    {
      "kernel": "CopyMatrixFast",
      "time": 1.267,
      "parameters": {"COPY_DIMX": 16,"COPY_DIMY": 16,"COPY_VW": 2,"COPY_WPT": 8,"PRECISION": 32}
    },
    {
      "kernel": "CopyMatrixFast",
      "time": 0.348,
      "parameters": {"COPY_DIMX": 16,"COPY_DIMY": 16,"COPY_VW": 4,"COPY_WPT": 8,"PRECISION": 32}
    },
    {
      "kernel": "CopyMatrixFast",
      "time": 0.712,
      "parameters": {"COPY_DIMX": 16,"COPY_DIMY": 16,"COPY_VW": 8,"COPY_WPT": 8,"PRECISION": 32}
    },
    {
      "kernel": "CopyMatrixFast",
      "time": 0.512,
      "parameters": {"COPY_DIMX": 16,"COPY_DIMY": 32,"COPY_VW": 1,"COPY_WPT": 1,"PRECISION": 32}
    },
    {
      "kernel": "CopyMatrixFast",
      "time": 0.546,
      "parameters": {"COPY_DIMX": 16,"COPY_DIMY": 32,"COPY_VW": 2,"COPY_WPT": 1,"PRECISION": 32}
    },
    {
      "kernel": "CopyMatrixFast",
      "time": 0.920,
      "parameters": {"COPY_DIMX": 16,"COPY_DIMY": 32,"COPY_VW": 4,"COPY_WPT": 1,"PRECISION": 32}
    },
    {
      "kernel": "CopyMatrixFast",
      "time": 0.757,
      "parameters": {"COPY_DIMX": 16,"COPY_DIMY": 32,"COPY_VW": 8,"COPY_WPT": 1,"PRECISION": 32}
    },
    {
      "kernel": "CopyMatrixFast",
      "time": 0.756,
      "parameters": {"COPY_DIMX": 16,"COPY_DIMY": 32,"COPY_VW": 1,"COPY_WPT": 2,"PRECISION": 32}
    },
    {
      "kernel": "CopyMatrixFast",
      "time": 0.308,
      "parameters": {"COPY_DIMX": 16,"COPY_DIMY": 32,"COPY_VW": 2,"COPY_WPT": 2,"PRECISION": 32}
    },
    {
      "kernel": "CopyMatrixFast",
      "time": 0.424,
      "parameters": {"COPY_DIMX": 16,"COPY_DIMY": 32,"COPY_VW": 4,"COPY_WPT": 2,"PRECISION": 32}
    },
    {
      "kernel": "CopyMatrixFast",
      "time": 0.834,
      "parameters": {"COPY_DIMX": 16,"COPY_DIMY": 32,"COPY_VW": 8,"COPY_WPT": 2,"PRECISION": 32}
    },
    {
      "kernel": "CopyMatrixFast",
      "time": 0.825,
      "parameters": {"COPY_DIMX": 16,"COPY_DIMY": 32,"COPY_VW": 1,"COPY_WPT": 4,"PRECISION": 32}
    },
    {
      "kernel": "CopyMatrixFast",
      "time": 0.768,
      "parameters": {"COPY_DIMX": 16,"COPY_DIMY": 32,"COPY_VW": 2,"COPY_WPT": 4,"PRECISION": 32}
    },
    {
      "kernel": "CopyMatrixFast",
      "time": 1.275,
      "parameters": {"COPY_DIMX": 16,"COPY_DIMY": 32,"COPY_VW": 4,"COPY_WPT": 4,"PRECISION": 32}
    },
    {
      "kernel": "CopyMatrixFast",
      "time": 0.785,
      "parameters": {"COPY_DIMX": 16,"COPY_DIMY": 32,"COPY_VW": 8,"COPY_WPT": 4,"PRECISION": 32}
    },
    {
      "kernel": "CopyMatrixFast",
      "time": 1.271,
      "parameters": {"COPY_DIMX": 16,"COPY_DIMY": 32,"COPY_VW": 1,"COPY_WPT": 8,"PRECISION": 32}
    },
    {
      "kernel": "CopyMatrixFast",
      "time": 1.179,
      "parameters": {"COPY_DIMX": 16,"COPY_DIMY": 32,"COPY_VW": 2,"COPY_WPT": 8,"PRECISION": 32}
    },
    {
      "kernel": "CopyMatrixFast",
      "time": 1.271,
      "parameters": {"COPY_DIMX": 16,"COPY_DIMY": 32,"COPY_VW": 4,"COPY_WPT": 8,"PRECISION": 32}
    },
    {
      "kernel": "CopyMatrixFast",
      "time": 1.261,
      "parameters": {"COPY_DIMX": 16,"COPY_DIMY": 32,"COPY_VW": 8,"COPY_WPT": 8,"PRECISION": 32}
    },
    {
      "kernel": "CopyMatrixFast",
      "time": 1.266,
      "parameters": {"COPY_DIMX": 32,"COPY_DIMY": 8,"COPY_VW": 1,"COPY_WPT": 1,"PRECISION": 32}
    },
    {
      "kernel": "CopyMatrixFast",
      "time": 0.522,
      "parameters": {"COPY_DIMX": 32,"COPY_DIMY": 8,"COPY_VW": 2,"COPY_WPT": 1,"PRECISION": 32}
    },
    {
      "kernel": "CopyMatrixFast",
      "time": 0.731,
      "parameters": {"COPY_DIMX": 32,"COPY_DIMY": 8,"COPY_VW": 4,"COPY_WPT": 1,"PRECISION": 32}
    },
    {
      "kernel": "CopyMatrixFast",
      "time": 0.812,
      "parameters": {"COPY_DIMX": 32,"COPY_DIMY": 8,"COPY_VW": 8,"COPY_WPT": 1,"PRECISION": 32}
    },
    {
      "kernel": "CopyMatrixFast",
      "time": 0.785,
      "parameters": {"COPY_DIMX": 32,"COPY_DIMY": 8,"COPY_VW": 1,"COPY_WPT": 2,"PRECISION": 32}
    },
    {
      "kernel": "CopyMatrixFast",
      "time": 0.817,
      "parameters": {"COPY_DIMX": 32,"COPY_DIMY": 8,"COPY_VW": 2,"COPY_WPT": 2,"PRECISION": 32}
    },
    {
      "kernel": "CopyMatrixFast",
      "time": 1.265,
      "parameters": {"COPY_DIMX": 32,"COPY_DIMY": 8,"COPY_VW": 4,"COPY_WPT": 2,"PRECISION": 32}
    },
    {
      "kernel": "CopyMatrixFast",
      "time": 0.837,
      "parameters": {"COPY_DIMX": 32,"COPY_DIMY": 8,"COPY_VW": 8,"COPY_WPT": 2,"PRECISION": 32}
    },
    {
      "kernel": "CopyMatrixFast",
      "time": 1.279,
      "parameters": {"COPY_DIMX": 32,"COPY_DIMY": 8,"COPY_VW": 1,"COPY_WPT": 4,"PRECISION": 32}
    },
    {
      "kernel": "CopyMatrixFast",
      "time": 1.273,
      "parameters": {"COPY_DIMX": 32,"COPY_DIMY": 8,"COPY_VW": 2,"COPY_WPT": 4,"PRECISION": 32}
    },
    {
      "kernel": "CopyMatrixFast",
      "time": 0.801,
      "parameters": {"COPY_DIMX": 32,"COPY_DIMY": 8,"COPY_VW": 4,"COPY_WPT": 4,"PRECISION": 32}
    },
    {
      "kernel": "CopyMatrixFast",
      "time": 1.270,
      "parameters": {"COPY_DIMX": 32,"COPY_DIMY": 8,"COPY_VW": 8,"COPY_WPT": 4,"PRECISION": 32}
    },
    {
      "kernel": "CopyMatrixFast",
      "time": 0.807,
      "parameters": {"COPY_DIMX": 32,"COPY_DIMY": 8,"COPY_VW": 1,"COPY_WPT": 8,"PRECISION": 32}
    },
    {
      "kernel": "CopyMatrixFast",
      "time": 1.275,
      "parameters": {"COPY_DIMX": 32,"COPY_DIMY": 8,"COPY_VW": 2,"COPY_WPT": 8,"PRECISION": 32}
    },
    {
      "kernel": "CopyMatrixFast",
      "time": 0.845,
      "parameters": {"COPY_DIMX": 32,"COPY_DIMY": 8,"COPY_VW": 4,"COPY_WPT": 8,"PRECISION": 32}
    },
    {
      "kernel": "CopyMatrixFast",
      "time": 1.176,
      "parameters": {"COPY_DIMX": 32,"COPY_DIMY": 8,"COPY_VW": 8,"COPY_WPT": 8,"PRECISION": 32}
    },
    {
      "kernel": "CopyMatrixFast",
      "time": 1.140,
      "parameters": {"COPY_DIMX": 32,"COPY_DIMY": 16,"COPY_VW": 1,"COPY_WPT": 1,"PRECISION": 32}
    },
    {
      "kernel": "CopyMatrixFast",
      "time": 0.741,
      "parameters": {"COPY_DIMX": 32,"COPY_DIMY": 16,"COPY_VW": 2,"COPY_WPT": 1,"PRECISION": 32}
    },
    {
      "kernel": "CopyMatrixFast",
      "time": 1.221,
      "parameters": {"COPY_DIMX": 32,"COPY_DIMY": 16,"COPY_VW": 4,"COPY_WPT": 1,"PRECISION": 32}
    },
    {
      "kernel": "CopyMatrixFast",
      "time": 1.269,
      "parameters": {"COPY_DIMX": 32,"COPY_DIMY": 16,"COPY_VW": 8,"COPY_WPT": 1,"PRECISION": 32}
    },
    {
      "kernel": "CopyMatrixFast",
      "time": 0.832,
      "parameters": {"COPY_DIMX": 32,"COPY_DIMY": 16,"COPY_VW": 1,"COPY_WPT": 2,"PRECISION": 32}
    },
    {
      "kernel": "CopyMatrixFast",
      "time": 1.157,
      "parameters": {"COPY_DIMX": 32,"COPY_DIMY": 16,"COPY_VW": 2,"COPY_WPT": 2,"PRECISION": 32}
    },
    {
      "kernel": "CopyMatrixFast",
      "time": 0.761,
      "parameters": {"COPY_DIMX": 32,"COPY_DIMY": 16,"COPY_VW": 4,"COPY_WPT": 2,"PRECISION": 32}
    },
    {
      "kernel": "CopyMatrixFast",
      "time": 0.768,
      "parameters": {"COPY_DIMX": 32,"COPY_DIMY": 16,"COPY_VW": 8,"COPY_WPT": 2,"PRECISION": 32}
    },
    {
      "kernel": "CopyMatrixFast",
      "time": 0.891,
      "parameters": {"COPY_DIMX": 32,"COPY_DIMY": 16,"COPY_VW": 1,"COPY_WPT": 4,"PRECISION": 32}
    },
    {
      "kernel": "CopyMatrixFast",
      "time": 1.274,
      "parameters": {"COPY_DIMX": 32,"COPY_DIMY": 16,"COPY_VW": 2,"COPY_WPT": 4,"PRECISION": 32}
    },
    {
      "kernel": "CopyMatrixFast",
      "time": 0.745,
      "parameters": {"COPY_DIMX": 32,"COPY_DIMY": 16,"COPY_VW": 4,"COPY_WPT": 4,"PRECISION": 32}
    },
    {
      "kernel": "CopyMatrixFast",
      "time": 0.876,
      "parameters": {"COPY_DIMX": 32,"COPY_DIMY": 16,"COPY_VW": 8,"COPY_WPT": 4,"PRECISION": 32}
    },
    {
      "kernel": "CopyMatrixFast",
      "time": 0.467,
      "parameters": {"COPY_DIMX": 32,"COPY_DIMY": 16,"COPY_VW": 1,"COPY_WPT": 8,"PRECISION": 32}
    },
    {
      "kernel": "CopyMatrixFast",
      "time": 1.243,
      "parameters": {"COPY_DIMX": 32,"COPY_DIMY": 16,"COPY_VW": 2,"COPY_WPT": 8,"PRECISION": 32}
    },
    {
      "kernel": "CopyMatrixFast",
      "time": 1.225,
      "parameters": {"COPY_DIMX": 32,"COPY_DIMY": 16,"COPY_VW": 4,"COPY_WPT": 8,"PRECISION": 32}
    },
    {
      "kernel": "CopyMatrixFast",
      "time": 1.229,
      "parameters": {"COPY_DIMX": 32,"COPY_DIMY": 16,"COPY_VW": 8,"COPY_WPT": 8,"PRECISION": 32}
    },
    {
      "kernel": "CopyMatrixFast",
      "time": 0.765,
      "parameters": {"COPY_DIMX": 32,"COPY_DIMY": 32,"COPY_VW": 1,"COPY_WPT": 1,"PRECISION": 32}
    },
    {
      "kernel": "CopyMatrixFast",
      "time": 0.760,
      "parameters": {"COPY_DIMX": 32,"COPY_DIMY": 32,"COPY_VW": 2,"COPY_WPT": 1,"PRECISION": 32}
    },
    {
      "kernel": "CopyMatrixFast",
      "time": 0.723,
      "parameters": {"COPY_DIMX": 32,"COPY_DIMY": 32,"COPY_VW": 4,"COPY_WPT": 1,"PRECISION": 32}
    },
    {
      "kernel": "CopyMatrixFast",
      "time": 1.016,
      "parameters": {"COPY_DIMX": 32,"COPY_DIMY": 32,"COPY_VW": 8,"COPY_WPT": 1,"PRECISION": 32}
    },
    {
      "kernel": "CopyMatrixFast",
      "time": 0.827,
      "parameters": {"COPY_DIMX": 32,"COPY_DIMY": 32,"COPY_VW": 1,"COPY_WPT": 2,"PRECISION": 32}
    },
    {
      "kernel": "CopyMatrixFast",
      "time": 0.871,
      "parameters": {"COPY_DIMX": 32,"COPY_DIMY": 32,"COPY_VW": 2,"COPY_WPT": 2,"PRECISION": 32}
    },
    {
      "kernel": "CopyMatrixFast",
      "time": 1.245,
      "parameters": {"COPY_DIMX": 32,"COPY_DIMY": 32,"COPY_VW": 4,"COPY_WPT": 2,"PRECISION": 32}
    },
    {
      "kernel": "CopyMatrixFast",
      "time": 0.482,
      "parameters": {"COPY_DIMX": 32,"COPY_DIMY": 32,"COPY_VW": 8,"COPY_WPT": 2,"PRECISION": 32}
    },
    {
      "kernel": "CopyMatrixFast",
      "time": 0.764,
      "parameters": {"COPY_DIMX": 32,"COPY_DIMY": 32,"COPY_VW": 1,"COPY_WPT": 4,"PRECISION": 32}
    },
    {
      "kernel": "CopyMatrixFast",
      "time": 0.413,
      "parameters": {"COPY_DIMX": 32,"COPY_DIMY": 32,"COPY_VW": 2,"COPY_WPT": 4,"PRECISION": 32}
    },
    {
      "kernel": "CopyMatrixFast",
      "time": 0.455,
      "parameters": {"COPY_DIMX": 32,"COPY_DIMY": 32,"COPY_VW": 4,"COPY_WPT": 4,"PRECISION": 32}
    },
    {
      "kernel": "CopyMatrixFast",
      "time": 0.807,
      "parameters": {"COPY_DIMX": 32,"COPY_DIMY": 32,"COPY_VW": 8,"COPY_WPT": 4,"PRECISION": 32}
    },
    {
      "kernel": "CopyMatrixFast",
      "time": 0.800,
      "parameters": {"COPY_DIMX": 32,"COPY_DIMY": 32,"COPY_VW": 1,"COPY_WPT": 8,"PRECISION": 32}
    },
    {
      "kernel": "CopyMatrixFast",
      "time": 1.181,
      "parameters": {"COPY_DIMX": 32,"COPY_DIMY": 32,"COPY_VW": 2,"COPY_WPT": 8,"PRECISION": 32}
    },
    {
      "kernel": "CopyMatrixFast",
      "time": 0.902,
      "parameters": {"COPY_DIMX": 32,"COPY_DIMY": 32,"COPY_VW": 4,"COPY_WPT": 8,"PRECISION": 32}
    },
    {
      "kernel": "CopyMatrixFast",
      "time": 1.261,
      "parameters": {"COPY_DIMX": 32,"COPY_DIMY": 32,"COPY_VW": 8,"COPY_WPT": 8,"PRECISION": 32}
    }
  ]
}
