{
  "kernel_family": "transpose",
  "precision": "32",
  "best_kernel": "TransposeMatrixFast",
  "best_time": "1.05",
  "best_parameters": "PRECISION=32 TRA_DIM=8 TRA_PAD=1 TRA_SHUFFLE=0 TRA_WPT=2",
  "arg_m": "1024",
  "arg_n": "1024",
  "arg_alpha": "2.00",
  "clblast_device_type": "GPU",
  "clblast_device_vendor": "QUALCOMM",
  "clblast_device_architecture": "OpenCL C 3.0 Adreno(TM) 740",
  "clblast_device_name": "QUALCOMM Adreno(TM)",
  "device": "QUALCOMM Adreno(TM)",
  "platform_vendor": "QUALCOMM",
  "platform_version": "OpenCL 3.0 QUALCOMM build: commit unknown",
  "device_vendor": "QUALCOMM",
  "device_type": "GPU",
  "device_core_clock": "1",
  "device_compute_units": "6",
  "device_extra_info": "",
  "results": [
    {
      "kernel": "TransposeMatrixFast",
      "time": 2.102,
      "parameters": {"PRECISION": 32,"TRA_DIM": 4,"TRA_PAD": 0,"TRA_SHUFFLE": 0,"TRA_WPT": 1}
    },
    {
      "kernel": "TransposeMatrixFast",
      "time": 6.136,
      "parameters": {"PRECISION": 32,"TRA_DIM": 4,"TRA_PAD": 0,"TRA_SHUFFLE": 1,"TRA_WPT": 1}
    },
    {
      "kernel": "TransposeMatrixFast",
      "time": 2.279,
      "parameters": {"PRECISION": 32,"TRA_DIM": 4,"TRA_PAD": 1,"TRA_SHUFFLE": 0,"TRA_WPT": 1}
    },
    {
      "kernel": "TransposeMatrixFast",
      "time": 6.104,
      "parameters": {"PRECISION": 32,"TRA_DIM": 4,"TRA_PAD": 1,"TRA_SHUFFLE": 1,"TRA_WPT": 1}
    },
    {
      "kernel": "TransposeMatrixFast",
      "time": 1.301,
      "parameters": {"PRECISION": 32,"TRA_DIM": 4,"TRA_PAD": 0,"TRA_SHUFFLE": 0,"TRA_WPT": 2}
    },
    {
      "kernel": "TransposeMatrixFast",
      "time": 2.076,
      "parameters": {"PRECISION": 32,"TRA_DIM": 4,"TRA_PAD": 0,"TRA_SHUFFLE": 1,"TRA_WPT": 2}
    },
    {
      "kernel": "TransposeMatrixFast",
      "time": 1.256,
      "parameters": {"PRECISION": 32,"TRA_DIM": 4,"TRA_PAD": 1,"TRA_SHUFFLE": 0,"TRA_WPT": 2}
    },
    {
      "kernel": "TransposeMatrixFast",
      "time": 2.274,
      "parameters": {"PRECISION": 32,"TRA_DIM": 4,"TRA_PAD": 1,"TRA_SHUFFLE": 1,"TRA_WPT": 2}
    },
    {
      "kernel": "TransposeMatrixFast",
      "time": 1.126,
      "parameters": {"PRECISION": 32,"TRA_DIM": 4,"TRA_PAD": 0,"TRA_SHUFFLE": 0,"TRA_WPT": 4}
    },
    {
      "kernel": "TransposeMatrixFast",
      "time": 1.290,
      "parameters": {"PRECISION": 32,"TRA_DIM": 4,"TRA_PAD": 0,"TRA_SHUFFLE": 1,"TRA_WPT": 4}
    },
    {
      "kernel": "TransposeMatrixFast",
      "time": 1.281,
      "parameters": {"PRECISION": 32,"TRA_DIM": 4,"TRA_PAD": 1,"TRA_SHUFFLE": 0,"TRA_WPT": 4}
    },
    {
      "kernel": "TransposeMatrixFast",
      "time": 1.161,
      "parameters": {"PRECISION": 32,"TRA_DIM": 4,"TRA_PAD": 1,"TRA_SHUFFLE": 1,"TRA_WPT": 4}
    },
    {
      "kernel": "TransposeMatrixFast",
      "time": 1.268,
      "parameters": {"PRECISION": 32,"TRA_DIM": 4,"TRA_PAD": 0,"TRA_SHUFFLE": 0,"TRA_WPT": 8}
    },
    {
      "kernel": "TransposeMatrixFast",
      "time": 1.416,
      "parameters": {"PRECISION": 32,"TRA_DIM": 4,"TRA_PAD": 0,"TRA_SHUFFLE": 1,"TRA_WPT": 8}
    },
    {
      "kernel": "TransposeMatrixFast",
      "time": 1.450,
      "parameters": {"PRECISION": 32,"TRA_DIM": 4,"TRA_PAD": 0,"TRA_SHUFFLE": 0,"TRA_WPT": 16}
    },
    {
      "kernel": "TransposeMatrixFast",
      "time": 1.243,
      "parameters": {"PRECISION": 32,"TRA_DIM": 4,"TRA_PAD": 0,"TRA_SHUFFLE": 1,"TRA_WPT": 16}
    },
    {
      "kernel": "TransposeMatrixFast",
      "time": 1.979,
      "parameters": {"PRECISION": 32,"TRA_DIM": 4,"TRA_PAD": 1,"TRA_SHUFFLE": 0,"TRA_WPT": 16}
    },
    {
      "kernel": "TransposeMatrixFast",
      "time": 2.004,
      "parameters": {"PRECISION": 32,"TRA_DIM": 4,"TRA_PAD": 1,"TRA_SHUFFLE": 1,"TRA_WPT": 16}
    },
    {
      "kernel": "TransposeMatrixFast",
      "time": 1.287,
      "parameters": {"PRECISION": 32,"TRA_DIM": 8,"TRA_PAD": 0,"TRA_SHUFFLE": 0,"TRA_WPT": 1}
    },
    {
      "kernel": "TransposeMatrixFast",
      "time": 9.370,
      "parameters": {"PRECISION": 32,"TRA_DIM": 8,"TRA_PAD": 0,"TRA_SHUFFLE": 1,"TRA_WPT": 1}
    },
    {
      "kernel": "TransposeMatrixFast",
      "time": 1.288,
      "parameters": {"PRECISION": 32,"TRA_DIM": 8,"TRA_PAD": 1,"TRA_SHUFFLE": 0,"TRA_WPT": 1}
    },
    {
      "kernel": "TransposeMatrixFast",
      "time": 9.483,
      "parameters": {"PRECISION": 32,"TRA_DIM": 8,"TRA_PAD": 1,"TRA_SHUFFLE": 1,"TRA_WPT": 1}
    },
    {
      "kernel": "TransposeMatrixFast",
      "time": 1.340,
      "parameters": {"PRECISION": 32,"TRA_DIM": 8,"TRA_PAD": 0,"TRA_SHUFFLE": 0,"TRA_WPT": 2}
    },
    {
      "kernel": "TransposeMatrixFast",
      "time": 2.814,
      "parameters": {"PRECISION": 32,"TRA_DIM": 8,"TRA_PAD": 0,"TRA_SHUFFLE": 1,"TRA_WPT": 2}
    },
    {
      "kernel": "TransposeMatrixFast",
      "time": 1.051,
      "parameters": {"PRECISION": 32,"TRA_DIM": 8,"TRA_PAD": 1,"TRA_SHUFFLE": 0,"TRA_WPT": 2}
    },
    {
      "kernel": "TransposeMatrixFast",
      "time": 2.807,
      "parameters": {"PRECISION": 32,"TRA_DIM": 8,"TRA_PAD": 1,"TRA_SHUFFLE": 1,"TRA_WPT": 2}
    },
    {
      "kernel": "TransposeMatrixFast",
      "time": 1.265,
      "parameters": {"PRECISION": 32,"TRA_DIM": 8,"TRA_PAD": 0,"TRA_SHUFFLE": 0,"TRA_WPT": 4}
    },
    {
      "kernel": "TransposeMatrixFast",
      "time": 1.219,
      "parameters": {"PRECISION": 32,"TRA_DIM": 8,"TRA_PAD": 0,"TRA_SHUFFLE": 1,"TRA_WPT": 4}
    },
    {
      "kernel": "TransposeMatrixFast",
      "time": 1.288,
      "parameters": {"PRECISION": 32,"TRA_DIM": 8,"TRA_PAD": 1,"TRA_SHUFFLE": 0,"TRA_WPT": 4}
    },
    {
      "kernel": "TransposeMatrixFast",
      "time": 1.278,
      "parameters": {"PRECISION": 32,"TRA_DIM": 8,"TRA_PAD": 1,"TRA_SHUFFLE": 1,"TRA_WPT": 4}
    },
    {
      "kernel": "TransposeMatrixFast",
      "time": 1.268,
      "parameters": {"PRECISION": 32,"TRA_DIM": 8,"TRA_PAD": 0,"TRA_SHUFFLE": 0,"TRA_WPT": 8}
    },
    {
      "kernel": "TransposeMatrixFast",
      "time": 1.418,
      "parameters": {"PRECISION": 32,"TRA_DIM": 8,"TRA_PAD": 0,"TRA_SHUFFLE": 1,"TRA_WPT": 8}
    },
    {
      "kernel": "TransposeMatrixFast",
      "time": 1.293,
      "parameters": {"PRECISION": 32,"TRA_DIM": 16,"TRA_PAD": 0,"TRA_SHUFFLE": 0,"TRA_WPT": 1}
    },
    {
      "kernel": "TransposeMatrixFast",
      "time": 11.605,
      "parameters": {"PRECISION": 32,"TRA_DIM": 16,"TRA_PAD": 0,"TRA_SHUFFLE": 1,"TRA_WPT": 1}
    },
    {
      "kernel": "TransposeMatrixFast",
      "time": 1.297,
      "parameters": {"PRECISION": 32,"TRA_DIM": 16,"TRA_PAD": 1,"TRA_SHUFFLE": 0,"TRA_WPT": 1}
    },
    {
      "kernel": "TransposeMatrixFast",
      "time": 11.272,
      "parameters": {"PRECISION": 32,"TRA_DIM": 16,"TRA_PAD": 1,"TRA_SHUFFLE": 1,"TRA_WPT": 1}
    },
    {
      "kernel": "TransposeMatrixFast",
      "time": 1.432,
      "parameters": {"PRECISION": 32,"TRA_DIM": 16,"TRA_PAD": 0,"TRA_SHUFFLE": 0,"TRA_WPT": 2}
    },
    {
      "kernel": "TransposeMatrixFast",
      "time": 3.293,
      "parameters": {"PRECISION": 32,"TRA_DIM": 16,"TRA_PAD": 0,"TRA_SHUFFLE": 1,"TRA_WPT": 2}
    },
    {
      "kernel": "TransposeMatrixFast",
      "time": 1.278,
      "parameters": {"PRECISION": 32,"TRA_DIM": 16,"TRA_PAD": 1,"TRA_SHUFFLE": 0,"TRA_WPT": 2}
    },
    {
      "kernel": "TransposeMatrixFast",
      "time": 3.287,
      "parameters": {"PRECISION": 32,"TRA_DIM": 16,"TRA_PAD": 1,"TRA_SHUFFLE": 1,"TRA_WPT": 2}
    },
    {
      "kernel": "TransposeMatrixFast",
      "time": 1.287,
      "parameters": {"PRECISION": 32,"TRA_DIM": 16,"TRA_PAD": 0,"TRA_SHUFFLE": 0,"TRA_WPT": 4}
    },
    {
      "kernel": "TransposeMatrixFast",
      "time": 1.259,
      "parameters": {"PRECISION": 32,"TRA_DIM": 16,"TRA_PAD": 0,"TRA_SHUFFLE": 1,"TRA_WPT": 4}
    },
    {
      "kernel": "TransposeMatrixFast",
      "time": 1.283,
      "parameters": {"PRECISION": 32,"TRA_DIM": 16,"TRA_PAD": 1,"TRA_SHUFFLE": 0,"TRA_WPT": 4}
    },
    {
      "kernel": "TransposeMatrixFast",
      "time": 1.263,
      "parameters": {"PRECISION": 32,"TRA_DIM": 16,"TRA_PAD": 1,"TRA_SHUFFLE": 1,"TRA_WPT": 4}
    },
    {
      "kernel": "TransposeMatrixFast",
      "time": 1.277,
      "parameters": {"PRECISION": 32,"TRA_DIM": 32,"TRA_PAD": 0,"TRA_SHUFFLE": 0,"TRA_WPT": 1}
    },
    {
      "kernel": "TransposeMatrixFast",
      "time": 10.993,
      "parameters": {"PRECISION": 32,"TRA_DIM": 32,"TRA_PAD": 0,"TRA_SHUFFLE": 1,"TRA_WPT": 1}
    },
    {
      "kernel": "TransposeMatrixFast",
      "time": 1.302,
      "parameters": {"PRECISION": 32,"TRA_DIM": 32,"TRA_PAD": 1,"TRA_SHUFFLE": 0,"TRA_WPT": 1}
    },
    {
      "kernel": "TransposeMatrixFast",
      "time": 10.608,
      "parameters": {"PRECISION": 32,"TRA_DIM": 32,"TRA_PAD": 1,"TRA_SHUFFLE": 1,"TRA_WPT": 1}
    },
    {
      "kernel": "TransposeMatrixFast",
      "time": 1.079,
      "parameters": {"PRECISION": 32,"TRA_DIM": 32,"TRA_PAD": 0,"TRA_SHUFFLE": 0,"TRA_WPT": 2}
    },
    {
      "kernel": "TransposeMatrixFast",
      "time": 3.169,
      "parameters": {"PRECISION": 32,"TRA_DIM": 32,"TRA_PAD": 0,"TRA_SHUFFLE": 1,"TRA_WPT": 2}
    },
    {
      "kernel": "TransposeMatrixFast",
      "time": 1.272,
      "parameters": {"PRECISION": 32,"TRA_DIM": 32,"TRA_PAD": 1,"TRA_SHUFFLE": 0,"TRA_WPT": 2}
    },
    {
      "kernel": "TransposeMatrixFast",
      "time": 3.147,
      "parameters": {"PRECISION": 32,"TRA_DIM": 32,"TRA_PAD": 1,"TRA_SHUFFLE": 1,"TRA_WPT": 2}
    }
  ]
}
