{
  "kernel_family": "pad",
  "precision": "32",
  "best_kernel": "CopyPadMatrix",
  "best_time": "0.37",
  "best_parameters": "PAD_DIMX=8 PAD_DIMY=8 PAD_WPTX=4 PAD_WPTY=2 PRECISION=32",
  "arg_m": "1024",
  "arg_n": "1024",
  "arg_alpha": "2.00",
  "clblast_device_type": "GPU",
  "clblast_device_vendor": "QUALCOMM",
  "clblast_device_architecture": "OpenCL C 3.0 Adreno(TM) 740",
  "clblast_device_name": "QUALCOMM Adreno(TM)",
  "device": "QUALCOMM Adreno(TM)",
  "platform_vendor": "QUALCOMM",
  "platform_version": "OpenCL 3.0 QUALCOMM build: commit unknown",
  "device_vendor": "QUALCOMM",
  "device_type": "GPU",
  "device_core_clock": "1",
  "device_compute_units": "6",
  "device_extra_info": "",
  "results": [
    {
      "kernel": "CopyPadMatrix",
      "time": 1.307,
      "parameters": {"PAD_DIMX": 8,"PAD_DIMY": 8,"PAD_WPTX": 1,"PAD_WPTY": 1,"PRECISION": 32}
    },
    {
      "kernel": "CopyPadMatrix",
      "time": 1.320,
      "parameters": {"PAD_DIMX": 8,"PAD_DIMY": 8,"PAD_WPTX": 1,"PAD_WPTY": 2,"PRECISION": 32}
    },
    {
      "kernel": "CopyPadMatrix",
      "time": 1.288,
      "parameters": {"PAD_DIMX": 8,"PAD_DIMY": 8,"PAD_WPTX": 1,"PAD_WPTY": 4,"PRECISION": 32}
    },
    {
      "kernel": "CopyPadMatrix",
      "time": 1.314,
      "parameters": {"PAD_DIMX": 8,"PAD_DIMY": 8,"PAD_WPTX": 2,"PAD_WPTY": 1,"PRECISION": 32}
    },
    {
      "kernel": "CopyPadMatrix",
      "time": 0.814,
      "parameters": {"PAD_DIMX": 8,"PAD_DIMY": 8,"PAD_WPTX": 2,"PAD_WPTY": 2,"PRECISION": 32}
    },
    {
      "kernel": "CopyPadMatrix",
      "time": 1.173,
      "parameters": {"PAD_DIMX": 8,"PAD_DIMY": 8,"PAD_WPTX": 2,"PAD_WPTY": 4,"PRECISION": 32}
    },
    {
      "kernel": "CopyPadMatrix",
      "time": 1.322,
      "parameters": {"PAD_DIMX": 8,"PAD_DIMY": 8,"PAD_WPTX": 4,"PAD_WPTY": 1,"PRECISION": 32}
    },
    {
      "kernel": "CopyPadMatrix",
      "time": 0.370,
      "parameters": {"PAD_DIMX": 8,"PAD_DIMY": 8,"PAD_WPTX": 4,"PAD_WPTY": 2,"PRECISION": 32}
    },
    {
      "kernel": "CopyPadMatrix",
      "time": 1.305,
      "parameters": {"PAD_DIMX": 8,"PAD_DIMY": 8,"PAD_WPTX": 4,"PAD_WPTY": 4,"PRECISION": 32}
    },
    {
      "kernel": "CopyPadMatrix",
      "time": 0.862,
      "parameters": {"PAD_DIMX": 8,"PAD_DIMY": 16,"PAD_WPTX": 1,"PAD_WPTY": 1,"PRECISION": 32}
    },
    {
      "kernel": "CopyPadMatrix",
      "time": 1.290,
      "parameters": {"PAD_DIMX": 8,"PAD_DIMY": 16,"PAD_WPTX": 1,"PAD_WPTY": 2,"PRECISION": 32}
    },
    {
      "kernel": "CopyPadMatrix",
      "time": 0.795,
      "parameters": {"PAD_DIMX": 8,"PAD_DIMY": 16,"PAD_WPTX": 1,"PAD_WPTY": 4,"PRECISION": 32}
    },
    {
      "kernel": "CopyPadMatrix",
      "time": 0.850,
      "parameters": {"PAD_DIMX": 8,"PAD_DIMY": 16,"PAD_WPTX": 2,"PAD_WPTY": 1,"PRECISION": 32}
    },
    {
      "kernel": "CopyPadMatrix",
      "time": 1.255,
      "parameters": {"PAD_DIMX": 8,"PAD_DIMY": 16,"PAD_WPTX": 2,"PAD_WPTY": 2,"PRECISION": 32}
    },
    {
      "kernel": "CopyPadMatrix",
      "time": 1.306,
      "parameters": {"PAD_DIMX": 8,"PAD_DIMY": 16,"PAD_WPTX": 2,"PAD_WPTY": 4,"PRECISION": 32}
    },
    {
      "kernel": "CopyPadMatrix",
      "time": 0.800,
      "parameters": {"PAD_DIMX": 8,"PAD_DIMY": 16,"PAD_WPTX": 4,"PAD_WPTY": 1,"PRECISION": 32}
    },
    {
      "kernel": "CopyPadMatrix",
      "time": 0.958,
      "parameters": {"PAD_DIMX": 8,"PAD_DIMY": 16,"PAD_WPTX": 4,"PAD_WPTY": 2,"PRECISION": 32}
    },
    {
      "kernel": "CopyPadMatrix",
      "time": 1.302,
      "parameters": {"PAD_DIMX": 8,"PAD_DIMY": 16,"PAD_WPTX": 4,"PAD_WPTY": 4,"PRECISION": 32}
    },
    {
      "kernel": "CopyPadMatrix",
      "time": 1.232,
      "parameters": {"PAD_DIMX": 8,"PAD_DIMY": 32,"PAD_WPTX": 1,"PAD_WPTY": 1,"PRECISION": 32}
    },
    {
      "kernel": "CopyPadMatrix",
      "time": 1.306,
      "parameters": {"PAD_DIMX": 8,"PAD_DIMY": 32,"PAD_WPTX": 1,"PAD_WPTY": 2,"PRECISION": 32}
    },
    {
      "kernel": "CopyPadMatrix",
      "time": 1.319,
      "parameters": {"PAD_DIMX": 8,"PAD_DIMY": 32,"PAD_WPTX": 1,"PAD_WPTY": 4,"PRECISION": 32}
    },
    {
      "kernel": "CopyPadMatrix",
      "time": 0.459,
      "parameters": {"PAD_DIMX": 8,"PAD_DIMY": 32,"PAD_WPTX": 2,"PAD_WPTY": 1,"PRECISION": 32}
    },
    {
      "kernel": "CopyPadMatrix",
      "time": 1.283,
      "parameters": {"PAD_DIMX": 8,"PAD_DIMY": 32,"PAD_WPTX": 2,"PAD_WPTY": 2,"PRECISION": 32}
    },
    {
      "kernel": "CopyPadMatrix",
      "time": 1.299,
      "parameters": {"PAD_DIMX": 8,"PAD_DIMY": 32,"PAD_WPTX": 2,"PAD_WPTY": 4,"PRECISION": 32}
    },
    {
      "kernel": "CopyPadMatrix",
      "time": 1.282,
      "parameters": {"PAD_DIMX": 8,"PAD_DIMY": 32,"PAD_WPTX": 4,"PAD_WPTY": 1,"PRECISION": 32}
    },
    {
      "kernel": "CopyPadMatrix",
      "time": 0.875,
      "parameters": {"PAD_DIMX": 8,"PAD_DIMY": 32,"PAD_WPTX": 4,"PAD_WPTY": 2,"PRECISION": 32}
    },
    {
      "kernel": "CopyPadMatrix",
      "time": 0.972,
      "parameters": {"PAD_DIMX": 8,"PAD_DIMY": 32,"PAD_WPTX": 4,"PAD_WPTY": 4,"PRECISION": 32}
    },
    {
      "kernel": "CopyPadMatrix",
      "time": 1.302,
      "parameters": {"PAD_DIMX": 16,"PAD_DIMY": 8,"PAD_WPTX": 1,"PAD_WPTY": 1,"PRECISION": 32}
    },
    {
      "kernel": "CopyPadMatrix",
      "time": 1.132,
      "parameters": {"PAD_DIMX": 16,"PAD_DIMY": 8,"PAD_WPTX": 1,"PAD_WPTY": 2,"PRECISION": 32}
    },
    {
      "kernel": "CopyPadMatrix",
      "time": 1.158,
      "parameters": {"PAD_DIMX": 16,"PAD_DIMY": 8,"PAD_WPTX": 1,"PAD_WPTY": 4,"PRECISION": 32}
    },
    {
      "kernel": "CopyPadMatrix",
      "time": 0.764,
      "parameters": {"PAD_DIMX": 16,"PAD_DIMY": 8,"PAD_WPTX": 2,"PAD_WPTY": 1,"PRECISION": 32}
    },
    {
      "kernel": "CopyPadMatrix",
      "time": 1.291,
      "parameters": {"PAD_DIMX": 16,"PAD_DIMY": 8,"PAD_WPTX": 2,"PAD_WPTY": 2,"PRECISION": 32}
    },
    {
      "kernel": "CopyPadMatrix",
      "time": 0.787,
      "parameters": {"PAD_DIMX": 16,"PAD_DIMY": 8,"PAD_WPTX": 2,"PAD_WPTY": 4,"PRECISION": 32}
    },
    {
      "kernel": "CopyPadMatrix",
      "time": 0.457,
      "parameters": {"PAD_DIMX": 16,"PAD_DIMY": 8,"PAD_WPTX": 4,"PAD_WPTY": 1,"PRECISION": 32}
    },
    {
      "kernel": "CopyPadMatrix",
      "time": 1.286,
      "parameters": {"PAD_DIMX": 16,"PAD_DIMY": 8,"PAD_WPTX": 4,"PAD_WPTY": 2,"PRECISION": 32}
    },
    {
      "kernel": "CopyPadMatrix",
      "time": 1.288,
      "parameters": {"PAD_DIMX": 16,"PAD_DIMY": 8,"PAD_WPTX": 4,"PAD_WPTY": 4,"PRECISION": 32}
    },
    {
      "kernel": "CopyPadMatrix",
      "time": 0.772,
      "parameters": {"PAD_DIMX": 16,"PAD_DIMY": 16,"PAD_WPTX": 1,"PAD_WPTY": 1,"PRECISION": 32}
    },
    {
      "kernel": "CopyPadMatrix",
      "time": 1.282,
      "parameters": {"PAD_DIMX": 16,"PAD_DIMY": 16,"PAD_WPTX": 1,"PAD_WPTY": 2,"PRECISION": 32}
    },
    {
      "kernel": "CopyPadMatrix",
      "time": 0.754,
      "parameters": {"PAD_DIMX": 16,"PAD_DIMY": 16,"PAD_WPTX": 1,"PAD_WPTY": 4,"PRECISION": 32}
    },
    {
      "kernel": "CopyPadMatrix",
      "time": 0.525,
      "parameters": {"PAD_DIMX": 16,"PAD_DIMY": 16,"PAD_WPTX": 2,"PAD_WPTY": 1,"PRECISION": 32}
    },
    {
      "kernel": "CopyPadMatrix",
      "time": 0.958,
      "parameters": {"PAD_DIMX": 16,"PAD_DIMY": 16,"PAD_WPTX": 2,"PAD_WPTY": 2,"PRECISION": 32}
    },
    {
      "kernel": "CopyPadMatrix",
      "time": 1.283,
      "parameters": {"PAD_DIMX": 16,"PAD_DIMY": 16,"PAD_WPTX": 2,"PAD_WPTY": 4,"PRECISION": 32}
    },
    {
      "kernel": "CopyPadMatrix",
      "time": 0.764,
      "parameters": {"PAD_DIMX": 16,"PAD_DIMY": 16,"PAD_WPTX": 4,"PAD_WPTY": 1,"PRECISION": 32}
    },
    {
      "kernel": "CopyPadMatrix",
      "time": 0.772,
      "parameters": {"PAD_DIMX": 16,"PAD_DIMY": 16,"PAD_WPTX": 4,"PAD_WPTY": 2,"PRECISION": 32}
    },
    {
      "kernel": "CopyPadMatrix",
      "time": 1.282,
      "parameters": {"PAD_DIMX": 16,"PAD_DIMY": 16,"PAD_WPTX": 4,"PAD_WPTY": 4,"PRECISION": 32}
    },
    {
      "kernel": "CopyPadMatrix",
      "time": 0.774,
      "parameters": {"PAD_DIMX": 16,"PAD_DIMY": 32,"PAD_WPTX": 1,"PAD_WPTY": 1,"PRECISION": 32}
    },
    {
      "kernel": "CopyPadMatrix",
      "time": 0.767,
      "parameters": {"PAD_DIMX": 16,"PAD_DIMY": 32,"PAD_WPTX": 1,"PAD_WPTY": 2,"PRECISION": 32}
    },
    {
      "kernel": "CopyPadMatrix",
      "time": 1.154,
      "parameters": {"PAD_DIMX": 16,"PAD_DIMY": 32,"PAD_WPTX": 1,"PAD_WPTY": 4,"PRECISION": 32}
    },
    {
      "kernel": "CopyPadMatrix",
      "time": 0.800,
      "parameters": {"PAD_DIMX": 16,"PAD_DIMY": 32,"PAD_WPTX": 2,"PAD_WPTY": 1,"PRECISION": 32}
    },
    {
      "kernel": "CopyPadMatrix",
      "time": 0.767,
      "parameters": {"PAD_DIMX": 16,"PAD_DIMY": 32,"PAD_WPTX": 2,"PAD_WPTY": 2,"PRECISION": 32}
    },
    {
      "kernel": "CopyPadMatrix",
      "time": 1.205,
      "parameters": {"PAD_DIMX": 16,"PAD_DIMY": 32,"PAD_WPTX": 2,"PAD_WPTY": 4,"PRECISION": 32}
    },
    {
      "kernel": "CopyPadMatrix",
      "time": 1.278,
      "parameters": {"PAD_DIMX": 16,"PAD_DIMY": 32,"PAD_WPTX": 4,"PAD_WPTY": 1,"PRECISION": 32}
    },
    {
      "kernel": "CopyPadMatrix",
      "time": 0.835,
      "parameters": {"PAD_DIMX": 16,"PAD_DIMY": 32,"PAD_WPTX": 4,"PAD_WPTY": 2,"PRECISION": 32}
    },
    {
      "kernel": "CopyPadMatrix",
      "time": 1.280,
      "parameters": {"PAD_DIMX": 16,"PAD_DIMY": 32,"PAD_WPTX": 4,"PAD_WPTY": 4,"PRECISION": 32}
    },
    {
      "kernel": "CopyPadMatrix",
      "time": 0.742,
      "parameters": {"PAD_DIMX": 32,"PAD_DIMY": 8,"PAD_WPTX": 1,"PAD_WPTY": 1,"PRECISION": 32}
    },
    {
      "kernel": "CopyPadMatrix",
      "time": 1.225,
      "parameters": {"PAD_DIMX": 32,"PAD_DIMY": 8,"PAD_WPTX": 1,"PAD_WPTY": 2,"PRECISION": 32}
    },
    {
      "kernel": "CopyPadMatrix",
      "time": 0.769,
      "parameters": {"PAD_DIMX": 32,"PAD_DIMY": 8,"PAD_WPTX": 1,"PAD_WPTY": 4,"PRECISION": 32}
    },
    {
      "kernel": "CopyPadMatrix",
      "time": 0.752,
      "parameters": {"PAD_DIMX": 32,"PAD_DIMY": 8,"PAD_WPTX": 2,"PAD_WPTY": 1,"PRECISION": 32}
    },
    {
      "kernel": "CopyPadMatrix",
      "time": 0.909,
      "parameters": {"PAD_DIMX": 32,"PAD_DIMY": 8,"PAD_WPTX": 2,"PAD_WPTY": 2,"PRECISION": 32}
    },
    {
      "kernel": "CopyPadMatrix",
      "time": 0.773,
      "parameters": {"PAD_DIMX": 32,"PAD_DIMY": 8,"PAD_WPTX": 2,"PAD_WPTY": 4,"PRECISION": 32}
    },
    {
      "kernel": "CopyPadMatrix",
      "time": 1.153,
      "parameters": {"PAD_DIMX": 32,"PAD_DIMY": 8,"PAD_WPTX": 4,"PAD_WPTY": 1,"PRECISION": 32}
    },
    {
      "kernel": "CopyPadMatrix",
      "time": 0.772,
      "parameters": {"PAD_DIMX": 32,"PAD_DIMY": 8,"PAD_WPTX": 4,"PAD_WPTY": 2,"PRECISION": 32}
    },
    {
      "kernel": "CopyPadMatrix",
      "time": 1.323,
      "parameters": {"PAD_DIMX": 32,"PAD_DIMY": 8,"PAD_WPTX": 4,"PAD_WPTY": 4,"PRECISION": 32}
    },
    {
      "kernel": "CopyPadMatrix",
      "time": 0.964,
      "parameters": {"PAD_DIMX": 32,"PAD_DIMY": 16,"PAD_WPTX": 1,"PAD_WPTY": 1,"PRECISION": 32}
    },
    {
      "kernel": "CopyPadMatrix",
      "time": 0.897,
      "parameters": {"PAD_DIMX": 32,"PAD_DIMY": 16,"PAD_WPTX": 1,"PAD_WPTY": 2,"PRECISION": 32}
    },
    {
      "kernel": "CopyPadMatrix",
      "time": 1.291,
      "parameters": {"PAD_DIMX": 32,"PAD_DIMY": 16,"PAD_WPTX": 1,"PAD_WPTY": 4,"PRECISION": 32}
    },
    {
      "kernel": "CopyPadMatrix",
      "time": 1.162,
      "parameters": {"PAD_DIMX": 32,"PAD_DIMY": 16,"PAD_WPTX": 2,"PAD_WPTY": 1,"PRECISION": 32}
    },
    {
      "kernel": "CopyPadMatrix",
      "time": 1.286,
      "parameters": {"PAD_DIMX": 32,"PAD_DIMY": 16,"PAD_WPTX": 2,"PAD_WPTY": 2,"PRECISION": 32}
    },
    {
      "kernel": "CopyPadMatrix",
      "time": 0.780,
      "parameters": {"PAD_DIMX": 32,"PAD_DIMY": 16,"PAD_WPTX": 2,"PAD_WPTY": 4,"PRECISION": 32}
    },
    {
      "kernel": "CopyPadMatrix",
      "time": 0.744,
      "parameters": {"PAD_DIMX": 32,"PAD_DIMY": 16,"PAD_WPTX": 4,"PAD_WPTY": 1,"PRECISION": 32}
    },
    {
      "kernel": "CopyPadMatrix",
      "time": 1.194,
      "parameters": {"PAD_DIMX": 32,"PAD_DIMY": 16,"PAD_WPTX": 4,"PAD_WPTY": 2,"PRECISION": 32}
    },
    {
      "kernel": "CopyPadMatrix",
      "time": 1.281,
      "parameters": {"PAD_DIMX": 32,"PAD_DIMY": 16,"PAD_WPTX": 4,"PAD_WPTY": 4,"PRECISION": 32}
    },
    {
      "kernel": "CopyPadMatrix",
      "time": 0.555,
      "parameters": {"PAD_DIMX": 32,"PAD_DIMY": 32,"PAD_WPTX": 1,"PAD_WPTY": 1,"PRECISION": 32}
    },
    {
      "kernel": "CopyPadMatrix",
      "time": 0.785,
      "parameters": {"PAD_DIMX": 32,"PAD_DIMY": 32,"PAD_WPTX": 1,"PAD_WPTY": 2,"PRECISION": 32}
    },
    {
      "kernel": "CopyPadMatrix",
      "time": 1.299,
      "parameters": {"PAD_DIMX": 32,"PAD_DIMY": 32,"PAD_WPTX": 1,"PAD_WPTY": 4,"PRECISION": 32}
    },
    {
      "kernel": "CopyPadMatrix",
      "time": 0.797,
      "parameters": {"PAD_DIMX": 32,"PAD_DIMY": 32,"PAD_WPTX": 2,"PAD_WPTY": 1,"PRECISION": 32}
    },
    {
      "kernel": "CopyPadMatrix",
      "time": 1.291,
      "parameters": {"PAD_DIMX": 32,"PAD_DIMY": 32,"PAD_WPTX": 2,"PAD_WPTY": 2,"PRECISION": 32}
    },
    {
      "kernel": "CopyPadMatrix",
      "time": 0.922,
      "parameters": {"PAD_DIMX": 32,"PAD_DIMY": 32,"PAD_WPTX": 2,"PAD_WPTY": 4,"PRECISION": 32}
    },
    {
      "kernel": "CopyPadMatrix",
      "time": 1.180,
      "parameters": {"PAD_DIMX": 32,"PAD_DIMY": 32,"PAD_WPTX": 4,"PAD_WPTY": 1,"PRECISION": 32}
    },
    {
      "kernel": "CopyPadMatrix",
      "time": 0.904,
      "parameters": {"PAD_DIMX": 32,"PAD_DIMY": 32,"PAD_WPTX": 4,"PAD_WPTY": 2,"PRECISION": 32}
    },
    {
      "kernel": "CopyPadMatrix",
      "time": 0.799,
      "parameters": {"PAD_DIMX": 32,"PAD_DIMY": 32,"PAD_WPTX": 4,"PAD_WPTY": 4,"PRECISION": 32}
    }
  ]
}
