{
  "kernel_family": "xgemm_direct_2",
  "precision": "16",
  "best_kernel": "XgemmDirectTN",
  "best_time": "1.53",
  "best_parameters": "KWID=16 MDIMAD=32 MDIMCD=32 NDIMBD=16 NDIMCD=16 PADA=0 PADB=0 PRECISION=16 VWMD=2 VWND=1 WGD=64",
  "arg_m": "256",
  "arg_n": "256",
  "arg_k": "256",
  "arg_alpha": "2.000000",
  "arg_beta": "2.000000",
  "clblast_device_type": "GPU",
  "clblast_device_vendor": "QUALCOMM",
  "clblast_device_architecture": "OpenCL C 3.0 Adreno(TM) 730",
  "clblast_device_name": "QUALCOMM Adreno(TM)",
  "device": "QUALCOMM Adreno(TM)",
  "platform_vendor": "QUALCOMM",
  "platform_version": "OpenCL 3.0 QUALCOMM build: commit #2addc0741b changeid #I701168ee75 Date: 01/12/22 Wed Local Branch:  Remote Branch: ",
  "device_vendor": "QUALCOMM",
  "device_type": "GPU",
  "device_core_clock": "1",
  "device_compute_units": "4",
  "device_extra_info": "",
  "results": [
    {
      "kernel": "XgemmDirectTN",
      "time": 24.467,
      "parameters": {"KWID": 8,"MDIMAD": 16,"MDIMCD": 16,"NDIMBD": 16,"NDIMCD": 16,"PADA": 0,"PADB": 1,"PRECISION": 16,"VWMD": 2,"VWND": 4,"WGD": 64}
    },
    {
      "kernel": "XgemmDirectTN",
      "time": 22.223,
      "parameters": {"KWID": 8,"MDIMAD": 16,"MDIMCD": 8,"NDIMBD": 8,"NDIMCD": 32,"PADA": 1,"PADB": 0,"PRECISION": 16,"VWMD": 4,"VWND": 1,"WGD": 64}
    },
    {
      "kernel": "XgemmDirectTN",
      "time": 30.365,
      "parameters": {"KWID": 2,"MDIMAD": 8,"MDIMCD": 8,"NDIMBD": 8,"NDIMCD": 8,"PADA": 0,"PADB": 1,"PRECISION": 16,"VWMD": 2,"VWND": 4,"WGD": 32}
    },
    {
      "kernel": "XgemmDirectTN",
      "time": 19.815,
      "parameters": {"KWID": 8,"MDIMAD": 8,"MDIMCD": 8,"NDIMBD": 8,"NDIMCD": 16,"PADA": 1,"PADB": 0,"PRECISION": 16,"VWMD": 4,"VWND": 4,"WGD": 64}
    },
    {
      "kernel": "XgemmDirectTN",
      "time": 21.246,
      "parameters": {"KWID": 2,"MDIMAD": 8,"MDIMCD": 32,"NDIMBD": 8,"NDIMCD": 8,"PADA": 1,"PADB": 1,"PRECISION": 16,"VWMD": 2,"VWND": 2,"WGD": 64}
    },
    {
      "kernel": "XgemmDirectTN",
      "time": 3.585,
      "parameters": {"KWID": 2,"MDIMAD": 16,"MDIMCD": 8,"NDIMBD": 16,"NDIMCD": 16,"PADA": 0,"PADB": 0,"PRECISION": 16,"VWMD": 1,"VWND": 1,"WGD": 16}
    },
    {
      "kernel": "XgemmDirectTN",
      "time": 17.215,
      "parameters": {"KWID": 2,"MDIMAD": 32,"MDIMCD": 8,"NDIMBD": 8,"NDIMCD": 8,"PADA": 0,"PADB": 1,"PRECISION": 16,"VWMD": 1,"VWND": 8,"WGD": 64}
    },
    {
      "kernel": "XgemmDirectTN",
      "time": 18.561,
      "parameters": {"KWID": 16,"MDIMAD": 8,"MDIMCD": 8,"NDIMBD": 16,"NDIMCD": 8,"PADA": 0,"PADB": 0,"PRECISION": 16,"VWMD": 1,"VWND": 4,"WGD": 64}
    },
    {
      "kernel": "XgemmDirectTN",
      "time": 9.079,
      "parameters": {"KWID": 8,"MDIMAD": 8,"MDIMCD": 8,"NDIMBD": 16,"NDIMCD": 8,"PADA": 1,"PADB": 1,"PRECISION": 16,"VWMD": 1,"VWND": 1,"WGD": 32}
    },
    {
      "kernel": "XgemmDirectTN",
      "time": 18.304,
      "parameters": {"KWID": 8,"MDIMAD": 32,"MDIMCD": 16,"NDIMBD": 8,"NDIMCD": 8,"PADA": 1,"PADB": 0,"PRECISION": 16,"VWMD": 1,"VWND": 2,"WGD": 64}
    },
    {
      "kernel": "XgemmDirectTN",
      "time": 3.408,
      "parameters": {"KWID": 8,"MDIMAD": 8,"MDIMCD": 8,"NDIMBD": 16,"NDIMCD": 32,"PADA": 1,"PADB": 0,"PRECISION": 16,"VWMD": 2,"VWND": 1,"WGD": 32}
    },
    {
      "kernel": "XgemmDirectTN",
      "time": 22.115,
      "parameters": {"KWID": 2,"MDIMAD": 8,"MDIMCD": 8,"NDIMBD": 8,"NDIMCD": 32,"PADA": 0,"PADB": 1,"PRECISION": 16,"VWMD": 4,"VWND": 1,"WGD": 64}
    },
    {
      "kernel": "XgemmDirectTN",
      "time": 2.179,
      "parameters": {"KWID": 16,"MDIMAD": 32,"MDIMCD": 16,"NDIMBD": 16,"NDIMCD": 16,"PADA": 0,"PADB": 0,"PRECISION": 16,"VWMD": 1,"VWND": 1,"WGD": 32}
    },
    {
      "kernel": "XgemmDirectTN",
      "time": 18.129,
      "parameters": {"KWID": 2,"MDIMAD": 16,"MDIMCD": 16,"NDIMBD": 16,"NDIMCD": 8,"PADA": 1,"PADB": 0,"PRECISION": 16,"VWMD": 1,"VWND": 1,"WGD": 64}
    },
    {
      "kernel": "XgemmDirectTN",
      "time": 18.473,
      "parameters": {"KWID": 2,"MDIMAD": 8,"MDIMCD": 16,"NDIMBD": 8,"NDIMCD": 8,"PADA": 1,"PADB": 0,"PRECISION": 16,"VWMD": 4,"VWND": 2,"WGD": 64}
    },
    {
      "kernel": "XgemmDirectTN",
      "time": 25.219,
      "parameters": {"KWID": 8,"MDIMAD": 32,"MDIMCD": 8,"NDIMBD": 16,"NDIMCD": 8,"PADA": 1,"PADB": 0,"PRECISION": 16,"VWMD": 1,"VWND": 2,"WGD": 32}
    },
    {
      "kernel": "XgemmDirectTN",
      "time": 2.133,
      "parameters": {"KWID": 2,"MDIMAD": 8,"MDIMCD": 8,"NDIMBD": 8,"NDIMCD": 16,"PADA": 1,"PADB": 0,"PRECISION": 16,"VWMD": 2,"VWND": 2,"WGD": 32}
    },
    {
      "kernel": "XgemmDirectTN",
      "time": 17.038,
      "parameters": {"KWID": 2,"MDIMAD": 8,"MDIMCD": 8,"NDIMBD": 8,"NDIMCD": 8,"PADA": 0,"PADB": 1,"PRECISION": 16,"VWMD": 1,"VWND": 8,"WGD": 64}
    },
    {
      "kernel": "XgemmDirectTN",
      "time": 1.825,
      "parameters": {"KWID": 2,"MDIMAD": 8,"MDIMCD": 16,"NDIMBD": 16,"NDIMCD": 8,"PADA": 0,"PADB": 1,"PRECISION": 16,"VWMD": 1,"VWND": 1,"WGD": 16}
    },
    {
      "kernel": "XgemmDirectTN",
      "time": 26.736,
      "parameters": {"KWID": 8,"MDIMAD": 8,"MDIMCD": 8,"NDIMBD": 16,"NDIMCD": 32,"PADA": 0,"PADB": 0,"PRECISION": 16,"VWMD": 1,"VWND": 1,"WGD": 64}
    },
    {
      "kernel": "XgemmDirectTN",
      "time": 6.957,
      "parameters": {"KWID": 2,"MDIMAD": 16,"MDIMCD": 16,"NDIMBD": 16,"NDIMCD": 16,"PADA": 1,"PADB": 0,"PRECISION": 16,"VWMD": 1,"VWND": 1,"WGD": 64}
    },
    {
      "kernel": "XgemmDirectTN",
      "time": 3.512,
      "parameters": {"KWID": 8,"MDIMAD": 32,"MDIMCD": 16,"NDIMBD": 16,"NDIMCD": 32,"PADA": 1,"PADB": 1,"PRECISION": 16,"VWMD": 1,"VWND": 1,"WGD": 32}
    },
    {
      "kernel": "XgemmDirectTN",
      "time": 1.767,
      "parameters": {"KWID": 16,"MDIMAD": 16,"MDIMCD": 32,"NDIMBD": 8,"NDIMCD": 8,"PADA": 0,"PADB": 1,"PRECISION": 16,"VWMD": 1,"VWND": 2,"WGD": 32}
    },
    {
      "kernel": "XgemmDirectTN",
      "time": 43.482,
      "parameters": {"KWID": 8,"MDIMAD": 16,"MDIMCD": 16,"NDIMBD": 32,"NDIMCD": 8,"PADA": 0,"PADB": 0,"PRECISION": 16,"VWMD": 4,"VWND": 2,"WGD": 64}
    },
    {
      "kernel": "XgemmDirectTN",
      "time": 1.532,
      "parameters": {"KWID": 16,"MDIMAD": 32,"MDIMCD": 32,"NDIMBD": 16,"NDIMCD": 16,"PADA": 0,"PADB": 0,"PRECISION": 16,"VWMD": 2,"VWND": 1,"WGD": 64}
    },
    {
      "kernel": "XgemmDirectTN",
      "time": 17.636,
      "parameters": {"KWID": 2,"MDIMAD": 32,"MDIMCD": 16,"NDIMBD": 16,"NDIMCD": 8,"PADA": 0,"PADB": 1,"PRECISION": 16,"VWMD": 1,"VWND": 2,"WGD": 64}
    },
    {
      "kernel": "XgemmDirectTN",
      "time": 19.721,
      "parameters": {"KWID": 8,"MDIMAD": 16,"MDIMCD": 8,"NDIMBD": 16,"NDIMCD": 16,"PADA": 1,"PADB": 0,"PRECISION": 16,"VWMD": 2,"VWND": 2,"WGD": 64}
    },
    {
      "kernel": "XgemmDirectTN",
      "time": 1.833,
      "parameters": {"KWID": 16,"MDIMAD": 16,"MDIMCD": 16,"NDIMBD": 8,"NDIMCD": 8,"PADA": 1,"PADB": 1,"PRECISION": 16,"VWMD": 1,"VWND": 2,"WGD": 16}
    },
    {
      "kernel": "XgemmDirectTN",
      "time": 19.895,
      "parameters": {"KWID": 16,"MDIMAD": 16,"MDIMCD": 8,"NDIMBD": 16,"NDIMCD": 16,"PADA": 1,"PADB": 1,"PRECISION": 16,"VWMD": 2,"VWND": 4,"WGD": 64}
    },
    {
      "kernel": "XgemmDirectTN",
      "time": 2.126,
      "parameters": {"KWID": 16,"MDIMAD": 32,"MDIMCD": 8,"NDIMBD": 8,"NDIMCD": 16,"PADA": 0,"PADB": 1,"PRECISION": 16,"VWMD": 1,"VWND": 1,"WGD": 32}
    },
    {
      "kernel": "XgemmDirectTN",
      "time": 1.906,
      "parameters": {"KWID": 16,"MDIMAD": 16,"MDIMCD": 16,"NDIMBD": 8,"NDIMCD": 8,"PADA": 1,"PADB": 0,"PRECISION": 16,"VWMD": 1,"VWND": 1,"WGD": 32}
    },
    {
      "kernel": "XgemmDirectTN",
      "time": 19.959,
      "parameters": {"KWID": 16,"MDIMAD": 32,"MDIMCD": 32,"NDIMBD": 16,"NDIMCD": 8,"PADA": 0,"PADB": 0,"PRECISION": 16,"VWMD": 2,"VWND": 2,"WGD": 64}
    },
    {
      "kernel": "XgemmDirectTN",
      "time": 41.313,
      "parameters": {"KWID": 8,"MDIMAD": 8,"MDIMCD": 8,"NDIMBD": 32,"NDIMCD": 16,"PADA": 0,"PADB": 0,"PRECISION": 16,"VWMD": 2,"VWND": 2,"WGD": 64}
    },
    {
      "kernel": "XgemmDirectTN",
      "time": 18.232,
      "parameters": {"KWID": 8,"MDIMAD": 16,"MDIMCD": 16,"NDIMBD": 16,"NDIMCD": 8,"PADA": 1,"PADB": 0,"PRECISION": 16,"VWMD": 1,"VWND": 1,"WGD": 64}
    },
    {
      "kernel": "XgemmDirectTN",
      "time": 3.410,
      "parameters": {"KWID": 16,"MDIMAD": 16,"MDIMCD": 8,"NDIMBD": 16,"NDIMCD": 32,"PADA": 0,"PADB": 0,"PRECISION": 16,"VWMD": 2,"VWND": 1,"WGD": 32}
    },
    {
      "kernel": "XgemmDirectTN",
      "time": 17.669,
      "parameters": {"KWID": 8,"MDIMAD": 32,"MDIMCD": 8,"NDIMBD": 16,"NDIMCD": 8,"PADA": 1,"PADB": 1,"PRECISION": 16,"VWMD": 1,"VWND": 2,"WGD": 64}
    },
    {
      "kernel": "XgemmDirectTN",
      "time": 44.029,
      "parameters": {"KWID": 16,"MDIMAD": 8,"MDIMCD": 16,"NDIMBD": 8,"NDIMCD": 8,"PADA": 0,"PADB": 0,"PRECISION": 16,"VWMD": 2,"VWND": 4,"WGD": 64}
    },
    {
      "kernel": "XgemmDirectTN",
      "time": 2.310,
      "parameters": {"KWID": 16,"MDIMAD": 8,"MDIMCD": 8,"NDIMBD": 16,"NDIMCD": 8,"PADA": 0,"PADB": 1,"PRECISION": 16,"VWMD": 1,"VWND": 1,"WGD": 16}
    },
    {
      "kernel": "XgemmDirectTN",
      "time": 1.768,
      "parameters": {"KWID": 16,"MDIMAD": 32,"MDIMCD": 32,"NDIMBD": 16,"NDIMCD": 8,"PADA": 0,"PADB": 1,"PRECISION": 16,"VWMD": 1,"VWND": 2,"WGD": 32}
    },
    {
      "kernel": "XgemmDirectTN",
      "time": 1.795,
      "parameters": {"KWID": 16,"MDIMAD": 8,"MDIMCD": 32,"NDIMBD": 8,"NDIMCD": 8,"PADA": 1,"PADB": 1,"PRECISION": 16,"VWMD": 1,"VWND": 4,"WGD": 32}
    },
    {
      "kernel": "XgemmDirectTN",
      "time": 2.159,
      "parameters": {"KWID": 8,"MDIMAD": 16,"MDIMCD": 16,"NDIMBD": 32,"NDIMCD": 32,"PADA": 1,"PADB": 1,"PRECISION": 16,"VWMD": 2,"VWND": 2,"WGD": 64}
    },
    {
      "kernel": "XgemmDirectTN",
      "time": 17.377,
      "parameters": {"KWID": 16,"MDIMAD": 8,"MDIMCD": 8,"NDIMBD": 32,"NDIMCD": 8,"PADA": 1,"PADB": 1,"PRECISION": 16,"VWMD": 8,"VWND": 1,"WGD": 64}
    },
    {
      "kernel": "XgemmDirectTN",
      "time": 20.266,
      "parameters": {"KWID": 8,"MDIMAD": 8,"MDIMCD": 8,"NDIMBD": 8,"NDIMCD": 16,"PADA": 0,"PADB": 1,"PRECISION": 16,"VWMD": 4,"VWND": 1,"WGD": 64}
    },
    {
      "kernel": "XgemmDirectTN",
      "time": 20.636,
      "parameters": {"KWID": 2,"MDIMAD": 32,"MDIMCD": 8,"NDIMBD": 16,"NDIMCD": 16,"PADA": 1,"PADB": 0,"PRECISION": 16,"VWMD": 2,"VWND": 2,"WGD": 64}
    },
    {
      "kernel": "XgemmDirectTN",
      "time": 2.083,
      "parameters": {"KWID": 2,"MDIMAD": 32,"MDIMCD": 16,"NDIMBD": 16,"NDIMCD": 32,"PADA": 0,"PADB": 1,"PRECISION": 16,"VWMD": 1,"VWND": 2,"WGD": 64}
    },
    {
      "kernel": "XgemmDirectTN",
      "time": 43.318,
      "parameters": {"KWID": 8,"MDIMAD": 8,"MDIMCD": 16,"NDIMBD": 16,"NDIMCD": 8,"PADA": 0,"PADB": 0,"PRECISION": 16,"VWMD": 4,"VWND": 2,"WGD": 64}
    },
    {
      "kernel": "XgemmDirectTN",
      "time": 20.031,
      "parameters": {"KWID": 2,"MDIMAD": 32,"MDIMCD": 8,"NDIMBD": 32,"NDIMCD": 16,"PADA": 0,"PADB": 1,"PRECISION": 16,"VWMD": 2,"VWND": 1,"WGD": 64}
    },
    {
      "kernel": "XgemmDirectTN",
      "time": 19.855,
      "parameters": {"KWID": 8,"MDIMAD": 16,"MDIMCD": 8,"NDIMBD": 8,"NDIMCD": 16,"PADA": 0,"PADB": 1,"PRECISION": 16,"VWMD": 4,"VWND": 2,"WGD": 64}
    },
    {
      "kernel": "XgemmDirectTN",
      "time": 26.069,
      "parameters": {"KWID": 8,"MDIMAD": 16,"MDIMCD": 8,"NDIMBD": 8,"NDIMCD": 8,"PADA": 1,"PADB": 0,"PRECISION": 16,"VWMD": 2,"VWND": 4,"WGD": 32}
    },
    {
      "kernel": "XgemmDirectTN",
      "time": 22.297,
      "parameters": {"KWID": 8,"MDIMAD": 8,"MDIMCD": 8,"NDIMBD": 32,"NDIMCD": 32,"PADA": 1,"PADB": 1,"PRECISION": 16,"VWMD": 8,"VWND": 1,"WGD": 64}
    },
    {
      "kernel": "XgemmDirectTN",
      "time": 1.793,
      "parameters": {"KWID": 2,"MDIMAD": 8,"MDIMCD": 32,"NDIMBD": 16,"NDIMCD": 8,"PADA": 0,"PADB": 1,"PRECISION": 16,"VWMD": 1,"VWND": 2,"WGD": 32}
    },
    {
      "kernel": "XgemmDirectTN",
      "time": 20.774,
      "parameters": {"KWID": 16,"MDIMAD": 16,"MDIMCD": 8,"NDIMBD": 32,"NDIMCD": 16,"PADA": 0,"PADB": 1,"PRECISION": 16,"VWMD": 2,"VWND": 1,"WGD": 64}
    },
    {
      "kernel": "XgemmDirectTN",
      "time": 21.827,
      "parameters": {"KWID": 16,"MDIMAD": 32,"MDIMCD": 8,"NDIMBD": 8,"NDIMCD": 32,"PADA": 1,"PADB": 0,"PRECISION": 16,"VWMD": 1,"VWND": 2,"WGD": 64}
    },
    {
      "kernel": "XgemmDirectTN",
      "time": 17.431,
      "parameters": {"KWID": 2,"MDIMAD": 16,"MDIMCD": 8,"NDIMBD": 8,"NDIMCD": 8,"PADA": 0,"PADB": 1,"PRECISION": 16,"VWMD": 1,"VWND": 8,"WGD": 64}
    },
    {
      "kernel": "XgemmDirectTN",
      "time": 2.366,
      "parameters": {"KWID": 8,"MDIMAD": 8,"MDIMCD": 8,"NDIMBD": 16,"NDIMCD": 16,"PADA": 1,"PADB": 0,"PRECISION": 16,"VWMD": 2,"VWND": 2,"WGD": 32}
    },
    {
      "kernel": "XgemmDirectTN",
      "time": 20.240,
      "parameters": {"KWID": 16,"MDIMAD": 8,"MDIMCD": 32,"NDIMBD": 8,"NDIMCD": 8,"PADA": 0,"PADB": 1,"PRECISION": 16,"VWMD": 2,"VWND": 2,"WGD": 64}
    },
    {
      "kernel": "XgemmDirectTN",
      "time": 30.254,
      "parameters": {"KWID": 2,"MDIMAD": 16,"MDIMCD": 8,"NDIMBD": 16,"NDIMCD": 8,"PADA": 1,"PADB": 0,"PRECISION": 16,"VWMD": 1,"VWND": 1,"WGD": 32}
    },
    {
      "kernel": "XgemmDirectTN",
      "time": 20.246,
      "parameters": {"KWID": 2,"MDIMAD": 8,"MDIMCD": 8,"NDIMBD": 32,"NDIMCD": 16,"PADA": 0,"PADB": 1,"PRECISION": 16,"VWMD": 2,"VWND": 1,"WGD": 64}
    },
    {
      "kernel": "XgemmDirectTN",
      "time": 25.909,
      "parameters": {"KWID": 16,"MDIMAD": 8,"MDIMCD": 8,"NDIMBD": 32,"NDIMCD": 32,"PADA": 0,"PADB": 0,"PRECISION": 16,"VWMD": 1,"VWND": 1,"WGD": 64}
    },
    {
      "kernel": "XgemmDirectTN",
      "time": 24.222,
      "parameters": {"KWID": 16,"MDIMAD": 8,"MDIMCD": 16,"NDIMBD": 16,"NDIMCD": 16,"PADA": 1,"PADB": 1,"PRECISION": 16,"VWMD": 4,"VWND": 1,"WGD": 64}
    },
    {
      "kernel": "XgemmDirectTN",
      "time": 9.339,
      "parameters": {"KWID": 8,"MDIMAD": 8,"MDIMCD": 16,"NDIMBD": 16,"NDIMCD": 16,"PADA": 0,"PADB": 0,"PRECISION": 16,"VWMD": 1,"VWND": 1,"WGD": 64}
    },
    {
      "kernel": "XgemmDirectTN",
      "time": 23.013,
      "parameters": {"KWID": 2,"MDIMAD": 8,"MDIMCD": 8,"NDIMBD": 32,"NDIMCD": 32,"PADA": 1,"PADB": 1,"PRECISION": 16,"VWMD": 8,"VWND": 1,"WGD": 64}
    },
    {
      "kernel": "XgemmDirectTN",
      "time": 1.776,
      "parameters": {"KWID": 16,"MDIMAD": 16,"MDIMCD": 32,"NDIMBD": 8,"NDIMCD": 8,"PADA": 1,"PADB": 1,"PRECISION": 16,"VWMD": 1,"VWND": 2,"WGD": 32}
    },
    {
      "kernel": "XgemmDirectTN",
      "time": 17.840,
      "parameters": {"KWID": 16,"MDIMAD": 16,"MDIMCD": 16,"NDIMBD": 16,"NDIMCD": 8,"PADA": 0,"PADB": 1,"PRECISION": 16,"VWMD": 4,"VWND": 1,"WGD": 64}
    },
    {
      "kernel": "XgemmDirectTN",
      "time": 16.539,
      "parameters": {"KWID": 16,"MDIMAD": 16,"MDIMCD": 8,"NDIMBD": 16,"NDIMCD": 8,"PADA": 1,"PADB": 0,"PRECISION": 16,"VWMD": 4,"VWND": 1,"WGD": 64}
    },
    {
      "kernel": "XgemmDirectTN",
      "time": 22.435,
      "parameters": {"KWID": 16,"MDIMAD": 32,"MDIMCD": 8,"NDIMBD": 8,"NDIMCD": 32,"PADA": 1,"PADB": 1,"PRECISION": 16,"VWMD": 2,"VWND": 2,"WGD": 64}
    },
    {
      "kernel": "XgemmDirectTN",
      "time": 2.288,
      "parameters": {"KWID": 16,"MDIMAD": 16,"MDIMCD": 8,"NDIMBD": 8,"NDIMCD": 16,"PADA": 1,"PADB": 1,"PRECISION": 16,"VWMD": 1,"VWND": 2,"WGD": 32}
    },
    {
      "kernel": "XgemmDirectTN",
      "time": 18.311,
      "parameters": {"KWID": 2,"MDIMAD": 16,"MDIMCD": 8,"NDIMBD": 8,"NDIMCD": 8,"PADA": 0,"PADB": 0,"PRECISION": 16,"VWMD": 2,"VWND": 8,"WGD": 64}
    },
    {
      "kernel": "XgemmDirectTN",
      "time": 18.212,
      "parameters": {"KWID": 16,"MDIMAD": 32,"MDIMCD": 8,"NDIMBD": 8,"NDIMCD": 8,"PADA": 0,"PADB": 0,"PRECISION": 16,"VWMD": 1,"VWND": 2,"WGD": 64}
    },
    {
      "kernel": "XgemmDirectTN",
      "time": 3.725,
      "parameters": {"KWID": 8,"MDIMAD": 16,"MDIMCD": 32,"NDIMBD": 32,"NDIMCD": 8,"PADA": 1,"PADB": 0,"PRECISION": 16,"VWMD": 1,"VWND": 1,"WGD": 64}
    },
    {
      "kernel": "XgemmDirectTN",
      "time": 2.313,
      "parameters": {"KWID": 16,"MDIMAD": 32,"MDIMCD": 16,"NDIMBD": 8,"NDIMCD": 32,"PADA": 0,"PADB": 0,"PRECISION": 16,"VWMD": 2,"VWND": 2,"WGD": 64}
    },
    {
      "kernel": "XgemmDirectTN",
      "time": 1.933,
      "parameters": {"KWID": 16,"MDIMAD": 16,"MDIMCD": 16,"NDIMBD": 8,"NDIMCD": 8,"PADA": 1,"PADB": 0,"PRECISION": 16,"VWMD": 2,"VWND": 2,"WGD": 32}
    },
    {
      "kernel": "XgemmDirectTN",
      "time": 1.753,
      "parameters": {"KWID": 16,"MDIMAD": 32,"MDIMCD": 32,"NDIMBD": 8,"NDIMCD": 8,"PADA": 1,"PADB": 0,"PRECISION": 16,"VWMD": 1,"VWND": 4,"WGD": 32}
    },
    {
      "kernel": "XgemmDirectTN",
      "time": 16.573,
      "parameters": {"KWID": 8,"MDIMAD": 16,"MDIMCD": 8,"NDIMBD": 8,"NDIMCD": 8,"PADA": 1,"PADB": 1,"PRECISION": 16,"VWMD": 4,"VWND": 8,"WGD": 64}
    },
    {
      "kernel": "XgemmDirectTN",
      "time": 23.674,
      "parameters": {"KWID": 2,"MDIMAD": 8,"MDIMCD": 16,"NDIMBD": 16,"NDIMCD": 16,"PADA": 0,"PADB": 0,"PRECISION": 16,"VWMD": 2,"VWND": 4,"WGD": 64}
    },
    {
      "kernel": "XgemmDirectTN",
      "time": 43.989,
      "parameters": {"KWID": 2,"MDIMAD": 8,"MDIMCD": 16,"NDIMBD": 8,"NDIMCD": 8,"PADA": 0,"PADB": 0,"PRECISION": 16,"VWMD": 2,"VWND": 2,"WGD": 64}
    },
    {
      "kernel": "XgemmDirectTN",
      "time": 17.973,
      "parameters": {"KWID": 2,"MDIMAD": 8,"MDIMCD": 8,"NDIMBD": 8,"NDIMCD": 8,"PADA": 0,"PADB": 1,"PRECISION": 16,"VWMD": 4,"VWND": 8,"WGD": 64}
    },
    {
      "kernel": "XgemmDirectTN",
      "time": 1.731,
      "parameters": {"KWID": 16,"MDIMAD": 16,"MDIMCD": 16,"NDIMBD": 8,"NDIMCD": 8,"PADA": 1,"PADB": 1,"PRECISION": 16,"VWMD": 1,"VWND": 2,"WGD": 32}
    },
    {
      "kernel": "XgemmDirectTN",
      "time": 21.842,
      "parameters": {"KWID": 16,"MDIMAD": 16,"MDIMCD": 8,"NDIMBD": 16,"NDIMCD": 32,"PADA": 0,"PADB": 0,"PRECISION": 16,"VWMD": 2,"VWND": 2,"WGD": 64}
    },
    {
      "kernel": "XgemmDirectTN",
      "time": 17.233,
      "parameters": {"KWID": 8,"MDIMAD": 32,"MDIMCD": 8,"NDIMBD": 16,"NDIMCD": 8,"PADA": 1,"PADB": 1,"PRECISION": 16,"VWMD": 1,"VWND": 1,"WGD": 64}
    },
    {
      "kernel": "XgemmDirectTN",
      "time": 17.133,
      "parameters": {"KWID": 2,"MDIMAD": 16,"MDIMCD": 8,"NDIMBD": 16,"NDIMCD": 8,"PADA": 1,"PADB": 0,"PRECISION": 16,"VWMD": 1,"VWND": 4,"WGD": 64}
    },
    {
      "kernel": "XgemmDirectTN",
      "time": 17.230,
      "parameters": {"KWID": 16,"MDIMAD": 8,"MDIMCD": 8,"NDIMBD": 16,"NDIMCD": 8,"PADA": 1,"PADB": 0,"PRECISION": 16,"VWMD": 4,"VWND": 4,"WGD": 64}
    },
    {
      "kernel": "XgemmDirectTN",
      "time": 2.071,
      "parameters": {"KWID": 8,"MDIMAD": 16,"MDIMCD": 8,"NDIMBD": 16,"NDIMCD": 16,"PADA": 0,"PADB": 1,"PRECISION": 16,"VWMD": 2,"VWND": 1,"WGD": 32}
    },
    {
      "kernel": "XgemmDirectTN",
      "time": 2.067,
      "parameters": {"KWID": 16,"MDIMAD": 8,"MDIMCD": 16,"NDIMBD": 16,"NDIMCD": 32,"PADA": 0,"PADB": 1,"PRECISION": 16,"VWMD": 4,"VWND": 2,"WGD": 64}
    },
    {
      "kernel": "XgemmDirectTN",
      "time": 3.426,
      "parameters": {"KWID": 8,"MDIMAD": 32,"MDIMCD": 8,"NDIMBD": 32,"NDIMCD": 32,"PADA": 0,"PADB": 0,"PRECISION": 16,"VWMD": 1,"VWND": 1,"WGD": 32}
    },
    {
      "kernel": "XgemmDirectTN",
      "time": 3.563,
      "parameters": {"KWID": 16,"MDIMAD": 32,"MDIMCD": 32,"NDIMBD": 16,"NDIMCD": 8,"PADA": 1,"PADB": 0,"PRECISION": 16,"VWMD": 1,"VWND": 1,"WGD": 64}
    },
    {
      "kernel": "XgemmDirectTN",
      "time": 19.901,
      "parameters": {"KWID": 8,"MDIMAD": 32,"MDIMCD": 8,"NDIMBD": 8,"NDIMCD": 16,"PADA": 0,"PADB": 1,"PRECISION": 16,"VWMD": 1,"VWND": 2,"WGD": 64}
    },
    {
      "kernel": "XgemmDirectTN",
      "time": 22.061,
      "parameters": {"KWID": 8,"MDIMAD": 8,"MDIMCD": 8,"NDIMBD": 32,"NDIMCD": 32,"PADA": 1,"PADB": 1,"PRECISION": 16,"VWMD": 2,"VWND": 2,"WGD": 64}
    },
    {
      "kernel": "XgemmDirectTN",
      "time": 24.586,
      "parameters": {"KWID": 8,"MDIMAD": 32,"MDIMCD": 16,"NDIMBD": 8,"NDIMCD": 16,"PADA": 1,"PADB": 1,"PRECISION": 16,"VWMD": 1,"VWND": 1,"WGD": 64}
    },
    {
      "kernel": "XgemmDirectTN",
      "time": 20.837,
      "parameters": {"KWID": 2,"MDIMAD": 32,"MDIMCD": 32,"NDIMBD": 16,"NDIMCD": 8,"PADA": 0,"PADB": 0,"PRECISION": 16,"VWMD": 2,"VWND": 2,"WGD": 64}
    },
    {
      "kernel": "XgemmDirectTN",
      "time": 17.343,
      "parameters": {"KWID": 16,"MDIMAD": 8,"MDIMCD": 8,"NDIMBD": 16,"NDIMCD": 8,"PADA": 1,"PADB": 1,"PRECISION": 16,"VWMD": 4,"VWND": 2,"WGD": 64}
    },
    {
      "kernel": "XgemmDirectTN",
      "time": 20.363,
      "parameters": {"KWID": 8,"MDIMAD": 32,"MDIMCD": 32,"NDIMBD": 8,"NDIMCD": 8,"PADA": 0,"PADB": 0,"PRECISION": 16,"VWMD": 1,"VWND": 8,"WGD": 64}
    },
    {
      "kernel": "XgemmDirectTN",
      "time": 23.605,
      "parameters": {"KWID": 8,"MDIMAD": 32,"MDIMCD": 16,"NDIMBD": 32,"NDIMCD": 16,"PADA": 0,"PADB": 0,"PRECISION": 16,"VWMD": 1,"VWND": 2,"WGD": 64}
    },
    {
      "kernel": "XgemmDirectTN",
      "time": 1.709,
      "parameters": {"KWID": 2,"MDIMAD": 32,"MDIMCD": 32,"NDIMBD": 32,"NDIMCD": 8,"PADA": 0,"PADB": 1,"PRECISION": 16,"VWMD": 1,"VWND": 1,"WGD": 32}
    },
    {
      "kernel": "XgemmDirectTN",
      "time": 2.152,
      "parameters": {"KWID": 8,"MDIMAD": 8,"MDIMCD": 16,"NDIMBD": 32,"NDIMCD": 32,"PADA": 1,"PADB": 1,"PRECISION": 16,"VWMD": 4,"VWND": 2,"WGD": 64}
    },
    {
      "kernel": "XgemmDirectTN",
      "time": 19.828,
      "parameters": {"KWID": 2,"MDIMAD": 8,"MDIMCD": 8,"NDIMBD": 8,"NDIMCD": 16,"PADA": 1,"PADB": 0,"PRECISION": 16,"VWMD": 8,"VWND": 4,"WGD": 64}
    },
    {
      "kernel": "XgemmDirectTN",
      "time": 24.365,
      "parameters": {"KWID": 2,"MDIMAD": 32,"MDIMCD": 16,"NDIMBD": 32,"NDIMCD": 16,"PADA": 1,"PADB": 0,"PRECISION": 16,"VWMD": 1,"VWND": 1,"WGD": 64}
    },
    {
      "kernel": "XgemmDirectTN",
      "time": 1.537,
      "parameters": {"KWID": 16,"MDIMAD": 16,"MDIMCD": 16,"NDIMBD": 8,"NDIMCD": 8,"PADA": 1,"PADB": 1,"PRECISION": 16,"VWMD": 2,"VWND": 4,"WGD": 32}
    },
    {
      "kernel": "XgemmDirectTN",
      "time": 2.130,
      "parameters": {"KWID": 2,"MDIMAD": 8,"MDIMCD": 16,"NDIMBD": 32,"NDIMCD": 32,"PADA": 0,"PADB": 0,"PRECISION": 16,"VWMD": 1,"VWND": 2,"WGD": 64}
    },
    {
      "kernel": "XgemmDirectTN",
      "time": 1.537,
      "parameters": {"KWID": 16,"MDIMAD": 32,"MDIMCD": 32,"NDIMBD": 8,"NDIMCD": 16,"PADA": 1,"PADB": 0,"PRECISION": 16,"VWMD": 2,"VWND": 1,"WGD": 64}
    },
    {
      "kernel": "XgemmDirectTN",
      "time": 19.548,
      "parameters": {"KWID": 2,"MDIMAD": 8,"MDIMCD": 8,"NDIMBD": 16,"NDIMCD": 16,"PADA": 1,"PADB": 0,"PRECISION": 16,"VWMD": 8,"VWND": 2,"WGD": 64}
    },
    {
      "kernel": "XgemmDirectTN",
      "time": 19.608,
      "parameters": {"KWID": 8,"MDIMAD": 16,"MDIMCD": 32,"NDIMBD": 16,"NDIMCD": 8,"PADA": 1,"PADB": 0,"PRECISION": 16,"VWMD": 1,"VWND": 2,"WGD": 64}
    },
    {
      "kernel": "XgemmDirectTN",
      "time": 2.053,
      "parameters": {"KWID": 8,"MDIMAD": 16,"MDIMCD": 16,"NDIMBD": 16,"NDIMCD": 32,"PADA": 0,"PADB": 0,"PRECISION": 16,"VWMD": 4,"VWND": 1,"WGD": 64}
    },
    {
      "kernel": "XgemmDirectTN",
      "time": 42.923,
      "parameters": {"KWID": 16,"MDIMAD": 32,"MDIMCD": 16,"NDIMBD": 8,"NDIMCD": 8,"PADA": 0,"PADB": 0,"PRECISION": 16,"VWMD": 1,"VWND": 8,"WGD": 64}
    },
    {
      "kernel": "XgemmDirectTN",
      "time": 2.123,
      "parameters": {"KWID": 8,"MDIMAD": 32,"MDIMCD": 16,"NDIMBD": 32,"NDIMCD": 16,"PADA": 0,"PADB": 1,"PRECISION": 16,"VWMD": 1,"VWND": 1,"WGD": 32}
    },
    {
      "kernel": "XgemmDirectTN",
      "time": 16.633,
      "parameters": {"KWID": 8,"MDIMAD": 32,"MDIMCD": 8,"NDIMBD": 16,"NDIMCD": 8,"PADA": 0,"PADB": 1,"PRECISION": 16,"VWMD": 2,"VWND": 2,"WGD": 64}
    },
    {
      "kernel": "XgemmDirectTN",
      "time": 21.803,
      "parameters": {"KWID": 8,"MDIMAD": 8,"MDIMCD": 8,"NDIMBD": 32,"NDIMCD": 32,"PADA": 1,"PADB": 0,"PRECISION": 16,"VWMD": 1,"VWND": 2,"WGD": 64}
    },
    {
      "kernel": "XgemmDirectTN",
      "time": 16.985,
      "parameters": {"KWID": 2,"MDIMAD": 16,"MDIMCD": 8,"NDIMBD": 8,"NDIMCD": 8,"PADA": 1,"PADB": 1,"PRECISION": 16,"VWMD": 4,"VWND": 8,"WGD": 64}
    },
    {
      "kernel": "XgemmDirectTN",
      "time": 22.264,
      "parameters": {"KWID": 16,"MDIMAD": 16,"MDIMCD": 8,"NDIMBD": 16,"NDIMCD": 32,"PADA": 0,"PADB": 1,"PRECISION": 16,"VWMD": 4,"VWND": 1,"WGD": 64}
    },
    {
      "kernel": "XgemmDirectTN",
      "time": 3.556,
      "parameters": {"KWID": 8,"MDIMAD": 8,"MDIMCD": 8,"NDIMBD": 8,"NDIMCD": 16,"PADA": 1,"PADB": 1,"PRECISION": 16,"VWMD": 1,"VWND": 1,"WGD": 16}
    },
    {
      "kernel": "XgemmDirectTN",
      "time": 7.040,
      "parameters": {"KWID": 16,"MDIMAD": 16,"MDIMCD": 16,"NDIMBD": 8,"NDIMCD": 16,"PADA": 0,"PADB": 1,"PRECISION": 16,"VWMD": 1,"VWND": 1,"WGD": 64}
    },
    {
      "kernel": "XgemmDirectTN",
      "time": 18.157,
      "parameters": {"KWID": 2,"MDIMAD": 16,"MDIMCD": 16,"NDIMBD": 8,"NDIMCD": 8,"PADA": 0,"PADB": 1,"PRECISION": 16,"VWMD": 4,"VWND": 4,"WGD": 64}
    },
    {
      "kernel": "XgemmDirectTN",
      "time": 20.114,
      "parameters": {"KWID": 8,"MDIMAD": 32,"MDIMCD": 32,"NDIMBD": 8,"NDIMCD": 8,"PADA": 1,"PADB": 1,"PRECISION": 16,"VWMD": 1,"VWND": 8,"WGD": 64}
    },
    {
      "kernel": "XgemmDirectTN",
      "time": 2.181,
      "parameters": {"KWID": 16,"MDIMAD": 8,"MDIMCD": 16,"NDIMBD": 16,"NDIMCD": 16,"PADA": 0,"PADB": 1,"PRECISION": 16,"VWMD": 1,"VWND": 1,"WGD": 32}
    },
    {
      "kernel": "XgemmDirectTN",
      "time": 1.588,
      "parameters": {"KWID": 2,"MDIMAD": 32,"MDIMCD": 16,"NDIMBD": 16,"NDIMCD": 8,"PADA": 1,"PADB": 1,"PRECISION": 16,"VWMD": 1,"VWND": 1,"WGD": 32}
    },
    {
      "kernel": "XgemmDirectTN",
      "time": 6.828,
      "parameters": {"KWID": 16,"MDIMAD": 8,"MDIMCD": 16,"NDIMBD": 16,"NDIMCD": 16,"PADA": 0,"PADB": 1,"PRECISION": 16,"VWMD": 1,"VWND": 1,"WGD": 64}
    },
    {
      "kernel": "XgemmDirectTN",
      "time": 1.778,
      "parameters": {"KWID": 16,"MDIMAD": 32,"MDIMCD": 32,"NDIMBD": 8,"NDIMCD": 8,"PADA": 1,"PADB": 0,"PRECISION": 16,"VWMD": 1,"VWND": 1,"WGD": 32}
    },
    {
      "kernel": "XgemmDirectTN",
      "time": 3.583,
      "parameters": {"KWID": 2,"MDIMAD": 8,"MDIMCD": 8,"NDIMBD": 16,"NDIMCD": 16,"PADA": 1,"PADB": 0,"PRECISION": 16,"VWMD": 1,"VWND": 1,"WGD": 16}
    },
    {
      "kernel": "XgemmDirectTN",
      "time": 1.613,
      "parameters": {"KWID": 2,"MDIMAD": 8,"MDIMCD": 16,"NDIMBD": 8,"NDIMCD": 8,"PADA": 0,"PADB": 1,"PRECISION": 16,"VWMD": 1,"VWND": 2,"WGD": 32}
    },
    {
      "kernel": "XgemmDirectTN",
      "time": 17.349,
      "parameters": {"KWID": 2,"MDIMAD": 8,"MDIMCD": 8,"NDIMBD": 16,"NDIMCD": 8,"PADA": 1,"PADB": 0,"PRECISION": 16,"VWMD": 1,"VWND": 1,"WGD": 64}
    }
  ]
}
