{
  "kernel_family": "xger",
  "precision": "32",
  "best_kernel": "Xger",
  "best_time": "0.68",
  "best_parameters": "PRECISION=32 WGS1=64 WGS2=4 WPT=2",
  "arg_m": "1024",
  "arg_n": "1024",
  "arg_alpha": "2.00",
  "clblast_device_type": "GPU",
  "clblast_device_vendor": "QUALCOMM",
  "clblast_device_architecture": "OpenCL C 3.0 Adreno(TM) 730",
  "clblast_device_name": "QUALCOMM Adreno(TM)",
  "device": "QUALCOMM Adreno(TM)",
  "platform_vendor": "QUALCOMM",
  "platform_version": "OpenCL 3.0 QUALCOMM build: commit #2addc0741b changeid #I701168ee75 Date: 01/12/22 Wed Local Branch:  Remote Branch: ",
  "device_vendor": "QUALCOMM",
  "device_type": "GPU",
  "device_core_clock": "1",
  "device_compute_units": "4",
  "device_extra_info": "",
  "results": [
    {
      "kernel": "Xger",
      "time": 4.493,
      "parameters": {"PRECISION": 32,"WGS1": 4,"WGS2": 1,"WPT": 1}
    },
    {
      "kernel": "Xger",
      "time": 1.827,
      "parameters": {"PRECISION": 32,"WGS1": 4,"WGS2": 1,"WPT": 2}
    },
    {
      "kernel": "Xger",
      "time": 1.525,
      "parameters": {"PRECISION": 32,"WGS1": 4,"WGS2": 1,"WPT": 4}
    },
    {
      "kernel": "Xger",
      "time": 2.547,
      "parameters": {"PRECISION": 32,"WGS1": 4,"WGS2": 2,"WPT": 1}
    },
    {
      "kernel": "Xger",
      "time": 1.228,
      "parameters": {"PRECISION": 32,"WGS1": 4,"WGS2": 2,"WPT": 2}
    },
    {
      "kernel": "Xger",
      "time": 1.103,
      "parameters": {"PRECISION": 32,"WGS1": 4,"WGS2": 2,"WPT": 4}
    },
    {
      "kernel": "Xger",
      "time": 1.600,
      "parameters": {"PRECISION": 32,"WGS1": 4,"WGS2": 4,"WPT": 1}
    },
    {
      "kernel": "Xger",
      "time": 0.943,
      "parameters": {"PRECISION": 32,"WGS1": 4,"WGS2": 4,"WPT": 2}
    },
    {
      "kernel": "Xger",
      "time": 0.902,
      "parameters": {"PRECISION": 32,"WGS1": 4,"WGS2": 4,"WPT": 4}
    },
    {
      "kernel": "Xger",
      "time": 1.086,
      "parameters": {"PRECISION": 32,"WGS1": 4,"WGS2": 8,"WPT": 1}
    },
    {
      "kernel": "Xger",
      "time": 0.880,
      "parameters": {"PRECISION": 32,"WGS1": 4,"WGS2": 8,"WPT": 2}
    },
    {
      "kernel": "Xger",
      "time": 0.824,
      "parameters": {"PRECISION": 32,"WGS1": 4,"WGS2": 8,"WPT": 4}
    },
    {
      "kernel": "Xger",
      "time": 1.019,
      "parameters": {"PRECISION": 32,"WGS1": 4,"WGS2": 16,"WPT": 1}
    },
    {
      "kernel": "Xger",
      "time": 0.867,
      "parameters": {"PRECISION": 32,"WGS1": 4,"WGS2": 16,"WPT": 2}
    },
    {
      "kernel": "Xger",
      "time": 0.820,
      "parameters": {"PRECISION": 32,"WGS1": 4,"WGS2": 16,"WPT": 4}
    },
    {
      "kernel": "Xger",
      "time": 0.973,
      "parameters": {"PRECISION": 32,"WGS1": 4,"WGS2": 32,"WPT": 1}
    },
    {
      "kernel": "Xger",
      "time": 0.867,
      "parameters": {"PRECISION": 32,"WGS1": 4,"WGS2": 32,"WPT": 2}
    },
    {
      "kernel": "Xger",
      "time": 0.969,
      "parameters": {"PRECISION": 32,"WGS1": 4,"WGS2": 32,"WPT": 4}
    },
    {
      "kernel": "Xger",
      "time": 0.940,
      "parameters": {"PRECISION": 32,"WGS1": 4,"WGS2": 64,"WPT": 1}
    },
    {
      "kernel": "Xger",
      "time": 0.901,
      "parameters": {"PRECISION": 32,"WGS1": 4,"WGS2": 64,"WPT": 2}
    },
    {
      "kernel": "Xger",
      "time": 1.210,
      "parameters": {"PRECISION": 32,"WGS1": 4,"WGS2": 64,"WPT": 4}
    },
    {
      "kernel": "Xger",
      "time": 0.965,
      "parameters": {"PRECISION": 32,"WGS1": 4,"WGS2": 128,"WPT": 1}
    },
    {
      "kernel": "Xger",
      "time": 1.028,
      "parameters": {"PRECISION": 32,"WGS1": 4,"WGS2": 128,"WPT": 2}
    },
    {
      "kernel": "Xger",
      "time": 1.675,
      "parameters": {"PRECISION": 32,"WGS1": 4,"WGS2": 128,"WPT": 4}
    },
    {
      "kernel": "Xger",
      "time": 1.040,
      "parameters": {"PRECISION": 32,"WGS1": 4,"WGS2": 256,"WPT": 1}
    },
    {
      "kernel": "Xger",
      "time": 1.356,
      "parameters": {"PRECISION": 32,"WGS1": 4,"WGS2": 256,"WPT": 2}
    },
    {
      "kernel": "Xger",
      "time": 2.034,
      "parameters": {"PRECISION": 32,"WGS1": 4,"WGS2": 256,"WPT": 4}
    },
    {
      "kernel": "Xger",
      "time": 2.542,
      "parameters": {"PRECISION": 32,"WGS1": 8,"WGS2": 1,"WPT": 1}
    },
    {
      "kernel": "Xger",
      "time": 1.251,
      "parameters": {"PRECISION": 32,"WGS1": 8,"WGS2": 1,"WPT": 2}
    },
    {
      "kernel": "Xger",
      "time": 1.124,
      "parameters": {"PRECISION": 32,"WGS1": 8,"WGS2": 1,"WPT": 4}
    },
    {
      "kernel": "Xger",
      "time": 1.603,
      "parameters": {"PRECISION": 32,"WGS1": 8,"WGS2": 2,"WPT": 1}
    },
    {
      "kernel": "Xger",
      "time": 0.768,
      "parameters": {"PRECISION": 32,"WGS1": 8,"WGS2": 2,"WPT": 2}
    },
    {
      "kernel": "Xger",
      "time": 0.897,
      "parameters": {"PRECISION": 32,"WGS1": 8,"WGS2": 2,"WPT": 4}
    },
    {
      "kernel": "Xger",
      "time": 1.089,
      "parameters": {"PRECISION": 32,"WGS1": 8,"WGS2": 4,"WPT": 1}
    },
    {
      "kernel": "Xger",
      "time": 0.884,
      "parameters": {"PRECISION": 32,"WGS1": 8,"WGS2": 4,"WPT": 2}
    },
    {
      "kernel": "Xger",
      "time": 0.853,
      "parameters": {"PRECISION": 32,"WGS1": 8,"WGS2": 4,"WPT": 4}
    },
    {
      "kernel": "Xger",
      "time": 0.990,
      "parameters": {"PRECISION": 32,"WGS1": 8,"WGS2": 8,"WPT": 1}
    },
    {
      "kernel": "Xger",
      "time": 0.870,
      "parameters": {"PRECISION": 32,"WGS1": 8,"WGS2": 8,"WPT": 2}
    },
    {
      "kernel": "Xger",
      "time": 0.823,
      "parameters": {"PRECISION": 32,"WGS1": 8,"WGS2": 8,"WPT": 4}
    },
    {
      "kernel": "Xger",
      "time": 0.988,
      "parameters": {"PRECISION": 32,"WGS1": 8,"WGS2": 16,"WPT": 1}
    },
    {
      "kernel": "Xger",
      "time": 0.857,
      "parameters": {"PRECISION": 32,"WGS1": 8,"WGS2": 16,"WPT": 2}
    },
    {
      "kernel": "Xger",
      "time": 0.829,
      "parameters": {"PRECISION": 32,"WGS1": 8,"WGS2": 16,"WPT": 4}
    },
    {
      "kernel": "Xger",
      "time": 0.968,
      "parameters": {"PRECISION": 32,"WGS1": 8,"WGS2": 32,"WPT": 1}
    },
    {
      "kernel": "Xger",
      "time": 0.848,
      "parameters": {"PRECISION": 32,"WGS1": 8,"WGS2": 32,"WPT": 2}
    },
    {
      "kernel": "Xger",
      "time": 0.866,
      "parameters": {"PRECISION": 32,"WGS1": 8,"WGS2": 32,"WPT": 4}
    },
    {
      "kernel": "Xger",
      "time": 0.955,
      "parameters": {"PRECISION": 32,"WGS1": 8,"WGS2": 64,"WPT": 1}
    },
    {
      "kernel": "Xger",
      "time": 0.893,
      "parameters": {"PRECISION": 32,"WGS1": 8,"WGS2": 64,"WPT": 2}
    },
    {
      "kernel": "Xger",
      "time": 0.946,
      "parameters": {"PRECISION": 32,"WGS1": 8,"WGS2": 64,"WPT": 4}
    },
    {
      "kernel": "Xger",
      "time": 0.947,
      "parameters": {"PRECISION": 32,"WGS1": 8,"WGS2": 128,"WPT": 1}
    },
    {
      "kernel": "Xger",
      "time": 0.901,
      "parameters": {"PRECISION": 32,"WGS1": 8,"WGS2": 128,"WPT": 2}
    },
    {
      "kernel": "Xger",
      "time": 1.187,
      "parameters": {"PRECISION": 32,"WGS1": 8,"WGS2": 128,"WPT": 4}
    },
    {
      "kernel": "Xger",
      "time": 1.597,
      "parameters": {"PRECISION": 32,"WGS1": 16,"WGS2": 1,"WPT": 1}
    },
    {
      "kernel": "Xger",
      "time": 0.937,
      "parameters": {"PRECISION": 32,"WGS1": 16,"WGS2": 1,"WPT": 2}
    },
    {
      "kernel": "Xger",
      "time": 0.878,
      "parameters": {"PRECISION": 32,"WGS1": 16,"WGS2": 1,"WPT": 4}
    },
    {
      "kernel": "Xger",
      "time": 1.100,
      "parameters": {"PRECISION": 32,"WGS1": 16,"WGS2": 2,"WPT": 1}
    },
    {
      "kernel": "Xger",
      "time": 0.862,
      "parameters": {"PRECISION": 32,"WGS1": 16,"WGS2": 2,"WPT": 2}
    },
    {
      "kernel": "Xger",
      "time": 0.822,
      "parameters": {"PRECISION": 32,"WGS1": 16,"WGS2": 2,"WPT": 4}
    },
    {
      "kernel": "Xger",
      "time": 1.015,
      "parameters": {"PRECISION": 32,"WGS1": 16,"WGS2": 4,"WPT": 1}
    },
    {
      "kernel": "Xger",
      "time": 0.866,
      "parameters": {"PRECISION": 32,"WGS1": 16,"WGS2": 4,"WPT": 2}
    },
    {
      "kernel": "Xger",
      "time": 0.836,
      "parameters": {"PRECISION": 32,"WGS1": 16,"WGS2": 4,"WPT": 4}
    },
    {
      "kernel": "Xger",
      "time": 1.040,
      "parameters": {"PRECISION": 32,"WGS1": 16,"WGS2": 8,"WPT": 1}
    },
    {
      "kernel": "Xger",
      "time": 0.890,
      "parameters": {"PRECISION": 32,"WGS1": 16,"WGS2": 8,"WPT": 2}
    },
    {
      "kernel": "Xger",
      "time": 0.833,
      "parameters": {"PRECISION": 32,"WGS1": 16,"WGS2": 8,"WPT": 4}
    },
    {
      "kernel": "Xger",
      "time": 1.022,
      "parameters": {"PRECISION": 32,"WGS1": 16,"WGS2": 16,"WPT": 1}
    },
    {
      "kernel": "Xger",
      "time": 0.883,
      "parameters": {"PRECISION": 32,"WGS1": 16,"WGS2": 16,"WPT": 2}
    },
    {
      "kernel": "Xger",
      "time": 0.843,
      "parameters": {"PRECISION": 32,"WGS1": 16,"WGS2": 16,"WPT": 4}
    },
    {
      "kernel": "Xger",
      "time": 0.983,
      "parameters": {"PRECISION": 32,"WGS1": 16,"WGS2": 32,"WPT": 1}
    },
    {
      "kernel": "Xger",
      "time": 0.877,
      "parameters": {"PRECISION": 32,"WGS1": 16,"WGS2": 32,"WPT": 2}
    },
    {
      "kernel": "Xger",
      "time": 0.845,
      "parameters": {"PRECISION": 32,"WGS1": 16,"WGS2": 32,"WPT": 4}
    },
    {
      "kernel": "Xger",
      "time": 0.967,
      "parameters": {"PRECISION": 32,"WGS1": 16,"WGS2": 64,"WPT": 1}
    },
    {
      "kernel": "Xger",
      "time": 0.882,
      "parameters": {"PRECISION": 32,"WGS1": 16,"WGS2": 64,"WPT": 2}
    },
    {
      "kernel": "Xger",
      "time": 0.873,
      "parameters": {"PRECISION": 32,"WGS1": 16,"WGS2": 64,"WPT": 4}
    },
    {
      "kernel": "Xger",
      "time": 1.096,
      "parameters": {"PRECISION": 32,"WGS1": 32,"WGS2": 1,"WPT": 1}
    },
    {
      "kernel": "Xger",
      "time": 0.874,
      "parameters": {"PRECISION": 32,"WGS1": 32,"WGS2": 1,"WPT": 2}
    },
    {
      "kernel": "Xger",
      "time": 0.802,
      "parameters": {"PRECISION": 32,"WGS1": 32,"WGS2": 1,"WPT": 4}
    },
    {
      "kernel": "Xger",
      "time": 1.040,
      "parameters": {"PRECISION": 32,"WGS1": 32,"WGS2": 2,"WPT": 1}
    },
    {
      "kernel": "Xger",
      "time": 0.878,
      "parameters": {"PRECISION": 32,"WGS1": 32,"WGS2": 2,"WPT": 2}
    },
    {
      "kernel": "Xger",
      "time": 0.812,
      "parameters": {"PRECISION": 32,"WGS1": 32,"WGS2": 2,"WPT": 4}
    },
    {
      "kernel": "Xger",
      "time": 1.031,
      "parameters": {"PRECISION": 32,"WGS1": 32,"WGS2": 4,"WPT": 1}
    },
    {
      "kernel": "Xger",
      "time": 0.796,
      "parameters": {"PRECISION": 32,"WGS1": 32,"WGS2": 4,"WPT": 2}
    },
    {
      "kernel": "Xger",
      "time": 0.821,
      "parameters": {"PRECISION": 32,"WGS1": 32,"WGS2": 4,"WPT": 4}
    },
    {
      "kernel": "Xger",
      "time": 1.002,
      "parameters": {"PRECISION": 32,"WGS1": 32,"WGS2": 8,"WPT": 1}
    },
    {
      "kernel": "Xger",
      "time": 0.844,
      "parameters": {"PRECISION": 32,"WGS1": 32,"WGS2": 8,"WPT": 2}
    },
    {
      "kernel": "Xger",
      "time": 0.851,
      "parameters": {"PRECISION": 32,"WGS1": 32,"WGS2": 8,"WPT": 4}
    },
    {
      "kernel": "Xger",
      "time": 1.031,
      "parameters": {"PRECISION": 32,"WGS1": 32,"WGS2": 16,"WPT": 1}
    },
    {
      "kernel": "Xger",
      "time": 0.846,
      "parameters": {"PRECISION": 32,"WGS1": 32,"WGS2": 16,"WPT": 2}
    },
    {
      "kernel": "Xger",
      "time": 0.808,
      "parameters": {"PRECISION": 32,"WGS1": 32,"WGS2": 16,"WPT": 4}
    },
    {
      "kernel": "Xger",
      "time": 0.992,
      "parameters": {"PRECISION": 32,"WGS1": 32,"WGS2": 32,"WPT": 1}
    },
    {
      "kernel": "Xger",
      "time": 0.847,
      "parameters": {"PRECISION": 32,"WGS1": 32,"WGS2": 32,"WPT": 2}
    },
    {
      "kernel": "Xger",
      "time": 0.806,
      "parameters": {"PRECISION": 32,"WGS1": 32,"WGS2": 32,"WPT": 4}
    },
    {
      "kernel": "Xger",
      "time": 1.017,
      "parameters": {"PRECISION": 32,"WGS1": 64,"WGS2": 1,"WPT": 1}
    },
    {
      "kernel": "Xger",
      "time": 0.899,
      "parameters": {"PRECISION": 32,"WGS1": 64,"WGS2": 1,"WPT": 2}
    },
    {
      "kernel": "Xger",
      "time": 0.831,
      "parameters": {"PRECISION": 32,"WGS1": 64,"WGS2": 1,"WPT": 4}
    },
    {
      "kernel": "Xger",
      "time": 1.036,
      "parameters": {"PRECISION": 32,"WGS1": 64,"WGS2": 2,"WPT": 1}
    },
    {
      "kernel": "Xger",
      "time": 0.861,
      "parameters": {"PRECISION": 32,"WGS1": 64,"WGS2": 2,"WPT": 2}
    },
    {
      "kernel": "Xger",
      "time": 0.804,
      "parameters": {"PRECISION": 32,"WGS1": 64,"WGS2": 2,"WPT": 4}
    },
    {
      "kernel": "Xger",
      "time": 1.008,
      "parameters": {"PRECISION": 32,"WGS1": 64,"WGS2": 4,"WPT": 1}
    },
    {
      "kernel": "Xger",
      "time": 0.681,
      "parameters": {"PRECISION": 32,"WGS1": 64,"WGS2": 4,"WPT": 2}
    },
    {
      "kernel": "Xger",
      "time": 0.823,
      "parameters": {"PRECISION": 32,"WGS1": 64,"WGS2": 4,"WPT": 4}
    },
    {
      "kernel": "Xger",
      "time": 1.059,
      "parameters": {"PRECISION": 32,"WGS1": 64,"WGS2": 8,"WPT": 1}
    },
    {
      "kernel": "Xger",
      "time": 0.855,
      "parameters": {"PRECISION": 32,"WGS1": 64,"WGS2": 8,"WPT": 2}
    },
    {
      "kernel": "Xger",
      "time": 0.796,
      "parameters": {"PRECISION": 32,"WGS1": 64,"WGS2": 8,"WPT": 4}
    },
    {
      "kernel": "Xger",
      "time": 0.989,
      "parameters": {"PRECISION": 32,"WGS1": 64,"WGS2": 16,"WPT": 1}
    },
    {
      "kernel": "Xger",
      "time": 0.837,
      "parameters": {"PRECISION": 32,"WGS1": 64,"WGS2": 16,"WPT": 2}
    },
    {
      "kernel": "Xger",
      "time": 0.805,
      "parameters": {"PRECISION": 32,"WGS1": 64,"WGS2": 16,"WPT": 4}
    },
    {
      "kernel": "Xger",
      "time": 1.019,
      "parameters": {"PRECISION": 32,"WGS1": 128,"WGS2": 1,"WPT": 1}
    },
    {
      "kernel": "Xger",
      "time": 0.877,
      "parameters": {"PRECISION": 32,"WGS1": 128,"WGS2": 1,"WPT": 2}
    },
    {
      "kernel": "Xger",
      "time": 0.835,
      "parameters": {"PRECISION": 32,"WGS1": 128,"WGS2": 1,"WPT": 4}
    },
    {
      "kernel": "Xger",
      "time": 1.017,
      "parameters": {"PRECISION": 32,"WGS1": 128,"WGS2": 2,"WPT": 1}
    },
    {
      "kernel": "Xger",
      "time": 0.852,
      "parameters": {"PRECISION": 32,"WGS1": 128,"WGS2": 2,"WPT": 2}
    },
    {
      "kernel": "Xger",
      "time": 0.839,
      "parameters": {"PRECISION": 32,"WGS1": 128,"WGS2": 2,"WPT": 4}
    },
    {
      "kernel": "Xger",
      "time": 1.017,
      "parameters": {"PRECISION": 32,"WGS1": 128,"WGS2": 4,"WPT": 1}
    },
    {
      "kernel": "Xger",
      "time": 0.869,
      "parameters": {"PRECISION": 32,"WGS1": 128,"WGS2": 4,"WPT": 2}
    },
    {
      "kernel": "Xger",
      "time": 0.825,
      "parameters": {"PRECISION": 32,"WGS1": 128,"WGS2": 4,"WPT": 4}
    },
    {
      "kernel": "Xger",
      "time": 1.025,
      "parameters": {"PRECISION": 32,"WGS1": 128,"WGS2": 8,"WPT": 1}
    },
    {
      "kernel": "Xger",
      "time": 0.844,
      "parameters": {"PRECISION": 32,"WGS1": 128,"WGS2": 8,"WPT": 2}
    },
    {
      "kernel": "Xger",
      "time": 0.822,
      "parameters": {"PRECISION": 32,"WGS1": 128,"WGS2": 8,"WPT": 4}
    },
    {
      "kernel": "Xger",
      "time": 1.009,
      "parameters": {"PRECISION": 32,"WGS1": 256,"WGS2": 1,"WPT": 1}
    },
    {
      "kernel": "Xger",
      "time": 0.735,
      "parameters": {"PRECISION": 32,"WGS1": 256,"WGS2": 1,"WPT": 2}
    },
    {
      "kernel": "Xger",
      "time": 0.721,
      "parameters": {"PRECISION": 32,"WGS1": 256,"WGS2": 1,"WPT": 4}
    },
    {
      "kernel": "Xger",
      "time": 1.009,
      "parameters": {"PRECISION": 32,"WGS1": 256,"WGS2": 2,"WPT": 1}
    },
    {
      "kernel": "Xger",
      "time": 0.877,
      "parameters": {"PRECISION": 32,"WGS1": 256,"WGS2": 2,"WPT": 2}
    },
    {
      "kernel": "Xger",
      "time": 0.822,
      "parameters": {"PRECISION": 32,"WGS1": 256,"WGS2": 2,"WPT": 4}
    },
    {
      "kernel": "Xger",
      "time": 1.006,
      "parameters": {"PRECISION": 32,"WGS1": 256,"WGS2": 4,"WPT": 1}
    },
    {
      "kernel": "Xger",
      "time": 0.849,
      "parameters": {"PRECISION": 32,"WGS1": 256,"WGS2": 4,"WPT": 2}
    },
    {
      "kernel": "Xger",
      "time": 0.840,
      "parameters": {"PRECISION": 32,"WGS1": 256,"WGS2": 4,"WPT": 4}
    },
    {
      "kernel": "Xger",
      "time": 1.011,
      "parameters": {"PRECISION": 32,"WGS1": 512,"WGS2": 1,"WPT": 1}
    },
    {
      "kernel": "Xger",
      "time": 0.866,
      "parameters": {"PRECISION": 32,"WGS1": 512,"WGS2": 1,"WPT": 2}
    },
    {
      "kernel": "Xger",
      "time": 0.849,
      "parameters": {"PRECISION": 32,"WGS1": 512,"WGS2": 1,"WPT": 4}
    },
    {
      "kernel": "Xger",
      "time": 1.017,
      "parameters": {"PRECISION": 32,"WGS1": 512,"WGS2": 2,"WPT": 1}
    },
    {
      "kernel": "Xger",
      "time": 0.850,
      "parameters": {"PRECISION": 32,"WGS1": 512,"WGS2": 2,"WPT": 2}
    },
    {
      "kernel": "Xger",
      "time": 0.838,
      "parameters": {"PRECISION": 32,"WGS1": 512,"WGS2": 2,"WPT": 4}
    }
  ]
}
