{
  "kernel_family": "xger",
  "precision": "16",
  "best_kernel": "Xger",
  "best_time": "0.56",
  "best_parameters": "PRECISION=16 WGS1=64 WGS2=8 WPT=4",
  "arg_m": "1024",
  "arg_n": "1024",
  "arg_alpha": "2.000000",
  "clblast_device_type": "GPU",
  "clblast_device_vendor": "QUALCOMM",
  "clblast_device_architecture": "OpenCL C 3.0 Adreno(TM) 730",
  "clblast_device_name": "QUALCOMM Adreno(TM)",
  "device": "QUALCOMM Adreno(TM)",
  "platform_vendor": "QUALCOMM",
  "platform_version": "OpenCL 3.0 QUALCOMM build: commit #2addc0741b changeid #I701168ee75 Date: 01/12/22 Wed Local Branch:  Remote Branch: ",
  "device_vendor": "QUALCOMM",
  "device_type": "GPU",
  "device_core_clock": "1",
  "device_compute_units": "4",
  "device_extra_info": "",
  "results": [
    {
      "kernel": "Xger",
      "time": 4.483,
      "parameters": {"PRECISION": 16,"WGS1": 4,"WGS2": 1,"WPT": 1}
    },
    {
      "kernel": "Xger",
      "time": 1.721,
      "parameters": {"PRECISION": 16,"WGS1": 4,"WGS2": 1,"WPT": 2}
    },
    {
      "kernel": "Xger",
      "time": 1.461,
      "parameters": {"PRECISION": 16,"WGS1": 4,"WGS2": 1,"WPT": 4}
    },
    {
      "kernel": "Xger",
      "time": 2.529,
      "parameters": {"PRECISION": 16,"WGS1": 4,"WGS2": 2,"WPT": 1}
    },
    {
      "kernel": "Xger",
      "time": 1.201,
      "parameters": {"PRECISION": 16,"WGS1": 4,"WGS2": 2,"WPT": 2}
    },
    {
      "kernel": "Xger",
      "time": 1.083,
      "parameters": {"PRECISION": 16,"WGS1": 4,"WGS2": 2,"WPT": 4}
    },
    {
      "kernel": "Xger",
      "time": 1.564,
      "parameters": {"PRECISION": 16,"WGS1": 4,"WGS2": 4,"WPT": 1}
    },
    {
      "kernel": "Xger",
      "time": 0.899,
      "parameters": {"PRECISION": 16,"WGS1": 4,"WGS2": 4,"WPT": 2}
    },
    {
      "kernel": "Xger",
      "time": 0.833,
      "parameters": {"PRECISION": 16,"WGS1": 4,"WGS2": 4,"WPT": 4}
    },
    {
      "kernel": "Xger",
      "time": 1.104,
      "parameters": {"PRECISION": 16,"WGS1": 4,"WGS2": 8,"WPT": 1}
    },
    {
      "kernel": "Xger",
      "time": 0.815,
      "parameters": {"PRECISION": 16,"WGS1": 4,"WGS2": 8,"WPT": 2}
    },
    {
      "kernel": "Xger",
      "time": 0.752,
      "parameters": {"PRECISION": 16,"WGS1": 4,"WGS2": 8,"WPT": 4}
    },
    {
      "kernel": "Xger",
      "time": 0.936,
      "parameters": {"PRECISION": 16,"WGS1": 4,"WGS2": 16,"WPT": 1}
    },
    {
      "kernel": "Xger",
      "time": 0.815,
      "parameters": {"PRECISION": 16,"WGS1": 4,"WGS2": 16,"WPT": 2}
    },
    {
      "kernel": "Xger",
      "time": 0.762,
      "parameters": {"PRECISION": 16,"WGS1": 4,"WGS2": 16,"WPT": 4}
    },
    {
      "kernel": "Xger",
      "time": 0.942,
      "parameters": {"PRECISION": 16,"WGS1": 4,"WGS2": 32,"WPT": 1}
    },
    {
      "kernel": "Xger",
      "time": 0.832,
      "parameters": {"PRECISION": 16,"WGS1": 4,"WGS2": 32,"WPT": 2}
    },
    {
      "kernel": "Xger",
      "time": 0.788,
      "parameters": {"PRECISION": 16,"WGS1": 4,"WGS2": 32,"WPT": 4}
    },
    {
      "kernel": "Xger",
      "time": 0.935,
      "parameters": {"PRECISION": 16,"WGS1": 4,"WGS2": 64,"WPT": 1}
    },
    {
      "kernel": "Xger",
      "time": 0.860,
      "parameters": {"PRECISION": 16,"WGS1": 4,"WGS2": 64,"WPT": 2}
    },
    {
      "kernel": "Xger",
      "time": 0.851,
      "parameters": {"PRECISION": 16,"WGS1": 4,"WGS2": 64,"WPT": 4}
    },
    {
      "kernel": "Xger",
      "time": 0.988,
      "parameters": {"PRECISION": 16,"WGS1": 4,"WGS2": 128,"WPT": 1}
    },
    {
      "kernel": "Xger",
      "time": 0.890,
      "parameters": {"PRECISION": 16,"WGS1": 4,"WGS2": 128,"WPT": 2}
    },
    {
      "kernel": "Xger",
      "time": 0.929,
      "parameters": {"PRECISION": 16,"WGS1": 4,"WGS2": 128,"WPT": 4}
    },
    {
      "kernel": "Xger",
      "time": 0.988,
      "parameters": {"PRECISION": 16,"WGS1": 4,"WGS2": 256,"WPT": 1}
    },
    {
      "kernel": "Xger",
      "time": 0.897,
      "parameters": {"PRECISION": 16,"WGS1": 4,"WGS2": 256,"WPT": 2}
    },
    {
      "kernel": "Xger",
      "time": 1.109,
      "parameters": {"PRECISION": 16,"WGS1": 4,"WGS2": 256,"WPT": 4}
    },
    {
      "kernel": "Xger",
      "time": 2.540,
      "parameters": {"PRECISION": 16,"WGS1": 8,"WGS2": 1,"WPT": 1}
    },
    {
      "kernel": "Xger",
      "time": 1.177,
      "parameters": {"PRECISION": 16,"WGS1": 8,"WGS2": 1,"WPT": 2}
    },
    {
      "kernel": "Xger",
      "time": 1.064,
      "parameters": {"PRECISION": 16,"WGS1": 8,"WGS2": 1,"WPT": 4}
    },
    {
      "kernel": "Xger",
      "time": 1.575,
      "parameters": {"PRECISION": 16,"WGS1": 8,"WGS2": 2,"WPT": 1}
    },
    {
      "kernel": "Xger",
      "time": 0.919,
      "parameters": {"PRECISION": 16,"WGS1": 8,"WGS2": 2,"WPT": 2}
    },
    {
      "kernel": "Xger",
      "time": 0.847,
      "parameters": {"PRECISION": 16,"WGS1": 8,"WGS2": 2,"WPT": 4}
    },
    {
      "kernel": "Xger",
      "time": 1.087,
      "parameters": {"PRECISION": 16,"WGS1": 8,"WGS2": 4,"WPT": 1}
    },
    {
      "kernel": "Xger",
      "time": 0.809,
      "parameters": {"PRECISION": 16,"WGS1": 8,"WGS2": 4,"WPT": 2}
    },
    {
      "kernel": "Xger",
      "time": 0.765,
      "parameters": {"PRECISION": 16,"WGS1": 8,"WGS2": 4,"WPT": 4}
    },
    {
      "kernel": "Xger",
      "time": 0.913,
      "parameters": {"PRECISION": 16,"WGS1": 8,"WGS2": 8,"WPT": 1}
    },
    {
      "kernel": "Xger",
      "time": 0.652,
      "parameters": {"PRECISION": 16,"WGS1": 8,"WGS2": 8,"WPT": 2}
    },
    {
      "kernel": "Xger",
      "time": 0.604,
      "parameters": {"PRECISION": 16,"WGS1": 8,"WGS2": 8,"WPT": 4}
    },
    {
      "kernel": "Xger",
      "time": 0.899,
      "parameters": {"PRECISION": 16,"WGS1": 8,"WGS2": 16,"WPT": 1}
    },
    {
      "kernel": "Xger",
      "time": 0.781,
      "parameters": {"PRECISION": 16,"WGS1": 8,"WGS2": 16,"WPT": 2}
    },
    {
      "kernel": "Xger",
      "time": 0.743,
      "parameters": {"PRECISION": 16,"WGS1": 8,"WGS2": 16,"WPT": 4}
    },
    {
      "kernel": "Xger",
      "time": 0.906,
      "parameters": {"PRECISION": 16,"WGS1": 8,"WGS2": 32,"WPT": 1}
    },
    {
      "kernel": "Xger",
      "time": 0.797,
      "parameters": {"PRECISION": 16,"WGS1": 8,"WGS2": 32,"WPT": 2}
    },
    {
      "kernel": "Xger",
      "time": 0.592,
      "parameters": {"PRECISION": 16,"WGS1": 8,"WGS2": 32,"WPT": 4}
    },
    {
      "kernel": "Xger",
      "time": 0.873,
      "parameters": {"PRECISION": 16,"WGS1": 8,"WGS2": 64,"WPT": 1}
    },
    {
      "kernel": "Xger",
      "time": 0.706,
      "parameters": {"PRECISION": 16,"WGS1": 8,"WGS2": 64,"WPT": 2}
    },
    {
      "kernel": "Xger",
      "time": 0.783,
      "parameters": {"PRECISION": 16,"WGS1": 8,"WGS2": 64,"WPT": 4}
    },
    {
      "kernel": "Xger",
      "time": 0.892,
      "parameters": {"PRECISION": 16,"WGS1": 8,"WGS2": 128,"WPT": 1}
    },
    {
      "kernel": "Xger",
      "time": 0.821,
      "parameters": {"PRECISION": 16,"WGS1": 8,"WGS2": 128,"WPT": 2}
    },
    {
      "kernel": "Xger",
      "time": 0.807,
      "parameters": {"PRECISION": 16,"WGS1": 8,"WGS2": 128,"WPT": 4}
    },
    {
      "kernel": "Xger",
      "time": 1.566,
      "parameters": {"PRECISION": 16,"WGS1": 16,"WGS2": 1,"WPT": 1}
    },
    {
      "kernel": "Xger",
      "time": 0.890,
      "parameters": {"PRECISION": 16,"WGS1": 16,"WGS2": 1,"WPT": 2}
    },
    {
      "kernel": "Xger",
      "time": 0.832,
      "parameters": {"PRECISION": 16,"WGS1": 16,"WGS2": 1,"WPT": 4}
    },
    {
      "kernel": "Xger",
      "time": 1.086,
      "parameters": {"PRECISION": 16,"WGS1": 16,"WGS2": 2,"WPT": 1}
    },
    {
      "kernel": "Xger",
      "time": 0.798,
      "parameters": {"PRECISION": 16,"WGS1": 16,"WGS2": 2,"WPT": 2}
    },
    {
      "kernel": "Xger",
      "time": 0.696,
      "parameters": {"PRECISION": 16,"WGS1": 16,"WGS2": 2,"WPT": 4}
    },
    {
      "kernel": "Xger",
      "time": 0.906,
      "parameters": {"PRECISION": 16,"WGS1": 16,"WGS2": 4,"WPT": 1}
    },
    {
      "kernel": "Xger",
      "time": 0.793,
      "parameters": {"PRECISION": 16,"WGS1": 16,"WGS2": 4,"WPT": 2}
    },
    {
      "kernel": "Xger",
      "time": 0.746,
      "parameters": {"PRECISION": 16,"WGS1": 16,"WGS2": 4,"WPT": 4}
    },
    {
      "kernel": "Xger",
      "time": 0.922,
      "parameters": {"PRECISION": 16,"WGS1": 16,"WGS2": 8,"WPT": 1}
    },
    {
      "kernel": "Xger",
      "time": 0.651,
      "parameters": {"PRECISION": 16,"WGS1": 16,"WGS2": 8,"WPT": 2}
    },
    {
      "kernel": "Xger",
      "time": 0.746,
      "parameters": {"PRECISION": 16,"WGS1": 16,"WGS2": 8,"WPT": 4}
    },
    {
      "kernel": "Xger",
      "time": 0.944,
      "parameters": {"PRECISION": 16,"WGS1": 16,"WGS2": 16,"WPT": 1}
    },
    {
      "kernel": "Xger",
      "time": 0.793,
      "parameters": {"PRECISION": 16,"WGS1": 16,"WGS2": 16,"WPT": 2}
    },
    {
      "kernel": "Xger",
      "time": 0.762,
      "parameters": {"PRECISION": 16,"WGS1": 16,"WGS2": 16,"WPT": 4}
    },
    {
      "kernel": "Xger",
      "time": 0.938,
      "parameters": {"PRECISION": 16,"WGS1": 16,"WGS2": 32,"WPT": 1}
    },
    {
      "kernel": "Xger",
      "time": 0.815,
      "parameters": {"PRECISION": 16,"WGS1": 16,"WGS2": 32,"WPT": 2}
    },
    {
      "kernel": "Xger",
      "time": 0.611,
      "parameters": {"PRECISION": 16,"WGS1": 16,"WGS2": 32,"WPT": 4}
    },
    {
      "kernel": "Xger",
      "time": 0.889,
      "parameters": {"PRECISION": 16,"WGS1": 16,"WGS2": 64,"WPT": 1}
    },
    {
      "kernel": "Xger",
      "time": 0.733,
      "parameters": {"PRECISION": 16,"WGS1": 16,"WGS2": 64,"WPT": 2}
    },
    {
      "kernel": "Xger",
      "time": 0.755,
      "parameters": {"PRECISION": 16,"WGS1": 16,"WGS2": 64,"WPT": 4}
    },
    {
      "kernel": "Xger",
      "time": 1.093,
      "parameters": {"PRECISION": 16,"WGS1": 32,"WGS2": 1,"WPT": 1}
    },
    {
      "kernel": "Xger",
      "time": 0.820,
      "parameters": {"PRECISION": 16,"WGS1": 32,"WGS2": 1,"WPT": 2}
    },
    {
      "kernel": "Xger",
      "time": 0.768,
      "parameters": {"PRECISION": 16,"WGS1": 32,"WGS2": 1,"WPT": 4}
    },
    {
      "kernel": "Xger",
      "time": 0.944,
      "parameters": {"PRECISION": 16,"WGS1": 32,"WGS2": 2,"WPT": 1}
    },
    {
      "kernel": "Xger",
      "time": 0.830,
      "parameters": {"PRECISION": 16,"WGS1": 32,"WGS2": 2,"WPT": 2}
    },
    {
      "kernel": "Xger",
      "time": 0.740,
      "parameters": {"PRECISION": 16,"WGS1": 32,"WGS2": 2,"WPT": 4}
    },
    {
      "kernel": "Xger",
      "time": 0.954,
      "parameters": {"PRECISION": 16,"WGS1": 32,"WGS2": 4,"WPT": 1}
    },
    {
      "kernel": "Xger",
      "time": 0.810,
      "parameters": {"PRECISION": 16,"WGS1": 32,"WGS2": 4,"WPT": 2}
    },
    {
      "kernel": "Xger",
      "time": 0.771,
      "parameters": {"PRECISION": 16,"WGS1": 32,"WGS2": 4,"WPT": 4}
    },
    {
      "kernel": "Xger",
      "time": 0.949,
      "parameters": {"PRECISION": 16,"WGS1": 32,"WGS2": 8,"WPT": 1}
    },
    {
      "kernel": "Xger",
      "time": 0.733,
      "parameters": {"PRECISION": 16,"WGS1": 32,"WGS2": 8,"WPT": 2}
    },
    {
      "kernel": "Xger",
      "time": 0.624,
      "parameters": {"PRECISION": 16,"WGS1": 32,"WGS2": 8,"WPT": 4}
    },
    {
      "kernel": "Xger",
      "time": 0.945,
      "parameters": {"PRECISION": 16,"WGS1": 32,"WGS2": 16,"WPT": 1}
    },
    {
      "kernel": "Xger",
      "time": 0.801,
      "parameters": {"PRECISION": 16,"WGS1": 32,"WGS2": 16,"WPT": 2}
    },
    {
      "kernel": "Xger",
      "time": 0.600,
      "parameters": {"PRECISION": 16,"WGS1": 32,"WGS2": 16,"WPT": 4}
    },
    {
      "kernel": "Xger",
      "time": 0.934,
      "parameters": {"PRECISION": 16,"WGS1": 32,"WGS2": 32,"WPT": 1}
    },
    {
      "kernel": "Xger",
      "time": 0.809,
      "parameters": {"PRECISION": 16,"WGS1": 32,"WGS2": 32,"WPT": 2}
    },
    {
      "kernel": "Xger",
      "time": 0.763,
      "parameters": {"PRECISION": 16,"WGS1": 32,"WGS2": 32,"WPT": 4}
    },
    {
      "kernel": "Xger",
      "time": 0.934,
      "parameters": {"PRECISION": 16,"WGS1": 64,"WGS2": 1,"WPT": 1}
    },
    {
      "kernel": "Xger",
      "time": 0.813,
      "parameters": {"PRECISION": 16,"WGS1": 64,"WGS2": 1,"WPT": 2}
    },
    {
      "kernel": "Xger",
      "time": 0.729,
      "parameters": {"PRECISION": 16,"WGS1": 64,"WGS2": 1,"WPT": 4}
    },
    {
      "kernel": "Xger",
      "time": 0.945,
      "parameters": {"PRECISION": 16,"WGS1": 64,"WGS2": 2,"WPT": 1}
    },
    {
      "kernel": "Xger",
      "time": 0.790,
      "parameters": {"PRECISION": 16,"WGS1": 64,"WGS2": 2,"WPT": 2}
    },
    {
      "kernel": "Xger",
      "time": 0.749,
      "parameters": {"PRECISION": 16,"WGS1": 64,"WGS2": 2,"WPT": 4}
    },
    {
      "kernel": "Xger",
      "time": 0.941,
      "parameters": {"PRECISION": 16,"WGS1": 64,"WGS2": 4,"WPT": 1}
    },
    {
      "kernel": "Xger",
      "time": 0.802,
      "parameters": {"PRECISION": 16,"WGS1": 64,"WGS2": 4,"WPT": 2}
    },
    {
      "kernel": "Xger",
      "time": 0.747,
      "parameters": {"PRECISION": 16,"WGS1": 64,"WGS2": 4,"WPT": 4}
    },
    {
      "kernel": "Xger",
      "time": 0.952,
      "parameters": {"PRECISION": 16,"WGS1": 64,"WGS2": 8,"WPT": 1}
    },
    {
      "kernel": "Xger",
      "time": 0.801,
      "parameters": {"PRECISION": 16,"WGS1": 64,"WGS2": 8,"WPT": 2}
    },
    {
      "kernel": "Xger",
      "time": 0.562,
      "parameters": {"PRECISION": 16,"WGS1": 64,"WGS2": 8,"WPT": 4}
    },
    {
      "kernel": "Xger",
      "time": 0.949,
      "parameters": {"PRECISION": 16,"WGS1": 64,"WGS2": 16,"WPT": 1}
    },
    {
      "kernel": "Xger",
      "time": 0.784,
      "parameters": {"PRECISION": 16,"WGS1": 64,"WGS2": 16,"WPT": 2}
    },
    {
      "kernel": "Xger",
      "time": 0.764,
      "parameters": {"PRECISION": 16,"WGS1": 64,"WGS2": 16,"WPT": 4}
    },
    {
      "kernel": "Xger",
      "time": 0.951,
      "parameters": {"PRECISION": 16,"WGS1": 128,"WGS2": 1,"WPT": 1}
    },
    {
      "kernel": "Xger",
      "time": 0.796,
      "parameters": {"PRECISION": 16,"WGS1": 128,"WGS2": 1,"WPT": 2}
    },
    {
      "kernel": "Xger",
      "time": 0.745,
      "parameters": {"PRECISION": 16,"WGS1": 128,"WGS2": 1,"WPT": 4}
    },
    {
      "kernel": "Xger",
      "time": 0.961,
      "parameters": {"PRECISION": 16,"WGS1": 128,"WGS2": 2,"WPT": 1}
    },
    {
      "kernel": "Xger",
      "time": 0.791,
      "parameters": {"PRECISION": 16,"WGS1": 128,"WGS2": 2,"WPT": 2}
    },
    {
      "kernel": "Xger",
      "time": 0.741,
      "parameters": {"PRECISION": 16,"WGS1": 128,"WGS2": 2,"WPT": 4}
    },
    {
      "kernel": "Xger",
      "time": 0.940,
      "parameters": {"PRECISION": 16,"WGS1": 128,"WGS2": 4,"WPT": 1}
    },
    {
      "kernel": "Xger",
      "time": 0.672,
      "parameters": {"PRECISION": 16,"WGS1": 128,"WGS2": 4,"WPT": 2}
    },
    {
      "kernel": "Xger",
      "time": 0.744,
      "parameters": {"PRECISION": 16,"WGS1": 128,"WGS2": 4,"WPT": 4}
    },
    {
      "kernel": "Xger",
      "time": 0.938,
      "parameters": {"PRECISION": 16,"WGS1": 128,"WGS2": 8,"WPT": 1}
    },
    {
      "kernel": "Xger",
      "time": 0.794,
      "parameters": {"PRECISION": 16,"WGS1": 128,"WGS2": 8,"WPT": 2}
    },
    {
      "kernel": "Xger",
      "time": 0.736,
      "parameters": {"PRECISION": 16,"WGS1": 128,"WGS2": 8,"WPT": 4}
    },
    {
      "kernel": "Xger",
      "time": 0.939,
      "parameters": {"PRECISION": 16,"WGS1": 256,"WGS2": 1,"WPT": 1}
    },
    {
      "kernel": "Xger",
      "time": 0.795,
      "parameters": {"PRECISION": 16,"WGS1": 256,"WGS2": 1,"WPT": 2}
    },
    {
      "kernel": "Xger",
      "time": 0.602,
      "parameters": {"PRECISION": 16,"WGS1": 256,"WGS2": 1,"WPT": 4}
    },
    {
      "kernel": "Xger",
      "time": 0.983,
      "parameters": {"PRECISION": 16,"WGS1": 256,"WGS2": 2,"WPT": 1}
    },
    {
      "kernel": "Xger",
      "time": 0.793,
      "parameters": {"PRECISION": 16,"WGS1": 256,"WGS2": 2,"WPT": 2}
    },
    {
      "kernel": "Xger",
      "time": 0.757,
      "parameters": {"PRECISION": 16,"WGS1": 256,"WGS2": 2,"WPT": 4}
    },
    {
      "kernel": "Xger",
      "time": 0.942,
      "parameters": {"PRECISION": 16,"WGS1": 256,"WGS2": 4,"WPT": 1}
    },
    {
      "kernel": "Xger",
      "time": 0.795,
      "parameters": {"PRECISION": 16,"WGS1": 256,"WGS2": 4,"WPT": 2}
    },
    {
      "kernel": "Xger",
      "time": 0.735,
      "parameters": {"PRECISION": 16,"WGS1": 256,"WGS2": 4,"WPT": 4}
    },
    {
      "kernel": "Xger",
      "time": 0.950,
      "parameters": {"PRECISION": 16,"WGS1": 512,"WGS2": 1,"WPT": 1}
    },
    {
      "kernel": "Xger",
      "time": 0.595,
      "parameters": {"PRECISION": 16,"WGS1": 512,"WGS2": 1,"WPT": 2}
    },
    {
      "kernel": "Xger",
      "time": 0.776,
      "parameters": {"PRECISION": 16,"WGS1": 512,"WGS2": 1,"WPT": 4}
    },
    {
      "kernel": "Xger",
      "time": 0.967,
      "parameters": {"PRECISION": 16,"WGS1": 512,"WGS2": 2,"WPT": 1}
    },
    {
      "kernel": "Xger",
      "time": 0.796,
      "parameters": {"PRECISION": 16,"WGS1": 512,"WGS2": 2,"WPT": 2}
    },
    {
      "kernel": "Xger",
      "time": 0.801,
      "parameters": {"PRECISION": 16,"WGS1": 512,"WGS2": 2,"WPT": 4}
    }
  ]
}
