{
  "kernel_family": "xgemv",
  "precision": "32",
  "best_kernel": "Xgemv",
  "best_time": "1.00",
  "best_parameters": "PRECISION=32 WGS1=128 WPT1=1",
  "arg_m": "2048",
  "arg_n": "2048",
  "arg_alpha": "2.00",
  "arg_beta": "2.00",
  "clblast_device_type": "GPU",
  "clblast_device_vendor": "QUALCOMM",
  "clblast_device_architecture": "OpenCL C 3.0 Adreno(TM) 730",
  "clblast_device_name": "QUALCOMM Adreno(TM)",
  "device": "QUALCOMM Adreno(TM)",
  "platform_vendor": "QUALCOMM",
  "platform_version": "OpenCL 3.0 QUALCOMM build: commit #2addc0741b changeid #I701168ee75 Date: 01/12/22 Wed Local Branch:  Remote Branch: ",
  "device_vendor": "QUALCOMM",
  "device_type": "GPU",
  "device_core_clock": "1",
  "device_compute_units": "4",
  "device_extra_info": "",
  "results": [
    {
      "kernel": "Xgemv",
      "time": 1.051,
      "parameters": {"PRECISION": 32,"WGS1": 32,"WPT1": 1}
    },
    {
      "kernel": "Xgemv",
      "time": 1.136,
      "parameters": {"PRECISION": 32,"WGS1": 32,"WPT1": 2}
    },
    {
      "kernel": "Xgemv",
      "time": 1.258,
      "parameters": {"PRECISION": 32,"WGS1": 32,"WPT1": 4}
    },
    {
      "kernel": "Xgemv",
      "time": 1.017,
      "parameters": {"PRECISION": 32,"WGS1": 64,"WPT1": 1}
    },
    {
      "kernel": "Xgemv",
      "time": 1.259,
      "parameters": {"PRECISION": 32,"WGS1": 64,"WPT1": 2}
    },
    {
      "kernel": "Xgemv",
      "time": 1.612,
      "parameters": {"PRECISION": 32,"WGS1": 64,"WPT1": 4}
    },
    {
      "kernel": "Xgemv",
      "time": 1.001,
      "parameters": {"PRECISION": 32,"WGS1": 128,"WPT1": 1}
    },
    {
      "kernel": "Xgemv",
      "time": 1.315,
      "parameters": {"PRECISION": 32,"WGS1": 128,"WPT1": 2}
    },
    {
      "kernel": "Xgemv",
      "time": 1.487,
      "parameters": {"PRECISION": 32,"WGS1": 128,"WPT1": 4}
    },
    {
      "kernel": "Xgemv",
      "time": 1.102,
      "parameters": {"PRECISION": 32,"WGS1": 256,"WPT1": 1}
    },
    {
      "kernel": "Xgemv",
      "time": 1.283,
      "parameters": {"PRECISION": 32,"WGS1": 256,"WPT1": 2}
    },
    {
      "kernel": "Xgemv",
      "time": 1.792,
      "parameters": {"PRECISION": 32,"WGS1": 256,"WPT1": 4}
    }
  ]
}
