{
  "kernel_family": "pad",
  "precision": "32",
  "best_kernel": "CopyPadMatrix",
  "best_time": "0.64",
  "best_parameters": "PAD_DIMX=32 PAD_DIMY=16 PAD_WPTX=4 PAD_WPTY=1 PRECISION=32",
  "arg_m": "1024",
  "arg_n": "1024",
  "arg_alpha": "2.00",
  "clblast_device_type": "GPU",
  "clblast_device_vendor": "QUALCOMM",
  "clblast_device_architecture": "OpenCL C 3.0 Adreno(TM) 730",
  "clblast_device_name": "QUALCOMM Adreno(TM)",
  "device": "QUALCOMM Adreno(TM)",
  "platform_vendor": "QUALCOMM",
  "platform_version": "OpenCL 3.0 QUALCOMM build: commit #2addc0741b changeid #I701168ee75 Date: 01/12/22 Wed Local Branch:  Remote Branch: ",
  "device_vendor": "QUALCOMM",
  "device_type": "GPU",
  "device_core_clock": "1",
  "device_compute_units": "4",
  "device_extra_info": "",
  "results": [
    {
      "kernel": "CopyPadMatrix",
      "time": 0.865,
      "parameters": {"PAD_DIMX": 8,"PAD_DIMY": 8,"PAD_WPTX": 1,"PAD_WPTY": 1,"PRECISION": 32}
    },
    {
      "kernel": "CopyPadMatrix",
      "time": 0.861,
      "parameters": {"PAD_DIMX": 8,"PAD_DIMY": 8,"PAD_WPTX": 1,"PAD_WPTY": 2,"PRECISION": 32}
    },
    {
      "kernel": "CopyPadMatrix",
      "time": 0.831,
      "parameters": {"PAD_DIMX": 8,"PAD_DIMY": 8,"PAD_WPTX": 1,"PAD_WPTY": 4,"PRECISION": 32}
    },
    {
      "kernel": "CopyPadMatrix",
      "time": 0.843,
      "parameters": {"PAD_DIMX": 8,"PAD_DIMY": 8,"PAD_WPTX": 2,"PAD_WPTY": 1,"PRECISION": 32}
    },
    {
      "kernel": "CopyPadMatrix",
      "time": 0.649,
      "parameters": {"PAD_DIMX": 8,"PAD_DIMY": 8,"PAD_WPTX": 2,"PAD_WPTY": 2,"PRECISION": 32}
    },
    {
      "kernel": "CopyPadMatrix",
      "time": 0.996,
      "parameters": {"PAD_DIMX": 8,"PAD_DIMY": 8,"PAD_WPTX": 2,"PAD_WPTY": 4,"PRECISION": 32}
    },
    {
      "kernel": "CopyPadMatrix",
      "time": 0.806,
      "parameters": {"PAD_DIMX": 8,"PAD_DIMY": 8,"PAD_WPTX": 4,"PAD_WPTY": 1,"PRECISION": 32}
    },
    {
      "kernel": "CopyPadMatrix",
      "time": 0.842,
      "parameters": {"PAD_DIMX": 8,"PAD_DIMY": 8,"PAD_WPTX": 4,"PAD_WPTY": 2,"PRECISION": 32}
    },
    {
      "kernel": "CopyPadMatrix",
      "time": 1.055,
      "parameters": {"PAD_DIMX": 8,"PAD_DIMY": 8,"PAD_WPTX": 4,"PAD_WPTY": 4,"PRECISION": 32}
    },
    {
      "kernel": "CopyPadMatrix",
      "time": 0.845,
      "parameters": {"PAD_DIMX": 8,"PAD_DIMY": 16,"PAD_WPTX": 1,"PAD_WPTY": 1,"PRECISION": 32}
    },
    {
      "kernel": "CopyPadMatrix",
      "time": 0.816,
      "parameters": {"PAD_DIMX": 8,"PAD_DIMY": 16,"PAD_WPTX": 1,"PAD_WPTY": 2,"PRECISION": 32}
    },
    {
      "kernel": "CopyPadMatrix",
      "time": 0.806,
      "parameters": {"PAD_DIMX": 8,"PAD_DIMY": 16,"PAD_WPTX": 1,"PAD_WPTY": 4,"PRECISION": 32}
    },
    {
      "kernel": "CopyPadMatrix",
      "time": 0.799,
      "parameters": {"PAD_DIMX": 8,"PAD_DIMY": 16,"PAD_WPTX": 2,"PAD_WPTY": 1,"PRECISION": 32}
    },
    {
      "kernel": "CopyPadMatrix",
      "time": 0.882,
      "parameters": {"PAD_DIMX": 8,"PAD_DIMY": 16,"PAD_WPTX": 2,"PAD_WPTY": 2,"PRECISION": 32}
    },
    {
      "kernel": "CopyPadMatrix",
      "time": 1.023,
      "parameters": {"PAD_DIMX": 8,"PAD_DIMY": 16,"PAD_WPTX": 2,"PAD_WPTY": 4,"PRECISION": 32}
    },
    {
      "kernel": "CopyPadMatrix",
      "time": 0.822,
      "parameters": {"PAD_DIMX": 8,"PAD_DIMY": 16,"PAD_WPTX": 4,"PAD_WPTY": 1,"PRECISION": 32}
    },
    {
      "kernel": "CopyPadMatrix",
      "time": 0.895,
      "parameters": {"PAD_DIMX": 8,"PAD_DIMY": 16,"PAD_WPTX": 4,"PAD_WPTY": 2,"PRECISION": 32}
    },
    {
      "kernel": "CopyPadMatrix",
      "time": 1.052,
      "parameters": {"PAD_DIMX": 8,"PAD_DIMY": 16,"PAD_WPTX": 4,"PAD_WPTY": 4,"PRECISION": 32}
    },
    {
      "kernel": "CopyPadMatrix",
      "time": 0.827,
      "parameters": {"PAD_DIMX": 8,"PAD_DIMY": 32,"PAD_WPTX": 1,"PAD_WPTY": 1,"PRECISION": 32}
    },
    {
      "kernel": "CopyPadMatrix",
      "time": 0.817,
      "parameters": {"PAD_DIMX": 8,"PAD_DIMY": 32,"PAD_WPTX": 1,"PAD_WPTY": 2,"PRECISION": 32}
    },
    {
      "kernel": "CopyPadMatrix",
      "time": 0.845,
      "parameters": {"PAD_DIMX": 8,"PAD_DIMY": 32,"PAD_WPTX": 1,"PAD_WPTY": 4,"PRECISION": 32}
    },
    {
      "kernel": "CopyPadMatrix",
      "time": 0.809,
      "parameters": {"PAD_DIMX": 8,"PAD_DIMY": 32,"PAD_WPTX": 2,"PAD_WPTY": 1,"PRECISION": 32}
    },
    {
      "kernel": "CopyPadMatrix",
      "time": 0.906,
      "parameters": {"PAD_DIMX": 8,"PAD_DIMY": 32,"PAD_WPTX": 2,"PAD_WPTY": 2,"PRECISION": 32}
    },
    {
      "kernel": "CopyPadMatrix",
      "time": 1.074,
      "parameters": {"PAD_DIMX": 8,"PAD_DIMY": 32,"PAD_WPTX": 2,"PAD_WPTY": 4,"PRECISION": 32}
    },
    {
      "kernel": "CopyPadMatrix",
      "time": 0.841,
      "parameters": {"PAD_DIMX": 8,"PAD_DIMY": 32,"PAD_WPTX": 4,"PAD_WPTY": 1,"PRECISION": 32}
    },
    {
      "kernel": "CopyPadMatrix",
      "time": 0.927,
      "parameters": {"PAD_DIMX": 8,"PAD_DIMY": 32,"PAD_WPTX": 4,"PAD_WPTY": 2,"PRECISION": 32}
    },
    {
      "kernel": "CopyPadMatrix",
      "time": 1.074,
      "parameters": {"PAD_DIMX": 8,"PAD_DIMY": 32,"PAD_WPTX": 4,"PAD_WPTY": 4,"PRECISION": 32}
    },
    {
      "kernel": "CopyPadMatrix",
      "time": 0.827,
      "parameters": {"PAD_DIMX": 16,"PAD_DIMY": 8,"PAD_WPTX": 1,"PAD_WPTY": 1,"PRECISION": 32}
    },
    {
      "kernel": "CopyPadMatrix",
      "time": 0.835,
      "parameters": {"PAD_DIMX": 16,"PAD_DIMY": 8,"PAD_WPTX": 1,"PAD_WPTY": 2,"PRECISION": 32}
    },
    {
      "kernel": "CopyPadMatrix",
      "time": 0.826,
      "parameters": {"PAD_DIMX": 16,"PAD_DIMY": 8,"PAD_WPTX": 1,"PAD_WPTY": 4,"PRECISION": 32}
    },
    {
      "kernel": "CopyPadMatrix",
      "time": 0.824,
      "parameters": {"PAD_DIMX": 16,"PAD_DIMY": 8,"PAD_WPTX": 2,"PAD_WPTY": 1,"PRECISION": 32}
    },
    {
      "kernel": "CopyPadMatrix",
      "time": 0.825,
      "parameters": {"PAD_DIMX": 16,"PAD_DIMY": 8,"PAD_WPTX": 2,"PAD_WPTY": 2,"PRECISION": 32}
    },
    {
      "kernel": "CopyPadMatrix",
      "time": 0.832,
      "parameters": {"PAD_DIMX": 16,"PAD_DIMY": 8,"PAD_WPTX": 2,"PAD_WPTY": 4,"PRECISION": 32}
    },
    {
      "kernel": "CopyPadMatrix",
      "time": 0.831,
      "parameters": {"PAD_DIMX": 16,"PAD_DIMY": 8,"PAD_WPTX": 4,"PAD_WPTY": 1,"PRECISION": 32}
    },
    {
      "kernel": "CopyPadMatrix",
      "time": 0.827,
      "parameters": {"PAD_DIMX": 16,"PAD_DIMY": 8,"PAD_WPTX": 4,"PAD_WPTY": 2,"PRECISION": 32}
    },
    {
      "kernel": "CopyPadMatrix",
      "time": 0.823,
      "parameters": {"PAD_DIMX": 16,"PAD_DIMY": 8,"PAD_WPTX": 4,"PAD_WPTY": 4,"PRECISION": 32}
    },
    {
      "kernel": "CopyPadMatrix",
      "time": 0.811,
      "parameters": {"PAD_DIMX": 16,"PAD_DIMY": 16,"PAD_WPTX": 1,"PAD_WPTY": 1,"PRECISION": 32}
    },
    {
      "kernel": "CopyPadMatrix",
      "time": 0.812,
      "parameters": {"PAD_DIMX": 16,"PAD_DIMY": 16,"PAD_WPTX": 1,"PAD_WPTY": 2,"PRECISION": 32}
    },
    {
      "kernel": "CopyPadMatrix",
      "time": 0.821,
      "parameters": {"PAD_DIMX": 16,"PAD_DIMY": 16,"PAD_WPTX": 1,"PAD_WPTY": 4,"PRECISION": 32}
    },
    {
      "kernel": "CopyPadMatrix",
      "time": 0.666,
      "parameters": {"PAD_DIMX": 16,"PAD_DIMY": 16,"PAD_WPTX": 2,"PAD_WPTY": 1,"PRECISION": 32}
    },
    {
      "kernel": "CopyPadMatrix",
      "time": 0.643,
      "parameters": {"PAD_DIMX": 16,"PAD_DIMY": 16,"PAD_WPTX": 2,"PAD_WPTY": 2,"PRECISION": 32}
    },
    {
      "kernel": "CopyPadMatrix",
      "time": 0.821,
      "parameters": {"PAD_DIMX": 16,"PAD_DIMY": 16,"PAD_WPTX": 2,"PAD_WPTY": 4,"PRECISION": 32}
    },
    {
      "kernel": "CopyPadMatrix",
      "time": 0.805,
      "parameters": {"PAD_DIMX": 16,"PAD_DIMY": 16,"PAD_WPTX": 4,"PAD_WPTY": 1,"PRECISION": 32}
    },
    {
      "kernel": "CopyPadMatrix",
      "time": 0.812,
      "parameters": {"PAD_DIMX": 16,"PAD_DIMY": 16,"PAD_WPTX": 4,"PAD_WPTY": 2,"PRECISION": 32}
    },
    {
      "kernel": "CopyPadMatrix",
      "time": 0.828,
      "parameters": {"PAD_DIMX": 16,"PAD_DIMY": 16,"PAD_WPTX": 4,"PAD_WPTY": 4,"PRECISION": 32}
    },
    {
      "kernel": "CopyPadMatrix",
      "time": 0.804,
      "parameters": {"PAD_DIMX": 16,"PAD_DIMY": 32,"PAD_WPTX": 1,"PAD_WPTY": 1,"PRECISION": 32}
    },
    {
      "kernel": "CopyPadMatrix",
      "time": 0.811,
      "parameters": {"PAD_DIMX": 16,"PAD_DIMY": 32,"PAD_WPTX": 1,"PAD_WPTY": 2,"PRECISION": 32}
    },
    {
      "kernel": "CopyPadMatrix",
      "time": 0.814,
      "parameters": {"PAD_DIMX": 16,"PAD_DIMY": 32,"PAD_WPTX": 1,"PAD_WPTY": 4,"PRECISION": 32}
    },
    {
      "kernel": "CopyPadMatrix",
      "time": 0.822,
      "parameters": {"PAD_DIMX": 16,"PAD_DIMY": 32,"PAD_WPTX": 2,"PAD_WPTY": 1,"PRECISION": 32}
    },
    {
      "kernel": "CopyPadMatrix",
      "time": 0.807,
      "parameters": {"PAD_DIMX": 16,"PAD_DIMY": 32,"PAD_WPTX": 2,"PAD_WPTY": 2,"PRECISION": 32}
    },
    {
      "kernel": "CopyPadMatrix",
      "time": 0.830,
      "parameters": {"PAD_DIMX": 16,"PAD_DIMY": 32,"PAD_WPTX": 2,"PAD_WPTY": 4,"PRECISION": 32}
    },
    {
      "kernel": "CopyPadMatrix",
      "time": 0.683,
      "parameters": {"PAD_DIMX": 16,"PAD_DIMY": 32,"PAD_WPTX": 4,"PAD_WPTY": 1,"PRECISION": 32}
    },
    {
      "kernel": "CopyPadMatrix",
      "time": 0.818,
      "parameters": {"PAD_DIMX": 16,"PAD_DIMY": 32,"PAD_WPTX": 4,"PAD_WPTY": 2,"PRECISION": 32}
    },
    {
      "kernel": "CopyPadMatrix",
      "time": 0.839,
      "parameters": {"PAD_DIMX": 16,"PAD_DIMY": 32,"PAD_WPTX": 4,"PAD_WPTY": 4,"PRECISION": 32}
    },
    {
      "kernel": "CopyPadMatrix",
      "time": 0.767,
      "parameters": {"PAD_DIMX": 32,"PAD_DIMY": 8,"PAD_WPTX": 1,"PAD_WPTY": 1,"PRECISION": 32}
    },
    {
      "kernel": "CopyPadMatrix",
      "time": 0.817,
      "parameters": {"PAD_DIMX": 32,"PAD_DIMY": 8,"PAD_WPTX": 1,"PAD_WPTY": 2,"PRECISION": 32}
    },
    {
      "kernel": "CopyPadMatrix",
      "time": 0.730,
      "parameters": {"PAD_DIMX": 32,"PAD_DIMY": 8,"PAD_WPTX": 1,"PAD_WPTY": 4,"PRECISION": 32}
    },
    {
      "kernel": "CopyPadMatrix",
      "time": 0.808,
      "parameters": {"PAD_DIMX": 32,"PAD_DIMY": 8,"PAD_WPTX": 2,"PAD_WPTY": 1,"PRECISION": 32}
    },
    {
      "kernel": "CopyPadMatrix",
      "time": 0.814,
      "parameters": {"PAD_DIMX": 32,"PAD_DIMY": 8,"PAD_WPTX": 2,"PAD_WPTY": 2,"PRECISION": 32}
    },
    {
      "kernel": "CopyPadMatrix",
      "time": 0.813,
      "parameters": {"PAD_DIMX": 32,"PAD_DIMY": 8,"PAD_WPTX": 2,"PAD_WPTY": 4,"PRECISION": 32}
    },
    {
      "kernel": "CopyPadMatrix",
      "time": 0.820,
      "parameters": {"PAD_DIMX": 32,"PAD_DIMY": 8,"PAD_WPTX": 4,"PAD_WPTY": 1,"PRECISION": 32}
    },
    {
      "kernel": "CopyPadMatrix",
      "time": 0.831,
      "parameters": {"PAD_DIMX": 32,"PAD_DIMY": 8,"PAD_WPTX": 4,"PAD_WPTY": 2,"PRECISION": 32}
    },
    {
      "kernel": "CopyPadMatrix",
      "time": 0.836,
      "parameters": {"PAD_DIMX": 32,"PAD_DIMY": 8,"PAD_WPTX": 4,"PAD_WPTY": 4,"PRECISION": 32}
    },
    {
      "kernel": "CopyPadMatrix",
      "time": 0.820,
      "parameters": {"PAD_DIMX": 32,"PAD_DIMY": 16,"PAD_WPTX": 1,"PAD_WPTY": 1,"PRECISION": 32}
    },
    {
      "kernel": "CopyPadMatrix",
      "time": 0.690,
      "parameters": {"PAD_DIMX": 32,"PAD_DIMY": 16,"PAD_WPTX": 1,"PAD_WPTY": 2,"PRECISION": 32}
    },
    {
      "kernel": "CopyPadMatrix",
      "time": 0.815,
      "parameters": {"PAD_DIMX": 32,"PAD_DIMY": 16,"PAD_WPTX": 1,"PAD_WPTY": 4,"PRECISION": 32}
    },
    {
      "kernel": "CopyPadMatrix",
      "time": 0.842,
      "parameters": {"PAD_DIMX": 32,"PAD_DIMY": 16,"PAD_WPTX": 2,"PAD_WPTY": 1,"PRECISION": 32}
    },
    {
      "kernel": "CopyPadMatrix",
      "time": 0.819,
      "parameters": {"PAD_DIMX": 32,"PAD_DIMY": 16,"PAD_WPTX": 2,"PAD_WPTY": 2,"PRECISION": 32}
    },
    {
      "kernel": "CopyPadMatrix",
      "time": 0.825,
      "parameters": {"PAD_DIMX": 32,"PAD_DIMY": 16,"PAD_WPTX": 2,"PAD_WPTY": 4,"PRECISION": 32}
    },
    {
      "kernel": "CopyPadMatrix",
      "time": 0.641,
      "parameters": {"PAD_DIMX": 32,"PAD_DIMY": 16,"PAD_WPTX": 4,"PAD_WPTY": 1,"PRECISION": 32}
    },
    {
      "kernel": "CopyPadMatrix",
      "time": 0.829,
      "parameters": {"PAD_DIMX": 32,"PAD_DIMY": 16,"PAD_WPTX": 4,"PAD_WPTY": 2,"PRECISION": 32}
    },
    {
      "kernel": "CopyPadMatrix",
      "time": 0.857,
      "parameters": {"PAD_DIMX": 32,"PAD_DIMY": 16,"PAD_WPTX": 4,"PAD_WPTY": 4,"PRECISION": 32}
    },
    {
      "kernel": "CopyPadMatrix",
      "time": 0.831,
      "parameters": {"PAD_DIMX": 32,"PAD_DIMY": 32,"PAD_WPTX": 1,"PAD_WPTY": 1,"PRECISION": 32}
    },
    {
      "kernel": "CopyPadMatrix",
      "time": 0.851,
      "parameters": {"PAD_DIMX": 32,"PAD_DIMY": 32,"PAD_WPTX": 1,"PAD_WPTY": 2,"PRECISION": 32}
    },
    {
      "kernel": "CopyPadMatrix",
      "time": 0.825,
      "parameters": {"PAD_DIMX": 32,"PAD_DIMY": 32,"PAD_WPTX": 1,"PAD_WPTY": 4,"PRECISION": 32}
    },
    {
      "kernel": "CopyPadMatrix",
      "time": 0.859,
      "parameters": {"PAD_DIMX": 32,"PAD_DIMY": 32,"PAD_WPTX": 2,"PAD_WPTY": 1,"PRECISION": 32}
    },
    {
      "kernel": "CopyPadMatrix",
      "time": 0.840,
      "parameters": {"PAD_DIMX": 32,"PAD_DIMY": 32,"PAD_WPTX": 2,"PAD_WPTY": 2,"PRECISION": 32}
    },
    {
      "kernel": "CopyPadMatrix",
      "time": 0.823,
      "parameters": {"PAD_DIMX": 32,"PAD_DIMY": 32,"PAD_WPTX": 2,"PAD_WPTY": 4,"PRECISION": 32}
    },
    {
      "kernel": "CopyPadMatrix",
      "time": 0.822,
      "parameters": {"PAD_DIMX": 32,"PAD_DIMY": 32,"PAD_WPTX": 4,"PAD_WPTY": 1,"PRECISION": 32}
    },
    {
      "kernel": "CopyPadMatrix",
      "time": 0.832,
      "parameters": {"PAD_DIMX": 32,"PAD_DIMY": 32,"PAD_WPTX": 4,"PAD_WPTY": 2,"PRECISION": 32}
    },
    {
      "kernel": "CopyPadMatrix",
      "time": 0.665,
      "parameters": {"PAD_DIMX": 32,"PAD_DIMY": 32,"PAD_WPTX": 4,"PAD_WPTY": 4,"PRECISION": 32}
    }
  ]
}
