{
  "kernel_family": "gemm_routine",
  "precision": "32",
  "arg_from": "64",
  "arg_to": "2048",
  "arg_step": "64",
  "best_kernel": "gemm_kernel_selection",
  "best_time": "0.03",
  "best_parameters": "XGEMM_MIN_INDIRECT_SIZE=256",
  "clblast_device_type": "GPU",
  "clblast_device_vendor": "QUALCOMM",
  "clblast_device_architecture": "OpenCL C 3.0 Adreno(TM) 730",
  "clblast_device_name": "QUALCOMM Adreno(TM)",
  "device": "QUALCOMM Adreno(TM)",
  "platform_vendor": "QUALCOMM",
  "platform_version": "OpenCL 3.0 QUALCOMM build: commit #2addc0741b changeid #I701168ee75 Date: 01/12/22 Wed Local Branch:  Remote Branch: ",
  "device_vendor": "QUALCOMM",
  "device_type": "GPU",
  "device_core_clock": "1",
  "device_compute_units": "4",
  "device_extra_info": "",
  "results": [
    {
      "kernel": "gemm_kernel_selection",
      "time": 0.475,
      "parameters": {"PRECISION": 32,"XGEMM_MIN_INDIRECT_SIZE": 64}
    },
    {
      "kernel": "gemm_kernel_selection",
      "time": 0.141,
      "parameters": {"PRECISION": 32,"XGEMM_MIN_INDIRECT_SIZE": 128}
    },
    {
      "kernel": "gemm_kernel_selection",
      "time": 0.029,
      "parameters": {"PRECISION": 32,"XGEMM_MIN_INDIRECT_SIZE": 192}
    },
    {
      "kernel": "gemm_kernel_selection",
      "time": 0.028,
      "parameters": {"PRECISION": 32,"XGEMM_MIN_INDIRECT_SIZE": 256}
    },
    {
      "kernel": "gemm_kernel_selection",
      "time": 0.138,
      "parameters": {"PRECISION": 32,"XGEMM_MIN_INDIRECT_SIZE": 320}
    },
    {
      "kernel": "gemm_kernel_selection",
      "time": 0.470,
      "parameters": {"PRECISION": 32,"XGEMM_MIN_INDIRECT_SIZE": 384}
    },
    {
      "kernel": "gemm_kernel_selection",
      "time": 1.025,
      "parameters": {"PRECISION": 32,"XGEMM_MIN_INDIRECT_SIZE": 448}
    },
    {
      "kernel": "gemm_kernel_selection",
      "time": 1.802,
      "parameters": {"PRECISION": 32,"XGEMM_MIN_INDIRECT_SIZE": 512}
    },
    {
      "kernel": "gemm_kernel_selection",
      "time": 2.801,
      "parameters": {"PRECISION": 32,"XGEMM_MIN_INDIRECT_SIZE": 576}
    },
    {
      "kernel": "gemm_kernel_selection",
      "time": 4.022,
      "parameters": {"PRECISION": 32,"XGEMM_MIN_INDIRECT_SIZE": 640}
    },
    {
      "kernel": "gemm_kernel_selection",
      "time": 5.465,
      "parameters": {"PRECISION": 32,"XGEMM_MIN_INDIRECT_SIZE": 704}
    },
    {
      "kernel": "gemm_kernel_selection",
      "time": 7.131,
      "parameters": {"PRECISION": 32,"XGEMM_MIN_INDIRECT_SIZE": 768}
    },
    {
      "kernel": "gemm_kernel_selection",
      "time": 9.019,
      "parameters": {"PRECISION": 32,"XGEMM_MIN_INDIRECT_SIZE": 832}
    },
    {
      "kernel": "gemm_kernel_selection",
      "time": 11.129,
      "parameters": {"PRECISION": 32,"XGEMM_MIN_INDIRECT_SIZE": 896}
    },
    {
      "kernel": "gemm_kernel_selection",
      "time": 13.461,
      "parameters": {"PRECISION": 32,"XGEMM_MIN_INDIRECT_SIZE": 960}
    },
    {
      "kernel": "gemm_kernel_selection",
      "time": 16.016,
      "parameters": {"PRECISION": 32,"XGEMM_MIN_INDIRECT_SIZE": 1024}
    },
    {
      "kernel": "gemm_kernel_selection",
      "time": 18.793,
      "parameters": {"PRECISION": 32,"XGEMM_MIN_INDIRECT_SIZE": 1088}
    },
    {
      "kernel": "gemm_kernel_selection",
      "time": 21.792,
      "parameters": {"PRECISION": 32,"XGEMM_MIN_INDIRECT_SIZE": 1152}
    },
    {
      "kernel": "gemm_kernel_selection",
      "time": 25.013,
      "parameters": {"PRECISION": 32,"XGEMM_MIN_INDIRECT_SIZE": 1216}
    },
    {
      "kernel": "gemm_kernel_selection",
      "time": 28.456,
      "parameters": {"PRECISION": 32,"XGEMM_MIN_INDIRECT_SIZE": 1280}
    },
    {
      "kernel": "gemm_kernel_selection",
      "time": 32.122,
      "parameters": {"PRECISION": 32,"XGEMM_MIN_INDIRECT_SIZE": 1344}
    },
    {
      "kernel": "gemm_kernel_selection",
      "time": 36.010,
      "parameters": {"PRECISION": 32,"XGEMM_MIN_INDIRECT_SIZE": 1408}
    },
    {
      "kernel": "gemm_kernel_selection",
      "time": 40.120,
      "parameters": {"PRECISION": 32,"XGEMM_MIN_INDIRECT_SIZE": 1472}
    },
    {
      "kernel": "gemm_kernel_selection",
      "time": 44.452,
      "parameters": {"PRECISION": 32,"XGEMM_MIN_INDIRECT_SIZE": 1536}
    },
    {
      "kernel": "gemm_kernel_selection",
      "time": 49.007,
      "parameters": {"PRECISION": 32,"XGEMM_MIN_INDIRECT_SIZE": 1600}
    },
    {
      "kernel": "gemm_kernel_selection",
      "time": 53.784,
      "parameters": {"PRECISION": 32,"XGEMM_MIN_INDIRECT_SIZE": 1664}
    },
    {
      "kernel": "gemm_kernel_selection",
      "time": 58.783,
      "parameters": {"PRECISION": 32,"XGEMM_MIN_INDIRECT_SIZE": 1728}
    },
    {
      "kernel": "gemm_kernel_selection",
      "time": 64.004,
      "parameters": {"PRECISION": 32,"XGEMM_MIN_INDIRECT_SIZE": 1792}
    },
    {
      "kernel": "gemm_kernel_selection",
      "time": 69.447,
      "parameters": {"PRECISION": 32,"XGEMM_MIN_INDIRECT_SIZE": 1856}
    },
    {
      "kernel": "gemm_kernel_selection",
      "time": 75.113,
      "parameters": {"PRECISION": 32,"XGEMM_MIN_INDIRECT_SIZE": 1920}
    },
    {
      "kernel": "gemm_kernel_selection",
      "time": 81.001,
      "parameters": {"PRECISION": 32,"XGEMM_MIN_INDIRECT_SIZE": 1984}
    }
  ]
}
