{
  "kernel_family": "trsv_routine",
  "precision": "32",
  "arg_n": "1024",
  "best_kernel": "trsv_routine",
  "best_time": "23.20",
  "best_parameters": "TRSV_BLOCK_SIZE=32",
  "clblast_device_type": "GPU",
  "clblast_device_vendor": "QUALCOMM",
  "clblast_device_architecture": "OpenCL C 3.0 Adreno(TM) 730",
  "clblast_device_name": "QUALCOMM Adreno(TM)",
  "device": "QUALCOMM Adreno(TM)",
  "platform_vendor": "QUALCOMM",
  "platform_version": "OpenCL 3.0 QUALCOMM build: commit #2addc0741b changeid #I701168ee75 Date: 01/12/22 Wed Local Branch:  Remote Branch: ",
  "device_vendor": "QUALCOMM",
  "device_type": "GPU",
  "device_core_clock": "1",
  "device_compute_units": "4",
  "device_extra_info": "",
  "results": [
    {
      "kernel": "trsv_routine",
      "time": 81.375,
      "parameters": {"PRECISION": 32,"TRSV_BLOCK_SIZE": 8}
    },
    {
      "kernel": "trsv_routine",
      "time": 40.054,
      "parameters": {"PRECISION": 32,"TRSV_BLOCK_SIZE": 16}
    },
    {
      "kernel": "trsv_routine",
      "time": 34.239,
      "parameters": {"PRECISION": 32,"TRSV_BLOCK_SIZE": 24}
    },
    {
      "kernel": "trsv_routine",
      "time": 23.197,
      "parameters": {"PRECISION": 32,"TRSV_BLOCK_SIZE": 32}
    }
  ]
}
