{
  "kernel_family": "xaxpy",
  "precision": "16",
  "best_kernel": "XaxpyFastest",
  "best_time": "1.17",
  "best_parameters": "PRECISION=16 VW=8 WGS=256 WPT=1",
  "arg_n": "4194304",
  "arg_alpha": "2.000000",
  "clblast_device_type": "GPU",
  "clblast_device_vendor": "QUALCOMM",
  "clblast_device_architecture": "OpenCL C 3.0 Adreno(TM) 730",
  "clblast_device_name": "QUALCOMM Adreno(TM)",
  "device": "QUALCOMM Adreno(TM)",
  "platform_vendor": "QUALCOMM",
  "platform_version": "OpenCL 3.0 QUALCOMM build: commit #2addc0741b changeid #I701168ee75 Date: 01/12/22 Wed Local Branch:  Remote Branch: ",
  "device_vendor": "QUALCOMM",
  "device_type": "GPU",
  "device_core_clock": "1",
  "device_compute_units": "4",
  "device_extra_info": "",
  "results": [
    {
      "kernel": "XaxpyFastest",
      "time": 1.594,
      "parameters": {"PRECISION": 16,"VW": 1,"WGS": 64,"WPT": 1}
    },
    {
      "kernel": "XaxpyFastest",
      "time": 1.184,
      "parameters": {"PRECISION": 16,"VW": 2,"WGS": 64,"WPT": 1}
    },
    {
      "kernel": "XaxpyFastest",
      "time": 1.182,
      "parameters": {"PRECISION": 16,"VW": 4,"WGS": 64,"WPT": 1}
    },
    {
      "kernel": "XaxpyFastest",
      "time": 1.197,
      "parameters": {"PRECISION": 16,"VW": 8,"WGS": 64,"WPT": 1}
    },
    {
      "kernel": "XaxpyFastest",
      "time": 1.201,
      "parameters": {"PRECISION": 16,"VW": 1,"WGS": 64,"WPT": 2}
    },
    {
      "kernel": "XaxpyFastest",
      "time": 1.179,
      "parameters": {"PRECISION": 16,"VW": 2,"WGS": 64,"WPT": 2}
    },
    {
      "kernel": "XaxpyFastest",
      "time": 1.203,
      "parameters": {"PRECISION": 16,"VW": 4,"WGS": 64,"WPT": 2}
    },
    {
      "kernel": "XaxpyFastest",
      "time": 1.183,
      "parameters": {"PRECISION": 16,"VW": 8,"WGS": 64,"WPT": 2}
    },
    {
      "kernel": "XaxpyFastest",
      "time": 1.229,
      "parameters": {"PRECISION": 16,"VW": 1,"WGS": 64,"WPT": 4}
    },
    {
      "kernel": "XaxpyFastest",
      "time": 1.206,
      "parameters": {"PRECISION": 16,"VW": 2,"WGS": 64,"WPT": 4}
    },
    {
      "kernel": "XaxpyFastest",
      "time": 1.187,
      "parameters": {"PRECISION": 16,"VW": 4,"WGS": 64,"WPT": 4}
    },
    {
      "kernel": "XaxpyFastest",
      "time": 1.191,
      "parameters": {"PRECISION": 16,"VW": 8,"WGS": 64,"WPT": 4}
    },
    {
      "kernel": "XaxpyFastest",
      "time": 1.194,
      "parameters": {"PRECISION": 16,"VW": 1,"WGS": 64,"WPT": 8}
    },
    {
      "kernel": "XaxpyFastest",
      "time": 1.192,
      "parameters": {"PRECISION": 16,"VW": 2,"WGS": 64,"WPT": 8}
    },
    {
      "kernel": "XaxpyFastest",
      "time": 1.209,
      "parameters": {"PRECISION": 16,"VW": 4,"WGS": 64,"WPT": 8}
    },
    {
      "kernel": "XaxpyFastest",
      "time": 1.217,
      "parameters": {"PRECISION": 16,"VW": 8,"WGS": 64,"WPT": 8}
    },
    {
      "kernel": "XaxpyFastest",
      "time": 1.208,
      "parameters": {"PRECISION": 16,"VW": 1,"WGS": 128,"WPT": 1}
    },
    {
      "kernel": "XaxpyFastest",
      "time": 1.190,
      "parameters": {"PRECISION": 16,"VW": 2,"WGS": 128,"WPT": 1}
    },
    {
      "kernel": "XaxpyFastest",
      "time": 1.176,
      "parameters": {"PRECISION": 16,"VW": 4,"WGS": 128,"WPT": 1}
    },
    {
      "kernel": "XaxpyFastest",
      "time": 1.190,
      "parameters": {"PRECISION": 16,"VW": 8,"WGS": 128,"WPT": 1}
    },
    {
      "kernel": "XaxpyFastest",
      "time": 1.205,
      "parameters": {"PRECISION": 16,"VW": 1,"WGS": 128,"WPT": 2}
    },
    {
      "kernel": "XaxpyFastest",
      "time": 1.192,
      "parameters": {"PRECISION": 16,"VW": 2,"WGS": 128,"WPT": 2}
    },
    {
      "kernel": "XaxpyFastest",
      "time": 1.172,
      "parameters": {"PRECISION": 16,"VW": 4,"WGS": 128,"WPT": 2}
    },
    {
      "kernel": "XaxpyFastest",
      "time": 1.196,
      "parameters": {"PRECISION": 16,"VW": 8,"WGS": 128,"WPT": 2}
    },
    {
      "kernel": "XaxpyFastest",
      "time": 1.231,
      "parameters": {"PRECISION": 16,"VW": 1,"WGS": 128,"WPT": 4}
    },
    {
      "kernel": "XaxpyFastest",
      "time": 1.220,
      "parameters": {"PRECISION": 16,"VW": 2,"WGS": 128,"WPT": 4}
    },
    {
      "kernel": "XaxpyFastest",
      "time": 1.195,
      "parameters": {"PRECISION": 16,"VW": 4,"WGS": 128,"WPT": 4}
    },
    {
      "kernel": "XaxpyFastest",
      "time": 1.197,
      "parameters": {"PRECISION": 16,"VW": 8,"WGS": 128,"WPT": 4}
    },
    {
      "kernel": "XaxpyFastest",
      "time": 1.254,
      "parameters": {"PRECISION": 16,"VW": 1,"WGS": 128,"WPT": 8}
    },
    {
      "kernel": "XaxpyFastest",
      "time": 1.234,
      "parameters": {"PRECISION": 16,"VW": 2,"WGS": 128,"WPT": 8}
    },
    {
      "kernel": "XaxpyFastest",
      "time": 1.224,
      "parameters": {"PRECISION": 16,"VW": 4,"WGS": 128,"WPT": 8}
    },
    {
      "kernel": "XaxpyFastest",
      "time": 1.207,
      "parameters": {"PRECISION": 16,"VW": 8,"WGS": 128,"WPT": 8}
    },
    {
      "kernel": "XaxpyFastest",
      "time": 1.184,
      "parameters": {"PRECISION": 16,"VW": 1,"WGS": 256,"WPT": 1}
    },
    {
      "kernel": "XaxpyFastest",
      "time": 1.178,
      "parameters": {"PRECISION": 16,"VW": 2,"WGS": 256,"WPT": 1}
    },
    {
      "kernel": "XaxpyFastest",
      "time": 1.180,
      "parameters": {"PRECISION": 16,"VW": 4,"WGS": 256,"WPT": 1}
    },
    {
      "kernel": "XaxpyFastest",
      "time": 1.170,
      "parameters": {"PRECISION": 16,"VW": 8,"WGS": 256,"WPT": 1}
    },
    {
      "kernel": "XaxpyFastest",
      "time": 1.190,
      "parameters": {"PRECISION": 16,"VW": 1,"WGS": 256,"WPT": 2}
    },
    {
      "kernel": "XaxpyFastest",
      "time": 1.188,
      "parameters": {"PRECISION": 16,"VW": 2,"WGS": 256,"WPT": 2}
    },
    {
      "kernel": "XaxpyFastest",
      "time": 1.197,
      "parameters": {"PRECISION": 16,"VW": 4,"WGS": 256,"WPT": 2}
    },
    {
      "kernel": "XaxpyFastest",
      "time": 1.204,
      "parameters": {"PRECISION": 16,"VW": 8,"WGS": 256,"WPT": 2}
    },
    {
      "kernel": "XaxpyFastest",
      "time": 1.220,
      "parameters": {"PRECISION": 16,"VW": 1,"WGS": 256,"WPT": 4}
    },
    {
      "kernel": "XaxpyFastest",
      "time": 1.206,
      "parameters": {"PRECISION": 16,"VW": 2,"WGS": 256,"WPT": 4}
    },
    {
      "kernel": "XaxpyFastest",
      "time": 1.191,
      "parameters": {"PRECISION": 16,"VW": 4,"WGS": 256,"WPT": 4}
    },
    {
      "kernel": "XaxpyFastest",
      "time": 1.180,
      "parameters": {"PRECISION": 16,"VW": 8,"WGS": 256,"WPT": 4}
    },
    {
      "kernel": "XaxpyFastest",
      "time": 1.210,
      "parameters": {"PRECISION": 16,"VW": 1,"WGS": 256,"WPT": 8}
    },
    {
      "kernel": "XaxpyFastest",
      "time": 1.212,
      "parameters": {"PRECISION": 16,"VW": 2,"WGS": 256,"WPT": 8}
    },
    {
      "kernel": "XaxpyFastest",
      "time": 1.189,
      "parameters": {"PRECISION": 16,"VW": 4,"WGS": 256,"WPT": 8}
    },
    {
      "kernel": "XaxpyFastest",
      "time": 1.210,
      "parameters": {"PRECISION": 16,"VW": 8,"WGS": 256,"WPT": 8}
    },
    {
      "kernel": "XaxpyFastest",
      "time": 1.220,
      "parameters": {"PRECISION": 16,"VW": 1,"WGS": 512,"WPT": 1}
    },
    {
      "kernel": "XaxpyFastest",
      "time": 1.188,
      "parameters": {"PRECISION": 16,"VW": 2,"WGS": 512,"WPT": 1}
    },
    {
      "kernel": "XaxpyFastest",
      "time": 1.188,
      "parameters": {"PRECISION": 16,"VW": 4,"WGS": 512,"WPT": 1}
    },
    {
      "kernel": "XaxpyFastest",
      "time": 1.184,
      "parameters": {"PRECISION": 16,"VW": 8,"WGS": 512,"WPT": 1}
    },
    {
      "kernel": "XaxpyFastest",
      "time": 1.203,
      "parameters": {"PRECISION": 16,"VW": 1,"WGS": 512,"WPT": 2}
    },
    {
      "kernel": "XaxpyFastest",
      "time": 1.193,
      "parameters": {"PRECISION": 16,"VW": 2,"WGS": 512,"WPT": 2}
    },
    {
      "kernel": "XaxpyFastest",
      "time": 1.193,
      "parameters": {"PRECISION": 16,"VW": 4,"WGS": 512,"WPT": 2}
    },
    {
      "kernel": "XaxpyFastest",
      "time": 1.195,
      "parameters": {"PRECISION": 16,"VW": 8,"WGS": 512,"WPT": 2}
    },
    {
      "kernel": "XaxpyFastest",
      "time": 1.214,
      "parameters": {"PRECISION": 16,"VW": 1,"WGS": 512,"WPT": 4}
    },
    {
      "kernel": "XaxpyFastest",
      "time": 1.211,
      "parameters": {"PRECISION": 16,"VW": 2,"WGS": 512,"WPT": 4}
    },
    {
      "kernel": "XaxpyFastest",
      "time": 1.202,
      "parameters": {"PRECISION": 16,"VW": 4,"WGS": 512,"WPT": 4}
    },
    {
      "kernel": "XaxpyFastest",
      "time": 1.182,
      "parameters": {"PRECISION": 16,"VW": 8,"WGS": 512,"WPT": 4}
    },
    {
      "kernel": "XaxpyFastest",
      "time": 1.232,
      "parameters": {"PRECISION": 16,"VW": 1,"WGS": 512,"WPT": 8}
    },
    {
      "kernel": "XaxpyFastest",
      "time": 1.227,
      "parameters": {"PRECISION": 16,"VW": 2,"WGS": 512,"WPT": 8}
    },
    {
      "kernel": "XaxpyFastest",
      "time": 1.209,
      "parameters": {"PRECISION": 16,"VW": 4,"WGS": 512,"WPT": 8}
    },
    {
      "kernel": "XaxpyFastest",
      "time": 1.200,
      "parameters": {"PRECISION": 16,"VW": 8,"WGS": 512,"WPT": 8}
    },
    {
      "kernel": "XaxpyFastest",
      "time": 1.188,
      "parameters": {"PRECISION": 16,"VW": 1,"WGS": 1024,"WPT": 1}
    },
    {
      "kernel": "XaxpyFastest",
      "time": 1.184,
      "parameters": {"PRECISION": 16,"VW": 2,"WGS": 1024,"WPT": 1}
    },
    {
      "kernel": "XaxpyFastest",
      "time": 1.191,
      "parameters": {"PRECISION": 16,"VW": 4,"WGS": 1024,"WPT": 1}
    },
    {
      "kernel": "XaxpyFastest",
      "time": 1.200,
      "parameters": {"PRECISION": 16,"VW": 8,"WGS": 1024,"WPT": 1}
    },
    {
      "kernel": "XaxpyFastest",
      "time": 1.209,
      "parameters": {"PRECISION": 16,"VW": 1,"WGS": 1024,"WPT": 2}
    },
    {
      "kernel": "XaxpyFastest",
      "time": 1.202,
      "parameters": {"PRECISION": 16,"VW": 2,"WGS": 1024,"WPT": 2}
    },
    {
      "kernel": "XaxpyFastest",
      "time": 1.178,
      "parameters": {"PRECISION": 16,"VW": 4,"WGS": 1024,"WPT": 2}
    },
    {
      "kernel": "XaxpyFastest",
      "time": 1.198,
      "parameters": {"PRECISION": 16,"VW": 8,"WGS": 1024,"WPT": 2}
    },
    {
      "kernel": "XaxpyFastest",
      "time": 1.216,
      "parameters": {"PRECISION": 16,"VW": 1,"WGS": 1024,"WPT": 4}
    },
    {
      "kernel": "XaxpyFastest",
      "time": 1.221,
      "parameters": {"PRECISION": 16,"VW": 2,"WGS": 1024,"WPT": 4}
    },
    {
      "kernel": "XaxpyFastest",
      "time": 1.212,
      "parameters": {"PRECISION": 16,"VW": 4,"WGS": 1024,"WPT": 4}
    },
    {
      "kernel": "XaxpyFastest",
      "time": 1.211,
      "parameters": {"PRECISION": 16,"VW": 8,"WGS": 1024,"WPT": 4}
    },
    {
      "kernel": "XaxpyFastest",
      "time": 1.232,
      "parameters": {"PRECISION": 16,"VW": 1,"WGS": 1024,"WPT": 8}
    },
    {
      "kernel": "XaxpyFastest",
      "time": 1.219,
      "parameters": {"PRECISION": 16,"VW": 2,"WGS": 1024,"WPT": 8}
    },
    {
      "kernel": "XaxpyFastest",
      "time": 1.205,
      "parameters": {"PRECISION": 16,"VW": 4,"WGS": 1024,"WPT": 8}
    },
    {
      "kernel": "XaxpyFastest",
      "time": 1.206,
      "parameters": {"PRECISION": 16,"VW": 8,"WGS": 1024,"WPT": 8}
    }
  ]
}
