{
  "kernel_family": "xaxpy",
  "precision": "32",
  "best_kernel": "XaxpyFastest",
  "best_time": "1.77",
  "best_parameters": "PRECISION=32 VW=4 WGS=128 WPT=1",
  "arg_n": "4194304",
  "arg_alpha": "2.00",
  "clblast_device_type": "GPU",
  "clblast_device_vendor": "QUALCOMM",
  "clblast_device_architecture": "OpenCL C 3.0 Adreno(TM) 730",
  "clblast_device_name": "QUALCOMM Adreno(TM)",
  "device": "QUALCOMM Adreno(TM)",
  "platform_vendor": "QUALCOMM",
  "platform_version": "OpenCL 3.0 QUALCOMM build: commit #2addc0741b changeid #I701168ee75 Date: 01/12/22 Wed Local Branch:  Remote Branch: ",
  "device_vendor": "QUALCOMM",
  "device_type": "GPU",
  "device_core_clock": "1",
  "device_compute_units": "4",
  "device_extra_info": "",
  "results": [
    {
      "kernel": "XaxpyFastest",
      "time": 1.814,
      "parameters": {"PRECISION": 32,"VW": 1,"WGS": 64,"WPT": 1}
    },
    {
      "kernel": "XaxpyFastest",
      "time": 1.788,
      "parameters": {"PRECISION": 32,"VW": 2,"WGS": 64,"WPT": 1}
    },
    {
      "kernel": "XaxpyFastest",
      "time": 1.779,
      "parameters": {"PRECISION": 32,"VW": 4,"WGS": 64,"WPT": 1}
    },
    {
      "kernel": "XaxpyFastest",
      "time": 1.832,
      "parameters": {"PRECISION": 32,"VW": 8,"WGS": 64,"WPT": 1}
    },
    {
      "kernel": "XaxpyFastest",
      "time": 1.814,
      "parameters": {"PRECISION": 32,"VW": 1,"WGS": 64,"WPT": 2}
    },
    {
      "kernel": "XaxpyFastest",
      "time": 1.793,
      "parameters": {"PRECISION": 32,"VW": 2,"WGS": 64,"WPT": 2}
    },
    {
      "kernel": "XaxpyFastest",
      "time": 1.780,
      "parameters": {"PRECISION": 32,"VW": 4,"WGS": 64,"WPT": 2}
    },
    {
      "kernel": "XaxpyFastest",
      "time": 1.856,
      "parameters": {"PRECISION": 32,"VW": 8,"WGS": 64,"WPT": 2}
    },
    {
      "kernel": "XaxpyFastest",
      "time": 1.830,
      "parameters": {"PRECISION": 32,"VW": 1,"WGS": 64,"WPT": 4}
    },
    {
      "kernel": "XaxpyFastest",
      "time": 1.810,
      "parameters": {"PRECISION": 32,"VW": 2,"WGS": 64,"WPT": 4}
    },
    {
      "kernel": "XaxpyFastest",
      "time": 1.789,
      "parameters": {"PRECISION": 32,"VW": 4,"WGS": 64,"WPT": 4}
    },
    {
      "kernel": "XaxpyFastest",
      "time": 1.881,
      "parameters": {"PRECISION": 32,"VW": 8,"WGS": 64,"WPT": 4}
    },
    {
      "kernel": "XaxpyFastest",
      "time": 1.848,
      "parameters": {"PRECISION": 32,"VW": 1,"WGS": 64,"WPT": 8}
    },
    {
      "kernel": "XaxpyFastest",
      "time": 1.831,
      "parameters": {"PRECISION": 32,"VW": 2,"WGS": 64,"WPT": 8}
    },
    {
      "kernel": "XaxpyFastest",
      "time": 1.811,
      "parameters": {"PRECISION": 32,"VW": 4,"WGS": 64,"WPT": 8}
    },
    {
      "kernel": "XaxpyFastest",
      "time": 1.894,
      "parameters": {"PRECISION": 32,"VW": 8,"WGS": 64,"WPT": 8}
    },
    {
      "kernel": "XaxpyFastest",
      "time": 1.792,
      "parameters": {"PRECISION": 32,"VW": 1,"WGS": 128,"WPT": 1}
    },
    {
      "kernel": "XaxpyFastest",
      "time": 1.773,
      "parameters": {"PRECISION": 32,"VW": 2,"WGS": 128,"WPT": 1}
    },
    {
      "kernel": "XaxpyFastest",
      "time": 1.770,
      "parameters": {"PRECISION": 32,"VW": 4,"WGS": 128,"WPT": 1}
    },
    {
      "kernel": "XaxpyFastest",
      "time": 1.820,
      "parameters": {"PRECISION": 32,"VW": 8,"WGS": 128,"WPT": 1}
    },
    {
      "kernel": "XaxpyFastest",
      "time": 1.814,
      "parameters": {"PRECISION": 32,"VW": 1,"WGS": 128,"WPT": 2}
    },
    {
      "kernel": "XaxpyFastest",
      "time": 1.798,
      "parameters": {"PRECISION": 32,"VW": 2,"WGS": 128,"WPT": 2}
    },
    {
      "kernel": "XaxpyFastest",
      "time": 1.794,
      "parameters": {"PRECISION": 32,"VW": 4,"WGS": 128,"WPT": 2}
    },
    {
      "kernel": "XaxpyFastest",
      "time": 1.868,
      "parameters": {"PRECISION": 32,"VW": 8,"WGS": 128,"WPT": 2}
    },
    {
      "kernel": "XaxpyFastest",
      "time": 1.822,
      "parameters": {"PRECISION": 32,"VW": 1,"WGS": 128,"WPT": 4}
    },
    {
      "kernel": "XaxpyFastest",
      "time": 1.806,
      "parameters": {"PRECISION": 32,"VW": 2,"WGS": 128,"WPT": 4}
    },
    {
      "kernel": "XaxpyFastest",
      "time": 1.810,
      "parameters": {"PRECISION": 32,"VW": 4,"WGS": 128,"WPT": 4}
    },
    {
      "kernel": "XaxpyFastest",
      "time": 1.918,
      "parameters": {"PRECISION": 32,"VW": 8,"WGS": 128,"WPT": 4}
    },
    {
      "kernel": "XaxpyFastest",
      "time": 1.822,
      "parameters": {"PRECISION": 32,"VW": 1,"WGS": 128,"WPT": 8}
    },
    {
      "kernel": "XaxpyFastest",
      "time": 1.832,
      "parameters": {"PRECISION": 32,"VW": 2,"WGS": 128,"WPT": 8}
    },
    {
      "kernel": "XaxpyFastest",
      "time": 1.813,
      "parameters": {"PRECISION": 32,"VW": 4,"WGS": 128,"WPT": 8}
    },
    {
      "kernel": "XaxpyFastest",
      "time": 1.964,
      "parameters": {"PRECISION": 32,"VW": 8,"WGS": 128,"WPT": 8}
    },
    {
      "kernel": "XaxpyFastest",
      "time": 1.780,
      "parameters": {"PRECISION": 32,"VW": 1,"WGS": 256,"WPT": 1}
    },
    {
      "kernel": "XaxpyFastest",
      "time": 1.792,
      "parameters": {"PRECISION": 32,"VW": 2,"WGS": 256,"WPT": 1}
    },
    {
      "kernel": "XaxpyFastest",
      "time": 1.779,
      "parameters": {"PRECISION": 32,"VW": 4,"WGS": 256,"WPT": 1}
    },
    {
      "kernel": "XaxpyFastest",
      "time": 1.820,
      "parameters": {"PRECISION": 32,"VW": 8,"WGS": 256,"WPT": 1}
    },
    {
      "kernel": "XaxpyFastest",
      "time": 1.809,
      "parameters": {"PRECISION": 32,"VW": 1,"WGS": 256,"WPT": 2}
    },
    {
      "kernel": "XaxpyFastest",
      "time": 1.794,
      "parameters": {"PRECISION": 32,"VW": 2,"WGS": 256,"WPT": 2}
    },
    {
      "kernel": "XaxpyFastest",
      "time": 1.800,
      "parameters": {"PRECISION": 32,"VW": 4,"WGS": 256,"WPT": 2}
    },
    {
      "kernel": "XaxpyFastest",
      "time": 1.885,
      "parameters": {"PRECISION": 32,"VW": 8,"WGS": 256,"WPT": 2}
    },
    {
      "kernel": "XaxpyFastest",
      "time": 1.811,
      "parameters": {"PRECISION": 32,"VW": 1,"WGS": 256,"WPT": 4}
    },
    {
      "kernel": "XaxpyFastest",
      "time": 1.782,
      "parameters": {"PRECISION": 32,"VW": 2,"WGS": 256,"WPT": 4}
    },
    {
      "kernel": "XaxpyFastest",
      "time": 1.788,
      "parameters": {"PRECISION": 32,"VW": 4,"WGS": 256,"WPT": 4}
    },
    {
      "kernel": "XaxpyFastest",
      "time": 1.924,
      "parameters": {"PRECISION": 32,"VW": 8,"WGS": 256,"WPT": 4}
    },
    {
      "kernel": "XaxpyFastest",
      "time": 1.839,
      "parameters": {"PRECISION": 32,"VW": 1,"WGS": 256,"WPT": 8}
    },
    {
      "kernel": "XaxpyFastest",
      "time": 1.822,
      "parameters": {"PRECISION": 32,"VW": 2,"WGS": 256,"WPT": 8}
    },
    {
      "kernel": "XaxpyFastest",
      "time": 1.808,
      "parameters": {"PRECISION": 32,"VW": 4,"WGS": 256,"WPT": 8}
    },
    {
      "kernel": "XaxpyFastest",
      "time": 1.949,
      "parameters": {"PRECISION": 32,"VW": 8,"WGS": 256,"WPT": 8}
    },
    {
      "kernel": "XaxpyFastest",
      "time": 1.781,
      "parameters": {"PRECISION": 32,"VW": 1,"WGS": 512,"WPT": 1}
    },
    {
      "kernel": "XaxpyFastest",
      "time": 1.798,
      "parameters": {"PRECISION": 32,"VW": 2,"WGS": 512,"WPT": 1}
    },
    {
      "kernel": "XaxpyFastest",
      "time": 1.777,
      "parameters": {"PRECISION": 32,"VW": 4,"WGS": 512,"WPT": 1}
    },
    {
      "kernel": "XaxpyFastest",
      "time": 1.821,
      "parameters": {"PRECISION": 32,"VW": 8,"WGS": 512,"WPT": 1}
    },
    {
      "kernel": "XaxpyFastest",
      "time": 1.817,
      "parameters": {"PRECISION": 32,"VW": 1,"WGS": 512,"WPT": 2}
    },
    {
      "kernel": "XaxpyFastest",
      "time": 1.793,
      "parameters": {"PRECISION": 32,"VW": 2,"WGS": 512,"WPT": 2}
    },
    {
      "kernel": "XaxpyFastest",
      "time": 1.780,
      "parameters": {"PRECISION": 32,"VW": 4,"WGS": 512,"WPT": 2}
    },
    {
      "kernel": "XaxpyFastest",
      "time": 1.884,
      "parameters": {"PRECISION": 32,"VW": 8,"WGS": 512,"WPT": 2}
    },
    {
      "kernel": "XaxpyFastest",
      "time": 1.814,
      "parameters": {"PRECISION": 32,"VW": 1,"WGS": 512,"WPT": 4}
    },
    {
      "kernel": "XaxpyFastest",
      "time": 1.784,
      "parameters": {"PRECISION": 32,"VW": 2,"WGS": 512,"WPT": 4}
    },
    {
      "kernel": "XaxpyFastest",
      "time": 1.785,
      "parameters": {"PRECISION": 32,"VW": 4,"WGS": 512,"WPT": 4}
    },
    {
      "kernel": "XaxpyFastest",
      "time": 1.911,
      "parameters": {"PRECISION": 32,"VW": 8,"WGS": 512,"WPT": 4}
    },
    {
      "kernel": "XaxpyFastest",
      "time": 1.861,
      "parameters": {"PRECISION": 32,"VW": 1,"WGS": 512,"WPT": 8}
    },
    {
      "kernel": "XaxpyFastest",
      "time": 1.836,
      "parameters": {"PRECISION": 32,"VW": 2,"WGS": 512,"WPT": 8}
    },
    {
      "kernel": "XaxpyFastest",
      "time": 1.833,
      "parameters": {"PRECISION": 32,"VW": 4,"WGS": 512,"WPT": 8}
    },
    {
      "kernel": "XaxpyFastest",
      "time": 1.939,
      "parameters": {"PRECISION": 32,"VW": 8,"WGS": 512,"WPT": 8}
    },
    {
      "kernel": "XaxpyFastest",
      "time": 1.790,
      "parameters": {"PRECISION": 32,"VW": 1,"WGS": 1024,"WPT": 1}
    },
    {
      "kernel": "XaxpyFastest",
      "time": 1.809,
      "parameters": {"PRECISION": 32,"VW": 2,"WGS": 1024,"WPT": 1}
    },
    {
      "kernel": "XaxpyFastest",
      "time": 1.798,
      "parameters": {"PRECISION": 32,"VW": 4,"WGS": 1024,"WPT": 1}
    },
    {
      "kernel": "XaxpyFastest",
      "time": 1.830,
      "parameters": {"PRECISION": 32,"VW": 8,"WGS": 1024,"WPT": 1}
    },
    {
      "kernel": "XaxpyFastest",
      "time": 1.807,
      "parameters": {"PRECISION": 32,"VW": 1,"WGS": 1024,"WPT": 2}
    },
    {
      "kernel": "XaxpyFastest",
      "time": 1.791,
      "parameters": {"PRECISION": 32,"VW": 2,"WGS": 1024,"WPT": 2}
    },
    {
      "kernel": "XaxpyFastest",
      "time": 1.790,
      "parameters": {"PRECISION": 32,"VW": 4,"WGS": 1024,"WPT": 2}
    },
    {
      "kernel": "XaxpyFastest",
      "time": 1.876,
      "parameters": {"PRECISION": 32,"VW": 8,"WGS": 1024,"WPT": 2}
    },
    {
      "kernel": "XaxpyFastest",
      "time": 1.832,
      "parameters": {"PRECISION": 32,"VW": 1,"WGS": 1024,"WPT": 4}
    },
    {
      "kernel": "XaxpyFastest",
      "time": 1.796,
      "parameters": {"PRECISION": 32,"VW": 2,"WGS": 1024,"WPT": 4}
    },
    {
      "kernel": "XaxpyFastest",
      "time": 1.810,
      "parameters": {"PRECISION": 32,"VW": 4,"WGS": 1024,"WPT": 4}
    },
    {
      "kernel": "XaxpyFastest",
      "time": 1.935,
      "parameters": {"PRECISION": 32,"VW": 8,"WGS": 1024,"WPT": 4}
    },
    {
      "kernel": "XaxpyFastest",
      "time": 1.866,
      "parameters": {"PRECISION": 32,"VW": 1,"WGS": 1024,"WPT": 8}
    },
    {
      "kernel": "XaxpyFastest",
      "time": 1.844,
      "parameters": {"PRECISION": 32,"VW": 2,"WGS": 1024,"WPT": 8}
    },
    {
      "kernel": "XaxpyFastest",
      "time": 1.832,
      "parameters": {"PRECISION": 32,"VW": 4,"WGS": 1024,"WPT": 8}
    },
    {
      "kernel": "XaxpyFastest",
      "time": 1.955,
      "parameters": {"PRECISION": 32,"VW": 8,"WGS": 1024,"WPT": 8}
    }
  ]
}
