{
  "kernel_family": "xgemv_fast",
  "precision": "32",
  "best_kernel": "XgemvFast",
  "best_time": "0.99",
  "best_parameters": "PRECISION=32 VW2=4 WGS2=32 WPT2=4",
  "arg_m": "2048",
  "arg_n": "2048",
  "arg_alpha": "2.00",
  "arg_beta": "2.00",
  "clblast_device_type": "GPU",
  "clblast_device_vendor": "QUALCOMM",
  "clblast_device_architecture": "OpenCL C 3.0 Adreno(TM) 730",
  "clblast_device_name": "QUALCOMM Adreno(TM)",
  "device": "QUALCOMM Adreno(TM)",
  "platform_vendor": "QUALCOMM",
  "platform_version": "OpenCL 3.0 QUALCOMM build: commit #2addc0741b changeid #I701168ee75 Date: 01/12/22 Wed Local Branch:  Remote Branch: ",
  "device_vendor": "QUALCOMM",
  "device_type": "GPU",
  "device_core_clock": "1",
  "device_compute_units": "4",
  "device_extra_info": "",
  "results": [
    {
      "kernel": "XgemvFast",
      "time": 1.214,
      "parameters": {"PRECISION": 32,"VW2": 1,"WGS2": 16,"WPT2": 1}
    },
    {
      "kernel": "XgemvFast",
      "time": 1.141,
      "parameters": {"PRECISION": 32,"VW2": 1,"WGS2": 16,"WPT2": 2}
    },
    {
      "kernel": "XgemvFast",
      "time": 1.388,
      "parameters": {"PRECISION": 32,"VW2": 2,"WGS2": 16,"WPT2": 2}
    },
    {
      "kernel": "XgemvFast",
      "time": 1.177,
      "parameters": {"PRECISION": 32,"VW2": 1,"WGS2": 16,"WPT2": 4}
    },
    {
      "kernel": "XgemvFast",
      "time": 1.708,
      "parameters": {"PRECISION": 32,"VW2": 2,"WGS2": 16,"WPT2": 4}
    },
    {
      "kernel": "XgemvFast",
      "time": 1.059,
      "parameters": {"PRECISION": 32,"VW2": 4,"WGS2": 16,"WPT2": 4}
    },
    {
      "kernel": "XgemvFast",
      "time": 1.086,
      "parameters": {"PRECISION": 32,"VW2": 1,"WGS2": 32,"WPT2": 1}
    },
    {
      "kernel": "XgemvFast",
      "time": 1.027,
      "parameters": {"PRECISION": 32,"VW2": 1,"WGS2": 32,"WPT2": 2}
    },
    {
      "kernel": "XgemvFast",
      "time": 1.388,
      "parameters": {"PRECISION": 32,"VW2": 2,"WGS2": 32,"WPT2": 2}
    },
    {
      "kernel": "XgemvFast",
      "time": 1.702,
      "parameters": {"PRECISION": 32,"VW2": 1,"WGS2": 32,"WPT2": 4}
    },
    {
      "kernel": "XgemvFast",
      "time": 1.787,
      "parameters": {"PRECISION": 32,"VW2": 2,"WGS2": 32,"WPT2": 4}
    },
    {
      "kernel": "XgemvFast",
      "time": 0.992,
      "parameters": {"PRECISION": 32,"VW2": 4,"WGS2": 32,"WPT2": 4}
    },
    {
      "kernel": "XgemvFast",
      "time": 1.040,
      "parameters": {"PRECISION": 32,"VW2": 1,"WGS2": 64,"WPT2": 1}
    },
    {
      "kernel": "XgemvFast",
      "time": 1.609,
      "parameters": {"PRECISION": 32,"VW2": 1,"WGS2": 64,"WPT2": 2}
    },
    {
      "kernel": "XgemvFast",
      "time": 1.505,
      "parameters": {"PRECISION": 32,"VW2": 2,"WGS2": 64,"WPT2": 2}
    },
    {
      "kernel": "XgemvFast",
      "time": 2.171,
      "parameters": {"PRECISION": 32,"VW2": 1,"WGS2": 64,"WPT2": 4}
    },
    {
      "kernel": "XgemvFast",
      "time": 1.881,
      "parameters": {"PRECISION": 32,"VW2": 2,"WGS2": 64,"WPT2": 4}
    },
    {
      "kernel": "XgemvFast",
      "time": 1.652,
      "parameters": {"PRECISION": 32,"VW2": 4,"WGS2": 64,"WPT2": 4}
    },
    {
      "kernel": "XgemvFast",
      "time": 1.536,
      "parameters": {"PRECISION": 32,"VW2": 1,"WGS2": 128,"WPT2": 1}
    },
    {
      "kernel": "XgemvFast",
      "time": 1.849,
      "parameters": {"PRECISION": 32,"VW2": 1,"WGS2": 128,"WPT2": 2}
    },
    {
      "kernel": "XgemvFast",
      "time": 1.675,
      "parameters": {"PRECISION": 32,"VW2": 2,"WGS2": 128,"WPT2": 2}
    },
    {
      "kernel": "XgemvFast",
      "time": 2.516,
      "parameters": {"PRECISION": 32,"VW2": 1,"WGS2": 128,"WPT2": 4}
    },
    {
      "kernel": "XgemvFast",
      "time": 2.336,
      "parameters": {"PRECISION": 32,"VW2": 2,"WGS2": 128,"WPT2": 4}
    },
    {
      "kernel": "XgemvFast",
      "time": 1.784,
      "parameters": {"PRECISION": 32,"VW2": 4,"WGS2": 128,"WPT2": 4}
    },
    {
      "kernel": "XgemvFast",
      "time": 1.604,
      "parameters": {"PRECISION": 32,"VW2": 1,"WGS2": 256,"WPT2": 1}
    },
    {
      "kernel": "XgemvFast",
      "time": 1.826,
      "parameters": {"PRECISION": 32,"VW2": 1,"WGS2": 256,"WPT2": 2}
    },
    {
      "kernel": "XgemvFast",
      "time": 1.671,
      "parameters": {"PRECISION": 32,"VW2": 2,"WGS2": 256,"WPT2": 2}
    },
    {
      "kernel": "XgemvFast",
      "time": 2.404,
      "parameters": {"PRECISION": 32,"VW2": 1,"WGS2": 256,"WPT2": 4}
    },
    {
      "kernel": "XgemvFast",
      "time": 2.260,
      "parameters": {"PRECISION": 32,"VW2": 2,"WGS2": 256,"WPT2": 4}
    },
    {
      "kernel": "XgemvFast",
      "time": 1.784,
      "parameters": {"PRECISION": 32,"VW2": 4,"WGS2": 256,"WPT2": 4}
    }
  ]
}
