{
  "kernel_family": "xgemv",
  "precision": "16",
  "best_kernel": "Xgemv",
  "best_time": "0.90",
  "best_parameters": "PRECISION=16 WGS1=128 WPT1=1",
  "arg_m": "2048",
  "arg_n": "2048",
  "arg_alpha": "2.000000",
  "arg_beta": "2.000000",
  "clblast_device_type": "GPU",
  "clblast_device_vendor": "QUALCOMM",
  "clblast_device_architecture": "OpenCL C 3.0 Adreno(TM) 730",
  "clblast_device_name": "QUALCOMM Adreno(TM)",
  "device": "QUALCOMM Adreno(TM)",
  "platform_vendor": "QUALCOMM",
  "platform_version": "OpenCL 3.0 QUALCOMM build: commit #2addc0741b changeid #I701168ee75 Date: 01/12/22 Wed Local Branch:  Remote Branch: ",
  "device_vendor": "QUALCOMM",
  "device_type": "GPU",
  "device_core_clock": "1",
  "device_compute_units": "4",
  "device_extra_info": "",
  "results": [
    {
      "kernel": "Xgemv",
      "time": 0.976,
      "parameters": {"PRECISION": 16,"WGS1": 32,"WPT1": 1}
    },
    {
      "kernel": "Xgemv",
      "time": 1.085,
      "parameters": {"PRECISION": 16,"WGS1": 32,"WPT1": 2}
    },
    {
      "kernel": "Xgemv",
      "time": 1.156,
      "parameters": {"PRECISION": 16,"WGS1": 32,"WPT1": 4}
    },
    {
      "kernel": "Xgemv",
      "time": 0.920,
      "parameters": {"PRECISION": 16,"WGS1": 64,"WPT1": 1}
    },
    {
      "kernel": "Xgemv",
      "time": 1.140,
      "parameters": {"PRECISION": 16,"WGS1": 64,"WPT1": 2}
    },
    {
      "kernel": "Xgemv",
      "time": 1.307,
      "parameters": {"PRECISION": 16,"WGS1": 64,"WPT1": 4}
    },
    {
      "kernel": "Xgemv",
      "time": 0.895,
      "parameters": {"PRECISION": 16,"WGS1": 128,"WPT1": 1}
    },
    {
      "kernel": "Xgemv",
      "time": 1.342,
      "parameters": {"PRECISION": 16,"WGS1": 128,"WPT1": 2}
    },
    {
      "kernel": "Xgemv",
      "time": 1.556,
      "parameters": {"PRECISION": 16,"WGS1": 128,"WPT1": 4}
    },
    {
      "kernel": "Xgemv",
      "time": 0.921,
      "parameters": {"PRECISION": 16,"WGS1": 256,"WPT1": 1}
    },
    {
      "kernel": "Xgemv",
      "time": 1.217,
      "parameters": {"PRECISION": 16,"WGS1": 256,"WPT1": 2}
    },
    {
      "kernel": "Xgemv",
      "time": 1.691,
      "parameters": {"PRECISION": 16,"WGS1": 256,"WPT1": 4}
    }
  ]
}
