{
  "kernel_family": "xgemm_12",
  "precision": "32",
  "best_kernel": "Xgemm",
  "best_time": "9.89",
  "best_parameters": "GEMMK=1 KREG=4 KWG=1 KWI=1 MDIMA=4 MDIMC=4 MWG=16 NDIMB=8 NDIMC=8 NWG=128 PRECISION=32 SA=0 SB=0 STRM=0 STRN=0 VWM=4 VWN=4",
  "arg_m": "1024",
  "arg_n": "1024",
  "arg_k": "1024",
  "arg_alpha": "2.00",
  "arg_beta": "2.00",
  "clblast_device_type": "GPU",
  "clblast_device_vendor": "QUALCOMM",
  "clblast_device_architecture": "OpenCL C 3.0 Adreno(TM) 730",
  "clblast_device_name": "QUALCOMM Adreno(TM)",
  "device": "QUALCOMM Adreno(TM)",
  "platform_vendor": "QUALCOMM",
  "platform_version": "OpenCL 3.0 QUALCOMM build: commit #2addc0741b changeid #I701168ee75 Date: 01/12/22 Wed Local Branch:  Remote Branch: ",
  "device_vendor": "QUALCOMM",
  "device_type": "GPU",
  "device_core_clock": "1",
  "device_compute_units": "4",
  "device_extra_info": "",
  "results": [
    {
      "kernel": "Xgemm",
      "time": 3691.958,
      "parameters": {"GEMMK": 1,"KREG": 16,"KWG": 1,"KWI": 1,"MDIMA": 2,"MDIMC": 2,"MWG": 128,"NDIMB": 32,"NDIMC": 32,"NWG": 128,"PRECISION": 32,"SA": 0,"SB": 0,"STRM": 0,"STRN": 0,"VWM": 1,"VWN": 1}
    },
    {
      "kernel": "Xgemm",
      "time": 180.946,
      "parameters": {"GEMMK": 1,"KREG": 4,"KWG": 1,"KWI": 1,"MDIMA": 2,"MDIMC": 2,"MWG": 64,"NDIMB": 2,"NDIMC": 2,"NWG": 16,"PRECISION": 32,"SA": 0,"SB": 0,"STRM": 0,"STRN": 0,"VWM": 4,"VWN": 2}
    },
    {
      "kernel": "Xgemm",
      "time": 61.445,
      "parameters": {"GEMMK": 1,"KREG": 16,"KWG": 1,"KWI": 1,"MDIMA": 16,"MDIMC": 16,"MWG": 128,"NDIMB": 4,"NDIMC": 4,"NWG": 64,"PRECISION": 32,"SA": 0,"SB": 0,"STRM": 0,"STRN": 0,"VWM": 4,"VWN": 8}
    },
    {
      "kernel": "Xgemm",
      "time": 183.000,
      "parameters": {"GEMMK": 1,"KREG": 8,"KWG": 1,"KWI": 1,"MDIMA": 2,"MDIMC": 2,"MWG": 8,"NDIMB": 2,"NDIMC": 2,"NWG": 16,"PRECISION": 32,"SA": 0,"SB": 0,"STRM": 0,"STRN": 0,"VWM": 2,"VWN": 1}
    },
    {
      "kernel": "Xgemm",
      "time": 134.095,
      "parameters": {"GEMMK": 1,"KREG": 16,"KWG": 1,"KWI": 1,"MDIMA": 8,"MDIMC": 8,"MWG": 16,"NDIMB": 8,"NDIMC": 8,"NWG": 32,"PRECISION": 32,"SA": 0,"SB": 0,"STRM": 0,"STRN": 0,"VWM": 1,"VWN": 1}
    },
    {
      "kernel": "Xgemm",
      "time": 272.752,
      "parameters": {"GEMMK": 1,"KREG": 8,"KWG": 1,"KWI": 1,"MDIMA": 2,"MDIMC": 2,"MWG": 8,"NDIMB": 2,"NDIMC": 2,"NWG": 32,"PRECISION": 32,"SA": 0,"SB": 0,"STRM": 0,"STRN": 0,"VWM": 1,"VWN": 2}
    },
    {
      "kernel": "Xgemm",
      "time": 484.998,
      "parameters": {"GEMMK": 1,"KREG": 16,"KWG": 1,"KWI": 1,"MDIMA": 4,"MDIMC": 4,"MWG": 128,"NDIMB": 16,"NDIMC": 16,"NWG": 128,"PRECISION": 32,"SA": 0,"SB": 0,"STRM": 0,"STRN": 0,"VWM": 4,"VWN": 4}
    },
    {
      "kernel": "Xgemm",
      "time": 225.912,
      "parameters": {"GEMMK": 1,"KREG": 4,"KWG": 1,"KWI": 1,"MDIMA": 2,"MDIMC": 2,"MWG": 8,"NDIMB": 2,"NDIMC": 2,"NWG": 128,"PRECISION": 32,"SA": 0,"SB": 0,"STRM": 0,"STRN": 0,"VWM": 2,"VWN": 1}
    },
    {
      "kernel": "Xgemm",
      "time": 151.813,
      "parameters": {"GEMMK": 1,"KREG": 16,"KWG": 1,"KWI": 1,"MDIMA": 2,"MDIMC": 2,"MWG": 16,"NDIMB": 16,"NDIMC": 16,"NWG": 16,"PRECISION": 32,"SA": 0,"SB": 0,"STRM": 0,"STRN": 0,"VWM": 2,"VWN": 1}
    },
    {
      "kernel": "Xgemm",
      "time": 366.266,
      "parameters": {"GEMMK": 1,"KREG": 2,"KWG": 1,"KWI": 1,"MDIMA": 2,"MDIMC": 2,"MWG": 64,"NDIMB": 16,"NDIMC": 16,"NWG": 64,"PRECISION": 32,"SA": 0,"SB": 0,"STRM": 0,"STRN": 0,"VWM": 4,"VWN": 1}
    },
    {
      "kernel": "Xgemm",
      "time": 15.760,
      "parameters": {"GEMMK": 1,"KREG": 4,"KWG": 1,"KWI": 1,"MDIMA": 16,"MDIMC": 16,"MWG": 32,"NDIMB": 2,"NDIMC": 2,"NWG": 16,"PRECISION": 32,"SA": 0,"SB": 0,"STRM": 0,"STRN": 0,"VWM": 1,"VWN": 4}
    },
    {
      "kernel": "Xgemm",
      "time": 135.673,
      "parameters": {"GEMMK": 1,"KREG": 16,"KWG": 1,"KWI": 1,"MDIMA": 8,"MDIMC": 8,"MWG": 8,"NDIMB": 2,"NDIMC": 2,"NWG": 32,"PRECISION": 32,"SA": 0,"SB": 0,"STRM": 0,"STRN": 0,"VWM": 1,"VWN": 4}
    },
    {
      "kernel": "Xgemm",
      "time": 34.227,
      "parameters": {"GEMMK": 1,"KREG": 8,"KWG": 1,"KWI": 1,"MDIMA": 8,"MDIMC": 8,"MWG": 8,"NDIMB": 16,"NDIMC": 16,"NWG": 32,"PRECISION": 32,"SA": 0,"SB": 0,"STRM": 0,"STRN": 0,"VWM": 1,"VWN": 2}
    },
    {
      "kernel": "Xgemm",
      "time": 27.285,
      "parameters": {"GEMMK": 1,"KREG": 8,"KWG": 1,"KWI": 1,"MDIMA": 16,"MDIMC": 16,"MWG": 64,"NDIMB": 16,"NDIMC": 16,"NWG": 64,"PRECISION": 32,"SA": 0,"SB": 0,"STRM": 0,"STRN": 0,"VWM": 2,"VWN": 1}
    },
    {
      "kernel": "Xgemm",
      "time": 197.720,
      "parameters": {"GEMMK": 1,"KREG": 8,"KWG": 1,"KWI": 1,"MDIMA": 32,"MDIMC": 32,"MWG": 128,"NDIMB": 4,"NDIMC": 4,"NWG": 64,"PRECISION": 32,"SA": 0,"SB": 0,"STRM": 0,"STRN": 0,"VWM": 4,"VWN": 2}
    },
    {
      "kernel": "Xgemm",
      "time": 132.961,
      "parameters": {"GEMMK": 1,"KREG": 16,"KWG": 1,"KWI": 1,"MDIMA": 2,"MDIMC": 2,"MWG": 8,"NDIMB": 4,"NDIMC": 4,"NWG": 16,"PRECISION": 32,"SA": 0,"SB": 0,"STRM": 0,"STRN": 0,"VWM": 1,"VWN": 4}
    },
    {
      "kernel": "Xgemm",
      "time": 35.996,
      "parameters": {"GEMMK": 1,"KREG": 8,"KWG": 1,"KWI": 1,"MDIMA": 8,"MDIMC": 8,"MWG": 32,"NDIMB": 4,"NDIMC": 4,"NWG": 8,"PRECISION": 32,"SA": 0,"SB": 0,"STRM": 0,"STRN": 0,"VWM": 2,"VWN": 1}
    },
    {
      "kernel": "Xgemm",
      "time": 61.905,
      "parameters": {"GEMMK": 1,"KREG": 16,"KWG": 1,"KWI": 1,"MDIMA": 4,"MDIMC": 4,"MWG": 32,"NDIMB": 4,"NDIMC": 4,"NWG": 64,"PRECISION": 32,"SA": 0,"SB": 0,"STRM": 0,"STRN": 0,"VWM": 8,"VWN": 2}
    },
    {
      "kernel": "Xgemm",
      "time": 102.440,
      "parameters": {"GEMMK": 1,"KREG": 2,"KWG": 1,"KWI": 1,"MDIMA": 8,"MDIMC": 8,"MWG": 16,"NDIMB": 8,"NDIMC": 8,"NWG": 16,"PRECISION": 32,"SA": 0,"SB": 0,"STRM": 0,"STRN": 0,"VWM": 2,"VWN": 1}
    },
    {
      "kernel": "Xgemm",
      "time": 81.799,
      "parameters": {"GEMMK": 1,"KREG": 16,"KWG": 1,"KWI": 1,"MDIMA": 8,"MDIMC": 8,"MWG": 32,"NDIMB": 2,"NDIMC": 2,"NWG": 32,"PRECISION": 32,"SA": 0,"SB": 0,"STRM": 0,"STRN": 0,"VWM": 4,"VWN": 4}
    },
    {
      "kernel": "Xgemm",
      "time": 488.028,
      "parameters": {"GEMMK": 1,"KREG": 16,"KWG": 1,"KWI": 1,"MDIMA": 2,"MDIMC": 2,"MWG": 64,"NDIMB": 4,"NDIMC": 4,"NWG": 32,"PRECISION": 32,"SA": 0,"SB": 0,"STRM": 0,"STRN": 0,"VWM": 2,"VWN": 2}
    },
    {
      "kernel": "Xgemm",
      "time": 384.085,
      "parameters": {"GEMMK": 1,"KREG": 4,"KWG": 1,"KWI": 1,"MDIMA": 2,"MDIMC": 2,"MWG": 128,"NDIMB": 16,"NDIMC": 16,"NWG": 64,"PRECISION": 32,"SA": 0,"SB": 0,"STRM": 0,"STRN": 0,"VWM": 2,"VWN": 2}
    },
    {
      "kernel": "Xgemm",
      "time": 74.772,
      "parameters": {"GEMMK": 1,"KREG": 4,"KWG": 1,"KWI": 1,"MDIMA": 16,"MDIMC": 16,"MWG": 128,"NDIMB": 8,"NDIMC": 8,"NWG": 8,"PRECISION": 32,"SA": 0,"SB": 0,"STRM": 0,"STRN": 0,"VWM": 8,"VWN": 1}
    },
    {
      "kernel": "Xgemm",
      "time": 674.101,
      "parameters": {"GEMMK": 1,"KREG": 1,"KWG": 1,"KWI": 1,"MDIMA": 8,"MDIMC": 8,"MWG": 16,"NDIMB": 2,"NDIMC": 2,"NWG": 128,"PRECISION": 32,"SA": 0,"SB": 0,"STRM": 0,"STRN": 0,"VWM": 2,"VWN": 1}
    },
    {
      "kernel": "Xgemm",
      "time": 38.143,
      "parameters": {"GEMMK": 1,"KREG": 2,"KWG": 1,"KWI": 1,"MDIMA": 8,"MDIMC": 8,"MWG": 8,"NDIMB": 8,"NDIMC": 8,"NWG": 128,"PRECISION": 32,"SA": 0,"SB": 0,"STRM": 0,"STRN": 0,"VWM": 1,"VWN": 1}
    },
    {
      "kernel": "Xgemm",
      "time": 239.371,
      "parameters": {"GEMMK": 1,"KREG": 16,"KWG": 1,"KWI": 1,"MDIMA": 2,"MDIMC": 2,"MWG": 16,"NDIMB": 8,"NDIMC": 8,"NWG": 32,"PRECISION": 32,"SA": 0,"SB": 0,"STRM": 0,"STRN": 0,"VWM": 2,"VWN": 1}
    },
    {
      "kernel": "Xgemm",
      "time": 86.961,
      "parameters": {"GEMMK": 1,"KREG": 16,"KWG": 1,"KWI": 1,"MDIMA": 8,"MDIMC": 8,"MWG": 64,"NDIMB": 4,"NDIMC": 4,"NWG": 64,"PRECISION": 32,"SA": 0,"SB": 0,"STRM": 0,"STRN": 0,"VWM": 8,"VWN": 1}
    },
    {
      "kernel": "Xgemm",
      "time": 17.899,
      "parameters": {"GEMMK": 1,"KREG": 4,"KWG": 1,"KWI": 1,"MDIMA": 4,"MDIMC": 4,"MWG": 32,"NDIMB": 8,"NDIMC": 8,"NWG": 32,"PRECISION": 32,"SA": 0,"SB": 0,"STRM": 0,"STRN": 0,"VWM": 4,"VWN": 1}
    },
    {
      "kernel": "Xgemm",
      "time": 116.651,
      "parameters": {"GEMMK": 1,"KREG": 8,"KWG": 1,"KWI": 1,"MDIMA": 2,"MDIMC": 2,"MWG": 8,"NDIMB": 8,"NDIMC": 8,"NWG": 128,"PRECISION": 32,"SA": 0,"SB": 0,"STRM": 0,"STRN": 0,"VWM": 2,"VWN": 8}
    },
    {
      "kernel": "Xgemm",
      "time": 346.943,
      "parameters": {"GEMMK": 1,"KREG": 8,"KWG": 1,"KWI": 1,"MDIMA": 2,"MDIMC": 2,"MWG": 64,"NDIMB": 2,"NDIMC": 2,"NWG": 128,"PRECISION": 32,"SA": 0,"SB": 0,"STRM": 0,"STRN": 0,"VWM": 1,"VWN": 8}
    },
    {
      "kernel": "Xgemm",
      "time": 145.687,
      "parameters": {"GEMMK": 1,"KREG": 8,"KWG": 1,"KWI": 1,"MDIMA": 8,"MDIMC": 8,"MWG": 128,"NDIMB": 16,"NDIMC": 16,"NWG": 128,"PRECISION": 32,"SA": 0,"SB": 0,"STRM": 0,"STRN": 0,"VWM": 1,"VWN": 2}
    },
    {
      "kernel": "Xgemm",
      "time": 36.777,
      "parameters": {"GEMMK": 1,"KREG": 1,"KWG": 1,"KWI": 1,"MDIMA": 16,"MDIMC": 16,"MWG": 128,"NDIMB": 16,"NDIMC": 16,"NWG": 128,"PRECISION": 32,"SA": 0,"SB": 0,"STRM": 0,"STRN": 0,"VWM": 1,"VWN": 1}
    },
    {
      "kernel": "Xgemm",
      "time": 24.946,
      "parameters": {"GEMMK": 1,"KREG": 1,"KWG": 1,"KWI": 1,"MDIMA": 4,"MDIMC": 4,"MWG": 128,"NDIMB": 8,"NDIMC": 8,"NWG": 16,"PRECISION": 32,"SA": 0,"SB": 0,"STRM": 0,"STRN": 0,"VWM": 4,"VWN": 1}
    },
    {
      "kernel": "Xgemm",
      "time": 59.228,
      "parameters": {"GEMMK": 1,"KREG": 1,"KWG": 1,"KWI": 1,"MDIMA": 2,"MDIMC": 2,"MWG": 8,"NDIMB": 8,"NDIMC": 8,"NWG": 8,"PRECISION": 32,"SA": 0,"SB": 0,"STRM": 0,"STRN": 0,"VWM": 2,"VWN": 1}
    },
    {
      "kernel": "Xgemm",
      "time": 15.983,
      "parameters": {"GEMMK": 1,"KREG": 4,"KWG": 1,"KWI": 1,"MDIMA": 16,"MDIMC": 16,"MWG": 128,"NDIMB": 8,"NDIMC": 8,"NWG": 32,"PRECISION": 32,"SA": 0,"SB": 0,"STRM": 0,"STRN": 0,"VWM": 4,"VWN": 2}
    },
    {
      "kernel": "Xgemm",
      "time": 290.836,
      "parameters": {"GEMMK": 1,"KREG": 8,"KWG": 1,"KWI": 1,"MDIMA": 2,"MDIMC": 2,"MWG": 64,"NDIMB": 4,"NDIMC": 4,"NWG": 64,"PRECISION": 32,"SA": 0,"SB": 0,"STRM": 0,"STRN": 0,"VWM": 2,"VWN": 8}
    },
    {
      "kernel": "Xgemm",
      "time": 223.082,
      "parameters": {"GEMMK": 1,"KREG": 8,"KWG": 1,"KWI": 1,"MDIMA": 16,"MDIMC": 16,"MWG": 64,"NDIMB": 2,"NDIMC": 2,"NWG": 128,"PRECISION": 32,"SA": 0,"SB": 0,"STRM": 0,"STRN": 0,"VWM": 4,"VWN": 1}
    },
    {
      "kernel": "Xgemm",
      "time": 10.694,
      "parameters": {"GEMMK": 1,"KREG": 4,"KWG": 1,"KWI": 1,"MDIMA": 2,"MDIMC": 2,"MWG": 32,"NDIMB": 32,"NDIMC": 32,"NWG": 128,"PRECISION": 32,"SA": 0,"SB": 0,"STRM": 0,"STRN": 0,"VWM": 2,"VWN": 4}
    },
    {
      "kernel": "Xgemm",
      "time": 259.177,
      "parameters": {"GEMMK": 1,"KREG": 2,"KWG": 1,"KWI": 1,"MDIMA": 2,"MDIMC": 2,"MWG": 16,"NDIMB": 2,"NDIMC": 2,"NWG": 64,"PRECISION": 32,"SA": 0,"SB": 0,"STRM": 0,"STRN": 0,"VWM": 4,"VWN": 1}
    },
    {
      "kernel": "Xgemm",
      "time": 100.014,
      "parameters": {"GEMMK": 1,"KREG": 4,"KWG": 1,"KWI": 1,"MDIMA": 8,"MDIMC": 8,"MWG": 64,"NDIMB": 4,"NDIMC": 4,"NWG": 32,"PRECISION": 32,"SA": 0,"SB": 0,"STRM": 0,"STRN": 0,"VWM": 1,"VWN": 2}
    },
    {
      "kernel": "Xgemm",
      "time": 67.933,
      "parameters": {"GEMMK": 1,"KREG": 8,"KWG": 1,"KWI": 1,"MDIMA": 8,"MDIMC": 8,"MWG": 128,"NDIMB": 2,"NDIMC": 2,"NWG": 64,"PRECISION": 32,"SA": 0,"SB": 0,"STRM": 0,"STRN": 0,"VWM": 2,"VWN": 2}
    },
    {
      "kernel": "Xgemm",
      "time": 60.449,
      "parameters": {"GEMMK": 1,"KREG": 4,"KWG": 1,"KWI": 1,"MDIMA": 8,"MDIMC": 8,"MWG": 64,"NDIMB": 4,"NDIMC": 4,"NWG": 16,"PRECISION": 32,"SA": 0,"SB": 0,"STRM": 0,"STRN": 0,"VWM": 1,"VWN": 2}
    },
    {
      "kernel": "Xgemm",
      "time": 33.632,
      "parameters": {"GEMMK": 1,"KREG": 16,"KWG": 1,"KWI": 1,"MDIMA": 32,"MDIMC": 32,"MWG": 128,"NDIMB": 4,"NDIMC": 4,"NWG": 16,"PRECISION": 32,"SA": 0,"SB": 0,"STRM": 0,"STRN": 0,"VWM": 2,"VWN": 2}
    },
    {
      "kernel": "Xgemm",
      "time": 91.967,
      "parameters": {"GEMMK": 1,"KREG": 16,"KWG": 1,"KWI": 1,"MDIMA": 4,"MDIMC": 4,"MWG": 32,"NDIMB": 4,"NDIMC": 4,"NWG": 128,"PRECISION": 32,"SA": 0,"SB": 0,"STRM": 0,"STRN": 0,"VWM": 1,"VWN": 1}
    },
    {
      "kernel": "Xgemm",
      "time": 45.731,
      "parameters": {"GEMMK": 1,"KREG": 1,"KWG": 1,"KWI": 1,"MDIMA": 2,"MDIMC": 2,"MWG": 32,"NDIMB": 8,"NDIMC": 8,"NWG": 8,"PRECISION": 32,"SA": 0,"SB": 0,"STRM": 0,"STRN": 0,"VWM": 2,"VWN": 1}
    },
    {
      "kernel": "Xgemm",
      "time": 9.891,
      "parameters": {"GEMMK": 1,"KREG": 4,"KWG": 1,"KWI": 1,"MDIMA": 4,"MDIMC": 4,"MWG": 16,"NDIMB": 8,"NDIMC": 8,"NWG": 128,"PRECISION": 32,"SA": 0,"SB": 0,"STRM": 0,"STRN": 0,"VWM": 4,"VWN": 4}
    },
    {
      "kernel": "Xgemm",
      "time": 21.946,
      "parameters": {"GEMMK": 1,"KREG": 2,"KWG": 1,"KWI": 1,"MDIMA": 2,"MDIMC": 2,"MWG": 8,"NDIMB": 16,"NDIMC": 16,"NWG": 32,"PRECISION": 32,"SA": 0,"SB": 0,"STRM": 0,"STRN": 0,"VWM": 2,"VWN": 2}
    },
    {
      "kernel": "Xgemm",
      "time": 233.838,
      "parameters": {"GEMMK": 1,"KREG": 2,"KWG": 1,"KWI": 1,"MDIMA": 2,"MDIMC": 2,"MWG": 32,"NDIMB": 2,"NDIMC": 2,"NWG": 16,"PRECISION": 32,"SA": 0,"SB": 0,"STRM": 0,"STRN": 0,"VWM": 2,"VWN": 1}
    },
    {
      "kernel": "Xgemm",
      "time": 648.113,
      "parameters": {"GEMMK": 1,"KREG": 2,"KWG": 1,"KWI": 1,"MDIMA": 8,"MDIMC": 8,"MWG": 128,"NDIMB": 8,"NDIMC": 8,"NWG": 128,"PRECISION": 32,"SA": 0,"SB": 0,"STRM": 0,"STRN": 0,"VWM": 8,"VWN": 1}
    },
    {
      "kernel": "Xgemm",
      "time": 213.618,
      "parameters": {"GEMMK": 1,"KREG": 8,"KWG": 1,"KWI": 1,"MDIMA": 16,"MDIMC": 16,"MWG": 64,"NDIMB": 8,"NDIMC": 8,"NWG": 128,"PRECISION": 32,"SA": 0,"SB": 0,"STRM": 0,"STRN": 0,"VWM": 2,"VWN": 2}
    },
    {
      "kernel": "Xgemm",
      "time": 16.097,
      "parameters": {"GEMMK": 1,"KREG": 2,"KWG": 1,"KWI": 1,"MDIMA": 32,"MDIMC": 32,"MWG": 64,"NDIMB": 8,"NDIMC": 8,"NWG": 32,"PRECISION": 32,"SA": 0,"SB": 0,"STRM": 0,"STRN": 0,"VWM": 2,"VWN": 2}
    },
    {
      "kernel": "Xgemm",
      "time": 30.409,
      "parameters": {"GEMMK": 1,"KREG": 4,"KWG": 1,"KWI": 1,"MDIMA": 8,"MDIMC": 8,"MWG": 64,"NDIMB": 4,"NDIMC": 4,"NWG": 8,"PRECISION": 32,"SA": 0,"SB": 0,"STRM": 0,"STRN": 0,"VWM": 4,"VWN": 2}
    },
    {
      "kernel": "Xgemm",
      "time": 34.385,
      "parameters": {"GEMMK": 1,"KREG": 4,"KWG": 1,"KWI": 1,"MDIMA": 8,"MDIMC": 8,"MWG": 16,"NDIMB": 2,"NDIMC": 2,"NWG": 16,"PRECISION": 32,"SA": 0,"SB": 0,"STRM": 0,"STRN": 0,"VWM": 1,"VWN": 2}
    },
    {
      "kernel": "Xgemm",
      "time": 68.700,
      "parameters": {"GEMMK": 1,"KREG": 16,"KWG": 1,"KWI": 1,"MDIMA": 8,"MDIMC": 8,"MWG": 16,"NDIMB": 32,"NDIMC": 32,"NWG": 128,"PRECISION": 32,"SA": 0,"SB": 0,"STRM": 0,"STRN": 0,"VWM": 2,"VWN": 1}
    },
    {
      "kernel": "Xgemm",
      "time": 337.405,
      "parameters": {"GEMMK": 1,"KREG": 16,"KWG": 1,"KWI": 1,"MDIMA": 2,"MDIMC": 2,"MWG": 64,"NDIMB": 4,"NDIMC": 4,"NWG": 16,"PRECISION": 32,"SA": 0,"SB": 0,"STRM": 0,"STRN": 0,"VWM": 8,"VWN": 4}
    },
    {
      "kernel": "Xgemm",
      "time": 178.722,
      "parameters": {"GEMMK": 1,"KREG": 16,"KWG": 1,"KWI": 1,"MDIMA": 4,"MDIMC": 4,"MWG": 32,"NDIMB": 16,"NDIMC": 16,"NWG": 16,"PRECISION": 32,"SA": 0,"SB": 0,"STRM": 0,"STRN": 0,"VWM": 2,"VWN": 1}
    },
    {
      "kernel": "Xgemm",
      "time": 602.233,
      "parameters": {"GEMMK": 1,"KREG": 1,"KWG": 1,"KWI": 1,"MDIMA": 2,"MDIMC": 2,"MWG": 128,"NDIMB": 32,"NDIMC": 32,"NWG": 128,"PRECISION": 32,"SA": 0,"SB": 0,"STRM": 0,"STRN": 0,"VWM": 1,"VWN": 1}
    },
    {
      "kernel": "Xgemm",
      "time": 155.857,
      "parameters": {"GEMMK": 1,"KREG": 4,"KWG": 1,"KWI": 1,"MDIMA": 2,"MDIMC": 2,"MWG": 16,"NDIMB": 2,"NDIMC": 2,"NWG": 64,"PRECISION": 32,"SA": 0,"SB": 0,"STRM": 0,"STRN": 0,"VWM": 8,"VWN": 4}
    },
    {
      "kernel": "Xgemm",
      "time": 60.803,
      "parameters": {"GEMMK": 1,"KREG": 8,"KWG": 1,"KWI": 1,"MDIMA": 16,"MDIMC": 16,"MWG": 64,"NDIMB": 4,"NDIMC": 4,"NWG": 8,"PRECISION": 32,"SA": 0,"SB": 0,"STRM": 0,"STRN": 0,"VWM": 1,"VWN": 2}
    },
    {
      "kernel": "Xgemm",
      "time": 30.338,
      "parameters": {"GEMMK": 1,"KREG": 2,"KWG": 1,"KWI": 1,"MDIMA": 4,"MDIMC": 4,"MWG": 32,"NDIMB": 32,"NDIMC": 32,"NWG": 128,"PRECISION": 32,"SA": 0,"SB": 0,"STRM": 0,"STRN": 0,"VWM": 2,"VWN": 1}
    },
    {
      "kernel": "Xgemm",
      "time": 68.189,
      "parameters": {"GEMMK": 1,"KREG": 4,"KWG": 1,"KWI": 1,"MDIMA": 8,"MDIMC": 8,"MWG": 64,"NDIMB": 4,"NDIMC": 4,"NWG": 32,"PRECISION": 32,"SA": 0,"SB": 0,"STRM": 0,"STRN": 0,"VWM": 1,"VWN": 4}
    },
    {
      "kernel": "Xgemm",
      "time": 26.143,
      "parameters": {"GEMMK": 1,"KREG": 8,"KWG": 1,"KWI": 1,"MDIMA": 2,"MDIMC": 2,"MWG": 16,"NDIMB": 32,"NDIMC": 32,"NWG": 128,"PRECISION": 32,"SA": 0,"SB": 0,"STRM": 0,"STRN": 0,"VWM": 2,"VWN": 2}
    },
    {
      "kernel": "Xgemm",
      "time": 321.153,
      "parameters": {"GEMMK": 1,"KREG": 16,"KWG": 1,"KWI": 1,"MDIMA": 8,"MDIMC": 8,"MWG": 64,"NDIMB": 2,"NDIMC": 2,"NWG": 8,"PRECISION": 32,"SA": 0,"SB": 0,"STRM": 0,"STRN": 0,"VWM": 1,"VWN": 2}
    },
    {
      "kernel": "Xgemm",
      "time": 263.897,
      "parameters": {"GEMMK": 1,"KREG": 16,"KWG": 1,"KWI": 1,"MDIMA": 4,"MDIMC": 4,"MWG": 8,"NDIMB": 2,"NDIMC": 2,"NWG": 64,"PRECISION": 32,"SA": 0,"SB": 0,"STRM": 0,"STRN": 0,"VWM": 1,"VWN": 1}
    },
    {
      "kernel": "Xgemm",
      "time": 65.392,
      "parameters": {"GEMMK": 1,"KREG": 2,"KWG": 1,"KWI": 1,"MDIMA": 4,"MDIMC": 4,"MWG": 16,"NDIMB": 32,"NDIMC": 32,"NWG": 64,"PRECISION": 32,"SA": 0,"SB": 0,"STRM": 0,"STRN": 0,"VWM": 1,"VWN": 2}
    },
    {
      "kernel": "Xgemm",
      "time": 48.484,
      "parameters": {"GEMMK": 1,"KREG": 2,"KWG": 1,"KWI": 1,"MDIMA": 8,"MDIMC": 8,"MWG": 128,"NDIMB": 32,"NDIMC": 32,"NWG": 64,"PRECISION": 32,"SA": 0,"SB": 0,"STRM": 0,"STRN": 0,"VWM": 2,"VWN": 1}
    },
    {
      "kernel": "Xgemm",
      "time": 56.126,
      "parameters": {"GEMMK": 1,"KREG": 2,"KWG": 1,"KWI": 1,"MDIMA": 16,"MDIMC": 16,"MWG": 128,"NDIMB": 4,"NDIMC": 4,"NWG": 16,"PRECISION": 32,"SA": 0,"SB": 0,"STRM": 0,"STRN": 0,"VWM": 1,"VWN": 1}
    },
    {
      "kernel": "Xgemm",
      "time": 21.294,
      "parameters": {"GEMMK": 1,"KREG": 2,"KWG": 1,"KWI": 1,"MDIMA": 16,"MDIMC": 16,"MWG": 32,"NDIMB": 8,"NDIMC": 8,"NWG": 128,"PRECISION": 32,"SA": 0,"SB": 0,"STRM": 0,"STRN": 0,"VWM": 2,"VWN": 1}
    },
    {
      "kernel": "Xgemm",
      "time": 50.064,
      "parameters": {"GEMMK": 1,"KREG": 4,"KWG": 1,"KWI": 1,"MDIMA": 4,"MDIMC": 4,"MWG": 128,"NDIMB": 16,"NDIMC": 16,"NWG": 16,"PRECISION": 32,"SA": 0,"SB": 0,"STRM": 0,"STRN": 0,"VWM": 2,"VWN": 1}
    },
    {
      "kernel": "Xgemm",
      "time": 40.953,
      "parameters": {"GEMMK": 1,"KREG": 8,"KWG": 1,"KWI": 1,"MDIMA": 32,"MDIMC": 32,"MWG": 64,"NDIMB": 2,"NDIMC": 2,"NWG": 32,"PRECISION": 32,"SA": 0,"SB": 0,"STRM": 0,"STRN": 0,"VWM": 2,"VWN": 8}
    },
    {
      "kernel": "Xgemm",
      "time": 353.727,
      "parameters": {"GEMMK": 1,"KREG": 2,"KWG": 1,"KWI": 1,"MDIMA": 2,"MDIMC": 2,"MWG": 16,"NDIMB": 2,"NDIMC": 2,"NWG": 32,"PRECISION": 32,"SA": 0,"SB": 0,"STRM": 0,"STRN": 0,"VWM": 2,"VWN": 1}
    },
    {
      "kernel": "Xgemm",
      "time": 348.827,
      "parameters": {"GEMMK": 1,"KREG": 2,"KWG": 1,"KWI": 1,"MDIMA": 4,"MDIMC": 4,"MWG": 128,"NDIMB": 4,"NDIMC": 4,"NWG": 32,"PRECISION": 32,"SA": 0,"SB": 0,"STRM": 0,"STRN": 0,"VWM": 1,"VWN": 1}
    },
    {
      "kernel": "Xgemm",
      "time": 74.958,
      "parameters": {"GEMMK": 1,"KREG": 16,"KWG": 1,"KWI": 1,"MDIMA": 2,"MDIMC": 2,"MWG": 16,"NDIMB": 8,"NDIMC": 8,"NWG": 64,"PRECISION": 32,"SA": 0,"SB": 0,"STRM": 0,"STRN": 0,"VWM": 1,"VWN": 8}
    },
    {
      "kernel": "Xgemm",
      "time": 114.310,
      "parameters": {"GEMMK": 1,"KREG": 4,"KWG": 1,"KWI": 1,"MDIMA": 4,"MDIMC": 4,"MWG": 32,"NDIMB": 2,"NDIMC": 2,"NWG": 16,"PRECISION": 32,"SA": 0,"SB": 0,"STRM": 0,"STRN": 0,"VWM": 2,"VWN": 1}
    },
    {
      "kernel": "Xgemm",
      "time": 53.276,
      "parameters": {"GEMMK": 1,"KREG": 2,"KWG": 1,"KWI": 1,"MDIMA": 16,"MDIMC": 16,"MWG": 128,"NDIMB": 8,"NDIMC": 8,"NWG": 32,"PRECISION": 32,"SA": 0,"SB": 0,"STRM": 0,"STRN": 0,"VWM": 1,"VWN": 2}
    },
    {
      "kernel": "Xgemm",
      "time": 144.272,
      "parameters": {"GEMMK": 1,"KREG": 4,"KWG": 1,"KWI": 1,"MDIMA": 4,"MDIMC": 4,"MWG": 128,"NDIMB": 4,"NDIMC": 4,"NWG": 64,"PRECISION": 32,"SA": 0,"SB": 0,"STRM": 0,"STRN": 0,"VWM": 1,"VWN": 4}
    },
    {
      "kernel": "Xgemm",
      "time": 150.967,
      "parameters": {"GEMMK": 1,"KREG": 8,"KWG": 1,"KWI": 1,"MDIMA": 8,"MDIMC": 8,"MWG": 128,"NDIMB": 8,"NDIMC": 8,"NWG": 64,"PRECISION": 32,"SA": 0,"SB": 0,"STRM": 0,"STRN": 0,"VWM": 1,"VWN": 4}
    },
    {
      "kernel": "Xgemm",
      "time": 248.545,
      "parameters": {"GEMMK": 1,"KREG": 16,"KWG": 1,"KWI": 1,"MDIMA": 4,"MDIMC": 4,"MWG": 8,"NDIMB": 4,"NDIMC": 4,"NWG": 64,"PRECISION": 32,"SA": 0,"SB": 0,"STRM": 0,"STRN": 0,"VWM": 1,"VWN": 2}
    },
    {
      "kernel": "Xgemm",
      "time": 41.829,
      "parameters": {"GEMMK": 1,"KREG": 1,"KWG": 1,"KWI": 1,"MDIMA": 32,"MDIMC": 32,"MWG": 32,"NDIMB": 16,"NDIMC": 16,"NWG": 64,"PRECISION": 32,"SA": 0,"SB": 0,"STRM": 0,"STRN": 0,"VWM": 1,"VWN": 1}
    },
    {
      "kernel": "Xgemm",
      "time": 658.465,
      "parameters": {"GEMMK": 1,"KREG": 16,"KWG": 1,"KWI": 1,"MDIMA": 16,"MDIMC": 16,"MWG": 16,"NDIMB": 4,"NDIMC": 4,"NWG": 128,"PRECISION": 32,"SA": 0,"SB": 0,"STRM": 0,"STRN": 0,"VWM": 1,"VWN": 2}
    },
    {
      "kernel": "Xgemm",
      "time": 20.345,
      "parameters": {"GEMMK": 1,"KREG": 2,"KWG": 1,"KWI": 1,"MDIMA": 8,"MDIMC": 8,"MWG": 32,"NDIMB": 4,"NDIMC": 4,"NWG": 64,"PRECISION": 32,"SA": 0,"SB": 0,"STRM": 0,"STRN": 0,"VWM": 1,"VWN": 2}
    },
    {
      "kernel": "Xgemm",
      "time": 338.273,
      "parameters": {"GEMMK": 1,"KREG": 4,"KWG": 1,"KWI": 1,"MDIMA": 2,"MDIMC": 2,"MWG": 64,"NDIMB": 2,"NDIMC": 2,"NWG": 8,"PRECISION": 32,"SA": 0,"SB": 0,"STRM": 0,"STRN": 0,"VWM": 1,"VWN": 1}
    },
    {
      "kernel": "Xgemm",
      "time": 30.835,
      "parameters": {"GEMMK": 1,"KREG": 4,"KWG": 1,"KWI": 1,"MDIMA": 8,"MDIMC": 8,"MWG": 8,"NDIMB": 8,"NDIMC": 8,"NWG": 128,"PRECISION": 32,"SA": 0,"SB": 0,"STRM": 0,"STRN": 0,"VWM": 1,"VWN": 2}
    },
    {
      "kernel": "Xgemm",
      "time": 27.538,
      "parameters": {"GEMMK": 1,"KREG": 4,"KWG": 1,"KWI": 1,"MDIMA": 8,"MDIMC": 8,"MWG": 32,"NDIMB": 32,"NDIMC": 32,"NWG": 128,"PRECISION": 32,"SA": 0,"SB": 0,"STRM": 0,"STRN": 0,"VWM": 4,"VWN": 2}
    },
    {
      "kernel": "Xgemm",
      "time": 50.015,
      "parameters": {"GEMMK": 1,"KREG": 8,"KWG": 1,"KWI": 1,"MDIMA": 2,"MDIMC": 2,"MWG": 32,"NDIMB": 8,"NDIMC": 8,"NWG": 128,"PRECISION": 32,"SA": 0,"SB": 0,"STRM": 0,"STRN": 0,"VWM": 4,"VWN": 8}
    },
    {
      "kernel": "Xgemm",
      "time": 120.651,
      "parameters": {"GEMMK": 1,"KREG": 4,"KWG": 1,"KWI": 1,"MDIMA": 8,"MDIMC": 8,"MWG": 16,"NDIMB": 4,"NDIMC": 4,"NWG": 64,"PRECISION": 32,"SA": 0,"SB": 0,"STRM": 0,"STRN": 0,"VWM": 1,"VWN": 1}
    },
    {
      "kernel": "Xgemm",
      "time": 153.977,
      "parameters": {"GEMMK": 1,"KREG": 1,"KWG": 1,"KWI": 1,"MDIMA": 2,"MDIMC": 2,"MWG": 16,"NDIMB": 4,"NDIMC": 4,"NWG": 64,"PRECISION": 32,"SA": 0,"SB": 0,"STRM": 0,"STRN": 0,"VWM": 1,"VWN": 1}
    },
    {
      "kernel": "Xgemm",
      "time": 192.247,
      "parameters": {"GEMMK": 1,"KREG": 16,"KWG": 1,"KWI": 1,"MDIMA": 4,"MDIMC": 4,"MWG": 32,"NDIMB": 2,"NDIMC": 2,"NWG": 16,"PRECISION": 32,"SA": 0,"SB": 0,"STRM": 0,"STRN": 0,"VWM": 1,"VWN": 1}
    },
    {
      "kernel": "Xgemm",
      "time": 81.914,
      "parameters": {"GEMMK": 1,"KREG": 16,"KWG": 1,"KWI": 1,"MDIMA": 4,"MDIMC": 4,"MWG": 8,"NDIMB": 2,"NDIMC": 2,"NWG": 8,"PRECISION": 32,"SA": 0,"SB": 0,"STRM": 0,"STRN": 0,"VWM": 2,"VWN": 2}
    },
    {
      "kernel": "Xgemm",
      "time": 59.200,
      "parameters": {"GEMMK": 1,"KREG": 1,"KWG": 1,"KWI": 1,"MDIMA": 8,"MDIMC": 8,"MWG": 16,"NDIMB": 2,"NDIMC": 2,"NWG": 8,"PRECISION": 32,"SA": 0,"SB": 0,"STRM": 0,"STRN": 0,"VWM": 1,"VWN": 1}
    },
    {
      "kernel": "Xgemm",
      "time": 71.410,
      "parameters": {"GEMMK": 1,"KREG": 16,"KWG": 1,"KWI": 1,"MDIMA": 16,"MDIMC": 16,"MWG": 128,"NDIMB": 2,"NDIMC": 2,"NWG": 128,"PRECISION": 32,"SA": 0,"SB": 0,"STRM": 0,"STRN": 0,"VWM": 4,"VWN": 2}
    },
    {
      "kernel": "Xgemm",
      "time": 75.113,
      "parameters": {"GEMMK": 1,"KREG": 4,"KWG": 1,"KWI": 1,"MDIMA": 4,"MDIMC": 4,"MWG": 128,"NDIMB": 4,"NDIMC": 4,"NWG": 64,"PRECISION": 32,"SA": 0,"SB": 0,"STRM": 0,"STRN": 0,"VWM": 8,"VWN": 1}
    },
    {
      "kernel": "Xgemm",
      "time": 221.276,
      "parameters": {"GEMMK": 1,"KREG": 16,"KWG": 1,"KWI": 1,"MDIMA": 2,"MDIMC": 2,"MWG": 16,"NDIMB": 4,"NDIMC": 4,"NWG": 8,"PRECISION": 32,"SA": 0,"SB": 0,"STRM": 0,"STRN": 0,"VWM": 4,"VWN": 1}
    },
    {
      "kernel": "Xgemm",
      "time": 47.142,
      "parameters": {"GEMMK": 1,"KREG": 2,"KWG": 1,"KWI": 1,"MDIMA": 8,"MDIMC": 8,"MWG": 128,"NDIMB": 32,"NDIMC": 32,"NWG": 64,"PRECISION": 32,"SA": 0,"SB": 0,"STRM": 0,"STRN": 0,"VWM": 2,"VWN": 2}
    },
    {
      "kernel": "Xgemm",
      "time": 36.446,
      "parameters": {"GEMMK": 1,"KREG": 2,"KWG": 1,"KWI": 1,"MDIMA": 2,"MDIMC": 2,"MWG": 8,"NDIMB": 16,"NDIMC": 16,"NWG": 128,"PRECISION": 32,"SA": 0,"SB": 0,"STRM": 0,"STRN": 0,"VWM": 4,"VWN": 1}
    },
    {
      "kernel": "Xgemm",
      "time": 121.209,
      "parameters": {"GEMMK": 1,"KREG": 16,"KWG": 1,"KWI": 1,"MDIMA": 4,"MDIMC": 4,"MWG": 16,"NDIMB": 8,"NDIMC": 8,"NWG": 32,"PRECISION": 32,"SA": 0,"SB": 0,"STRM": 0,"STRN": 0,"VWM": 1,"VWN": 2}
    },
    {
      "kernel": "Xgemm",
      "time": 328.581,
      "parameters": {"GEMMK": 1,"KREG": 16,"KWG": 1,"KWI": 1,"MDIMA": 32,"MDIMC": 32,"MWG": 64,"NDIMB": 4,"NDIMC": 4,"NWG": 128,"PRECISION": 32,"SA": 0,"SB": 0,"STRM": 0,"STRN": 0,"VWM": 2,"VWN": 8}
    },
    {
      "kernel": "Xgemm",
      "time": 93.139,
      "parameters": {"GEMMK": 1,"KREG": 4,"KWG": 1,"KWI": 1,"MDIMA": 2,"MDIMC": 2,"MWG": 64,"NDIMB": 4,"NDIMC": 4,"NWG": 32,"PRECISION": 32,"SA": 0,"SB": 0,"STRM": 0,"STRN": 0,"VWM": 8,"VWN": 4}
    },
    {
      "kernel": "Xgemm",
      "time": 62.911,
      "parameters": {"GEMMK": 1,"KREG": 8,"KWG": 1,"KWI": 1,"MDIMA": 2,"MDIMC": 2,"MWG": 32,"NDIMB": 8,"NDIMC": 8,"NWG": 16,"PRECISION": 32,"SA": 0,"SB": 0,"STRM": 0,"STRN": 0,"VWM": 2,"VWN": 1}
    },
    {
      "kernel": "Xgemm",
      "time": 83.063,
      "parameters": {"GEMMK": 1,"KREG": 8,"KWG": 1,"KWI": 1,"MDIMA": 4,"MDIMC": 4,"MWG": 64,"NDIMB": 2,"NDIMC": 2,"NWG": 32,"PRECISION": 32,"SA": 0,"SB": 0,"STRM": 0,"STRN": 0,"VWM": 2,"VWN": 4}
    },
    {
      "kernel": "Xgemm",
      "time": 59.747,
      "parameters": {"GEMMK": 1,"KREG": 8,"KWG": 1,"KWI": 1,"MDIMA": 8,"MDIMC": 8,"MWG": 64,"NDIMB": 2,"NDIMC": 2,"NWG": 64,"PRECISION": 32,"SA": 0,"SB": 0,"STRM": 0,"STRN": 0,"VWM": 4,"VWN": 4}
    },
    {
      "kernel": "Xgemm",
      "time": 107.106,
      "parameters": {"GEMMK": 1,"KREG": 16,"KWG": 1,"KWI": 1,"MDIMA": 8,"MDIMC": 8,"MWG": 8,"NDIMB": 2,"NDIMC": 2,"NWG": 8,"PRECISION": 32,"SA": 0,"SB": 0,"STRM": 0,"STRN": 0,"VWM": 1,"VWN": 1}
    },
    {
      "kernel": "Xgemm",
      "time": 70.560,
      "parameters": {"GEMMK": 1,"KREG": 16,"KWG": 1,"KWI": 1,"MDIMA": 16,"MDIMC": 16,"MWG": 64,"NDIMB": 16,"NDIMC": 16,"NWG": 16,"PRECISION": 32,"SA": 0,"SB": 0,"STRM": 0,"STRN": 0,"VWM": 2,"VWN": 1}
    },
    {
      "kernel": "Xgemm",
      "time": 29.624,
      "parameters": {"GEMMK": 1,"KREG": 2,"KWG": 1,"KWI": 1,"MDIMA": 4,"MDIMC": 4,"MWG": 128,"NDIMB": 16,"NDIMC": 16,"NWG": 32,"PRECISION": 32,"SA": 0,"SB": 0,"STRM": 0,"STRN": 0,"VWM": 2,"VWN": 1}
    },
    {
      "kernel": "Xgemm",
      "time": 362.451,
      "parameters": {"GEMMK": 1,"KREG": 2,"KWG": 1,"KWI": 1,"MDIMA": 4,"MDIMC": 4,"MWG": 128,"NDIMB": 8,"NDIMC": 8,"NWG": 32,"PRECISION": 32,"SA": 0,"SB": 0,"STRM": 0,"STRN": 0,"VWM": 4,"VWN": 1}
    },
    {
      "kernel": "Xgemm",
      "time": 223.122,
      "parameters": {"GEMMK": 1,"KREG": 8,"KWG": 1,"KWI": 1,"MDIMA": 2,"MDIMC": 2,"MWG": 64,"NDIMB": 4,"NDIMC": 4,"NWG": 128,"PRECISION": 32,"SA": 0,"SB": 0,"STRM": 0,"STRN": 0,"VWM": 4,"VWN": 1}
    },
    {
      "kernel": "Xgemm",
      "time": 61.503,
      "parameters": {"GEMMK": 1,"KREG": 16,"KWG": 1,"KWI": 1,"MDIMA": 4,"MDIMC": 4,"MWG": 8,"NDIMB": 8,"NDIMC": 8,"NWG": 64,"PRECISION": 32,"SA": 0,"SB": 0,"STRM": 0,"STRN": 0,"VWM": 1,"VWN": 8}
    },
    {
      "kernel": "Xgemm",
      "time": 149.195,
      "parameters": {"GEMMK": 1,"KREG": 16,"KWG": 1,"KWI": 1,"MDIMA": 4,"MDIMC": 4,"MWG": 16,"NDIMB": 16,"NDIMC": 16,"NWG": 128,"PRECISION": 32,"SA": 0,"SB": 0,"STRM": 0,"STRN": 0,"VWM": 4,"VWN": 1}
    },
    {
      "kernel": "Xgemm",
      "time": 86.806,
      "parameters": {"GEMMK": 1,"KREG": 16,"KWG": 1,"KWI": 1,"MDIMA": 8,"MDIMC": 8,"MWG": 32,"NDIMB": 4,"NDIMC": 4,"NWG": 32,"PRECISION": 32,"SA": 0,"SB": 0,"STRM": 0,"STRN": 0,"VWM": 4,"VWN": 8}
    },
    {
      "kernel": "Xgemm",
      "time": 228.445,
      "parameters": {"GEMMK": 1,"KREG": 8,"KWG": 1,"KWI": 1,"MDIMA": 4,"MDIMC": 4,"MWG": 128,"NDIMB": 2,"NDIMC": 2,"NWG": 32,"PRECISION": 32,"SA": 0,"SB": 0,"STRM": 0,"STRN": 0,"VWM": 4,"VWN": 4}
    },
    {
      "kernel": "Xgemm",
      "time": 108.232,
      "parameters": {"GEMMK": 1,"KREG": 4,"KWG": 1,"KWI": 1,"MDIMA": 2,"MDIMC": 2,"MWG": 16,"NDIMB": 4,"NDIMC": 4,"NWG": 128,"PRECISION": 32,"SA": 0,"SB": 0,"STRM": 0,"STRN": 0,"VWM": 8,"VWN": 2}
    },
    {
      "kernel": "Xgemm",
      "time": 148.327,
      "parameters": {"GEMMK": 1,"KREG": 16,"KWG": 1,"KWI": 1,"MDIMA": 8,"MDIMC": 8,"MWG": 32,"NDIMB": 4,"NDIMC": 4,"NWG": 64,"PRECISION": 32,"SA": 0,"SB": 0,"STRM": 0,"STRN": 0,"VWM": 1,"VWN": 4}
    },
    {
      "kernel": "Xgemm",
      "time": 91.395,
      "parameters": {"GEMMK": 1,"KREG": 8,"KWG": 1,"KWI": 1,"MDIMA": 16,"MDIMC": 16,"MWG": 128,"NDIMB": 8,"NDIMC": 8,"NWG": 32,"PRECISION": 32,"SA": 0,"SB": 0,"STRM": 0,"STRN": 0,"VWM": 1,"VWN": 2}
    },
    {
      "kernel": "Xgemm",
      "time": 670.495,
      "parameters": {"GEMMK": 1,"KREG": 16,"KWG": 1,"KWI": 1,"MDIMA": 2,"MDIMC": 2,"MWG": 64,"NDIMB": 2,"NDIMC": 2,"NWG": 8,"PRECISION": 32,"SA": 0,"SB": 0,"STRM": 0,"STRN": 0,"VWM": 4,"VWN": 4}
    },
    {
      "kernel": "Xgemm",
      "time": 82.135,
      "parameters": {"GEMMK": 1,"KREG": 8,"KWG": 1,"KWI": 1,"MDIMA": 8,"MDIMC": 8,"MWG": 64,"NDIMB": 4,"NDIMC": 4,"NWG": 64,"PRECISION": 32,"SA": 0,"SB": 0,"STRM": 0,"STRN": 0,"VWM": 2,"VWN": 2}
    },
    {
      "kernel": "Xgemm",
      "time": 134.748,
      "parameters": {"GEMMK": 1,"KREG": 8,"KWG": 1,"KWI": 1,"MDIMA": 8,"MDIMC": 8,"MWG": 32,"NDIMB": 4,"NDIMC": 4,"NWG": 128,"PRECISION": 32,"SA": 0,"SB": 0,"STRM": 0,"STRN": 0,"VWM": 2,"VWN": 2}
    },
    {
      "kernel": "Xgemm",
      "time": 28.034,
      "parameters": {"GEMMK": 1,"KREG": 8,"KWG": 1,"KWI": 1,"MDIMA": 32,"MDIMC": 32,"MWG": 32,"NDIMB": 8,"NDIMC": 8,"NWG": 32,"PRECISION": 32,"SA": 0,"SB": 0,"STRM": 0,"STRN": 0,"VWM": 1,"VWN": 2}
    },
    {
      "kernel": "Xgemm",
      "time": 157.072,
      "parameters": {"GEMMK": 1,"KREG": 16,"KWG": 1,"KWI": 1,"MDIMA": 8,"MDIMC": 8,"MWG": 128,"NDIMB": 4,"NDIMC": 4,"NWG": 32,"PRECISION": 32,"SA": 0,"SB": 0,"STRM": 0,"STRN": 0,"VWM": 8,"VWN": 4}
    },
    {
      "kernel": "Xgemm",
      "time": 17.950,
      "parameters": {"GEMMK": 1,"KREG": 4,"KWG": 1,"KWI": 1,"MDIMA": 16,"MDIMC": 16,"MWG": 128,"NDIMB": 16,"NDIMC": 16,"NWG": 128,"PRECISION": 32,"SA": 0,"SB": 0,"STRM": 0,"STRN": 0,"VWM": 2,"VWN": 2}
    },
    {
      "kernel": "Xgemm",
      "time": 154.189,
      "parameters": {"GEMMK": 1,"KREG": 4,"KWG": 1,"KWI": 1,"MDIMA": 8,"MDIMC": 8,"MWG": 128,"NDIMB": 4,"NDIMC": 4,"NWG": 8,"PRECISION": 32,"SA": 0,"SB": 0,"STRM": 0,"STRN": 0,"VWM": 1,"VWN": 2}
    },
    {
      "kernel": "Xgemm",
      "time": 13.248,
      "parameters": {"GEMMK": 1,"KREG": 2,"KWG": 1,"KWI": 1,"MDIMA": 2,"MDIMC": 2,"MWG": 32,"NDIMB": 32,"NDIMC": 32,"NWG": 128,"PRECISION": 32,"SA": 0,"SB": 0,"STRM": 0,"STRN": 0,"VWM": 8,"VWN": 2}
    },
    {
      "kernel": "Xgemm",
      "time": 13.747,
      "parameters": {"GEMMK": 1,"KREG": 16,"KWG": 1,"KWI": 1,"MDIMA": 16,"MDIMC": 16,"MWG": 64,"NDIMB": 16,"NDIMC": 16,"NWG": 64,"PRECISION": 32,"SA": 0,"SB": 0,"STRM": 0,"STRN": 0,"VWM": 4,"VWN": 2}
    },
    {
      "kernel": "Xgemm",
      "time": 267.569,
      "parameters": {"GEMMK": 1,"KREG": 16,"KWG": 1,"KWI": 1,"MDIMA": 8,"MDIMC": 8,"MWG": 128,"NDIMB": 2,"NDIMC": 2,"NWG": 32,"PRECISION": 32,"SA": 0,"SB": 0,"STRM": 0,"STRN": 0,"VWM": 1,"VWN": 1}
    },
    {
      "kernel": "Xgemm",
      "time": 24.687,
      "parameters": {"GEMMK": 1,"KREG": 4,"KWG": 1,"KWI": 1,"MDIMA": 8,"MDIMC": 8,"MWG": 16,"NDIMB": 16,"NDIMC": 16,"NWG": 128,"PRECISION": 32,"SA": 0,"SB": 0,"STRM": 0,"STRN": 0,"VWM": 2,"VWN": 4}
    },
    {
      "kernel": "Xgemm",
      "time": 56.816,
      "parameters": {"GEMMK": 1,"KREG": 8,"KWG": 1,"KWI": 1,"MDIMA": 8,"MDIMC": 8,"MWG": 64,"NDIMB": 2,"NDIMC": 2,"NWG": 16,"PRECISION": 32,"SA": 0,"SB": 0,"STRM": 0,"STRN": 0,"VWM": 2,"VWN": 4}
    },
    {
      "kernel": "Xgemm",
      "time": 677.232,
      "parameters": {"GEMMK": 1,"KREG": 2,"KWG": 1,"KWI": 1,"MDIMA": 2,"MDIMC": 2,"MWG": 128,"NDIMB": 4,"NDIMC": 4,"NWG": 8,"PRECISION": 32,"SA": 0,"SB": 0,"STRM": 0,"STRN": 0,"VWM": 1,"VWN": 1}
    },
    {
      "kernel": "Xgemm",
      "time": 82.394,
      "parameters": {"GEMMK": 1,"KREG": 16,"KWG": 1,"KWI": 1,"MDIMA": 32,"MDIMC": 32,"MWG": 32,"NDIMB": 8,"NDIMC": 8,"NWG": 8,"PRECISION": 32,"SA": 0,"SB": 0,"STRM": 0,"STRN": 0,"VWM": 1,"VWN": 1}
    }
  ]
}
