{
  "kernel_family": "xgemv_fast",
  "precision": "16",
  "best_kernel": "XgemvFast",
  "best_time": "0.90",
  "best_parameters": "PRECISION=16 VW2=4 WGS2=32 WPT2=4",
  "arg_m": "2048",
  "arg_n": "2048",
  "arg_alpha": "2.000000",
  "arg_beta": "2.000000",
  "clblast_device_type": "GPU",
  "clblast_device_vendor": "QUALCOMM",
  "clblast_device_architecture": "OpenCL C 3.0 Adreno(TM) 730",
  "clblast_device_name": "QUALCOMM Adreno(TM)",
  "device": "QUALCOMM Adreno(TM)",
  "platform_vendor": "QUALCOMM",
  "platform_version": "OpenCL 3.0 QUALCOMM build: commit #2addc0741b changeid #I701168ee75 Date: 01/12/22 Wed Local Branch:  Remote Branch: ",
  "device_vendor": "QUALCOMM",
  "device_type": "GPU",
  "device_core_clock": "1",
  "device_compute_units": "4",
  "device_extra_info": "",
  "results": [
    {
      "kernel": "XgemvFast",
      "time": 1.110,
      "parameters": {"PRECISION": 16,"VW2": 1,"WGS2": 16,"WPT2": 1}
    },
    {
      "kernel": "XgemvFast",
      "time": 1.056,
      "parameters": {"PRECISION": 16,"VW2": 1,"WGS2": 16,"WPT2": 2}
    },
    {
      "kernel": "XgemvFast",
      "time": 1.365,
      "parameters": {"PRECISION": 16,"VW2": 2,"WGS2": 16,"WPT2": 2}
    },
    {
      "kernel": "XgemvFast",
      "time": 1.062,
      "parameters": {"PRECISION": 16,"VW2": 1,"WGS2": 16,"WPT2": 4}
    },
    {
      "kernel": "XgemvFast",
      "time": 1.554,
      "parameters": {"PRECISION": 16,"VW2": 2,"WGS2": 16,"WPT2": 4}
    },
    {
      "kernel": "XgemvFast",
      "time": 0.908,
      "parameters": {"PRECISION": 16,"VW2": 4,"WGS2": 16,"WPT2": 4}
    },
    {
      "kernel": "XgemvFast",
      "time": 0.970,
      "parameters": {"PRECISION": 16,"VW2": 1,"WGS2": 32,"WPT2": 1}
    },
    {
      "kernel": "XgemvFast",
      "time": 0.917,
      "parameters": {"PRECISION": 16,"VW2": 1,"WGS2": 32,"WPT2": 2}
    },
    {
      "kernel": "XgemvFast",
      "time": 1.492,
      "parameters": {"PRECISION": 16,"VW2": 2,"WGS2": 32,"WPT2": 2}
    },
    {
      "kernel": "XgemvFast",
      "time": 1.620,
      "parameters": {"PRECISION": 16,"VW2": 1,"WGS2": 32,"WPT2": 4}
    },
    {
      "kernel": "XgemvFast",
      "time": 1.658,
      "parameters": {"PRECISION": 16,"VW2": 2,"WGS2": 32,"WPT2": 4}
    },
    {
      "kernel": "XgemvFast",
      "time": 0.901,
      "parameters": {"PRECISION": 16,"VW2": 4,"WGS2": 32,"WPT2": 4}
    },
    {
      "kernel": "XgemvFast",
      "time": 0.953,
      "parameters": {"PRECISION": 16,"VW2": 1,"WGS2": 64,"WPT2": 1}
    },
    {
      "kernel": "XgemvFast",
      "time": 1.532,
      "parameters": {"PRECISION": 16,"VW2": 1,"WGS2": 64,"WPT2": 2}
    },
    {
      "kernel": "XgemvFast",
      "time": 1.468,
      "parameters": {"PRECISION": 16,"VW2": 2,"WGS2": 64,"WPT2": 2}
    },
    {
      "kernel": "XgemvFast",
      "time": 1.326,
      "parameters": {"PRECISION": 16,"VW2": 1,"WGS2": 64,"WPT2": 4}
    },
    {
      "kernel": "XgemvFast",
      "time": 1.719,
      "parameters": {"PRECISION": 16,"VW2": 2,"WGS2": 64,"WPT2": 4}
    },
    {
      "kernel": "XgemvFast",
      "time": 1.533,
      "parameters": {"PRECISION": 16,"VW2": 4,"WGS2": 64,"WPT2": 4}
    },
    {
      "kernel": "XgemvFast",
      "time": 1.528,
      "parameters": {"PRECISION": 16,"VW2": 1,"WGS2": 128,"WPT2": 1}
    },
    {
      "kernel": "XgemvFast",
      "time": 1.678,
      "parameters": {"PRECISION": 16,"VW2": 1,"WGS2": 128,"WPT2": 2}
    },
    {
      "kernel": "XgemvFast",
      "time": 1.608,
      "parameters": {"PRECISION": 16,"VW2": 2,"WGS2": 128,"WPT2": 2}
    },
    {
      "kernel": "XgemvFast",
      "time": 2.268,
      "parameters": {"PRECISION": 16,"VW2": 1,"WGS2": 128,"WPT2": 4}
    },
    {
      "kernel": "XgemvFast",
      "time": 1.982,
      "parameters": {"PRECISION": 16,"VW2": 2,"WGS2": 128,"WPT2": 4}
    },
    {
      "kernel": "XgemvFast",
      "time": 1.733,
      "parameters": {"PRECISION": 16,"VW2": 4,"WGS2": 128,"WPT2": 4}
    },
    {
      "kernel": "XgemvFast",
      "time": 1.524,
      "parameters": {"PRECISION": 16,"VW2": 1,"WGS2": 256,"WPT2": 1}
    },
    {
      "kernel": "XgemvFast",
      "time": 1.698,
      "parameters": {"PRECISION": 16,"VW2": 1,"WGS2": 256,"WPT2": 2}
    },
    {
      "kernel": "XgemvFast",
      "time": 1.605,
      "parameters": {"PRECISION": 16,"VW2": 2,"WGS2": 256,"WPT2": 2}
    },
    {
      "kernel": "XgemvFast",
      "time": 2.008,
      "parameters": {"PRECISION": 16,"VW2": 1,"WGS2": 256,"WPT2": 4}
    },
    {
      "kernel": "XgemvFast",
      "time": 1.870,
      "parameters": {"PRECISION": 16,"VW2": 2,"WGS2": 256,"WPT2": 4}
    },
    {
      "kernel": "XgemvFast",
      "time": 1.686,
      "parameters": {"PRECISION": 16,"VW2": 4,"WGS2": 256,"WPT2": 4}
    }
  ]
}
