{
  "kernel_family": "xgemm_2",
  "precision": "16",
  "best_kernel": "Xgemm",
  "best_time": "4.30",
  "best_parameters": "GEMMK=0 KREG=1 KWG=32 KWI=2 MDIMA=32 MDIMC=32 MWG=128 NDIMB=8 NDIMC=8 NWG=128 PRECISION=16 SA=0 SB=0 STRM=0 STRN=1 VWM=2 VWN=8",
  "arg_m": "1024",
  "arg_n": "1024",
  "arg_k": "1024",
  "arg_alpha": "2.000000",
  "arg_beta": "2.000000",
  "clblast_device_type": "GPU",
  "clblast_device_vendor": "QUALCOMM",
  "clblast_device_architecture": "OpenCL C 3.0 Adreno(TM) 730",
  "clblast_device_name": "QUALCOMM Adreno(TM)",
  "device": "QUALCOMM Adreno(TM)",
  "platform_vendor": "QUALCOMM",
  "platform_version": "OpenCL 3.0 QUALCOMM build: commit #2addc0741b changeid #I701168ee75 Date: 01/12/22 Wed Local Branch:  Remote Branch: ",
  "device_vendor": "QUALCOMM",
  "device_type": "GPU",
  "device_core_clock": "1",
  "device_compute_units": "4",
  "device_extra_info": "",
  "results": [
    {
      "kernel": "Xgemm",
      "time": 21.380,
      "parameters": {"GEMMK": 0,"KREG": 1,"KWG": 32,"KWI": 2,"MDIMA": 8,"MDIMC": 8,"MWG": 64,"NDIMB": 8,"NDIMC": 8,"NWG": 64,"PRECISION": 16,"SA": 1,"SB": 0,"STRM": 1,"STRN": 1,"VWM": 1,"VWN": 4}
    },
    {
      "kernel": "Xgemm",
      "time": 41.711,
      "parameters": {"GEMMK": 0,"KREG": 1,"KWG": 32,"KWI": 2,"MDIMA": 32,"MDIMC": 16,"MWG": 32,"NDIMB": 32,"NDIMC": 16,"NWG": 64,"PRECISION": 16,"SA": 1,"SB": 0,"STRM": 0,"STRN": 0,"VWM": 1,"VWN": 1}
    },
    {
      "kernel": "Xgemm",
      "time": 26.120,
      "parameters": {"GEMMK": 0,"KREG": 1,"KWG": 32,"KWI": 2,"MDIMA": 8,"MDIMC": 16,"MWG": 128,"NDIMB": 16,"NDIMC": 8,"NWG": 16,"PRECISION": 16,"SA": 1,"SB": 1,"STRM": 0,"STRN": 1,"VWM": 2,"VWN": 1}
    },
    {
      "kernel": "Xgemm",
      "time": 19.042,
      "parameters": {"GEMMK": 0,"KREG": 1,"KWG": 32,"KWI": 2,"MDIMA": 8,"MDIMC": 8,"MWG": 32,"NDIMB": 32,"NDIMC": 32,"NWG": 64,"PRECISION": 16,"SA": 1,"SB": 1,"STRM": 1,"STRN": 1,"VWM": 4,"VWN": 1}
    },
    {
      "kernel": "Xgemm",
      "time": 8.991,
      "parameters": {"GEMMK": 0,"KREG": 1,"KWG": 32,"KWI": 2,"MDIMA": 16,"MDIMC": 16,"MWG": 128,"NDIMB": 16,"NDIMC": 8,"NWG": 128,"PRECISION": 16,"SA": 1,"SB": 0,"STRM": 0,"STRN": 1,"VWM": 4,"VWN": 4}
    },
    {
      "kernel": "Xgemm",
      "time": 18.671,
      "parameters": {"GEMMK": 0,"KREG": 1,"KWG": 16,"KWI": 2,"MDIMA": 32,"MDIMC": 16,"MWG": 64,"NDIMB": 16,"NDIMC": 16,"NWG": 64,"PRECISION": 16,"SA": 0,"SB": 1,"STRM": 0,"STRN": 1,"VWM": 2,"VWN": 4}
    },
    {
      "kernel": "Xgemm",
      "time": 18.929,
      "parameters": {"GEMMK": 0,"KREG": 1,"KWG": 16,"KWI": 2,"MDIMA": 16,"MDIMC": 16,"MWG": 64,"NDIMB": 8,"NDIMC": 8,"NWG": 128,"PRECISION": 16,"SA": 0,"SB": 0,"STRM": 1,"STRN": 0,"VWM": 4,"VWN": 1}
    },
    {
      "kernel": "Xgemm",
      "time": 66.908,
      "parameters": {"GEMMK": 0,"KREG": 1,"KWG": 32,"KWI": 2,"MDIMA": 8,"MDIMC": 8,"MWG": 128,"NDIMB": 32,"NDIMC": 16,"NWG": 64,"PRECISION": 16,"SA": 0,"SB": 1,"STRM": 0,"STRN": 1,"VWM": 1,"VWN": 2}
    },
    {
      "kernel": "Xgemm",
      "time": 28.654,
      "parameters": {"GEMMK": 0,"KREG": 1,"KWG": 32,"KWI": 2,"MDIMA": 32,"MDIMC": 8,"MWG": 32,"NDIMB": 16,"NDIMC": 8,"NWG": 64,"PRECISION": 16,"SA": 1,"SB": 0,"STRM": 1,"STRN": 0,"VWM": 1,"VWN": 1}
    },
    {
      "kernel": "Xgemm",
      "time": 26.059,
      "parameters": {"GEMMK": 0,"KREG": 1,"KWG": 16,"KWI": 2,"MDIMA": 16,"MDIMC": 8,"MWG": 64,"NDIMB": 16,"NDIMC": 8,"NWG": 128,"PRECISION": 16,"SA": 1,"SB": 1,"STRM": 0,"STRN": 1,"VWM": 1,"VWN": 1}
    },
    {
      "kernel": "Xgemm",
      "time": 612.256,
      "parameters": {"GEMMK": 0,"KREG": 1,"KWG": 16,"KWI": 2,"MDIMA": 16,"MDIMC": 8,"MWG": 128,"NDIMB": 8,"NDIMC": 8,"NWG": 128,"PRECISION": 16,"SA": 0,"SB": 0,"STRM": 0,"STRN": 1,"VWM": 1,"VWN": 4}
    },
    {
      "kernel": "Xgemm",
      "time": 15.631,
      "parameters": {"GEMMK": 0,"KREG": 1,"KWG": 16,"KWI": 2,"MDIMA": 32,"MDIMC": 16,"MWG": 64,"NDIMB": 32,"NDIMC": 32,"NWG": 128,"PRECISION": 16,"SA": 1,"SB": 0,"STRM": 1,"STRN": 1,"VWM": 2,"VWN": 4}
    },
    {
      "kernel": "Xgemm",
      "time": 34.643,
      "parameters": {"GEMMK": 0,"KREG": 1,"KWG": 16,"KWI": 2,"MDIMA": 8,"MDIMC": 8,"MWG": 64,"NDIMB": 8,"NDIMC": 8,"NWG": 16,"PRECISION": 16,"SA": 0,"SB": 0,"STRM": 1,"STRN": 1,"VWM": 4,"VWN": 1}
    },
    {
      "kernel": "Xgemm",
      "time": 8.238,
      "parameters": {"GEMMK": 0,"KREG": 1,"KWG": 32,"KWI": 2,"MDIMA": 8,"MDIMC": 16,"MWG": 128,"NDIMB": 8,"NDIMC": 8,"NWG": 64,"PRECISION": 16,"SA": 1,"SB": 0,"STRM": 0,"STRN": 0,"VWM": 2,"VWN": 4}
    },
    {
      "kernel": "Xgemm",
      "time": 21.919,
      "parameters": {"GEMMK": 0,"KREG": 1,"KWG": 32,"KWI": 2,"MDIMA": 32,"MDIMC": 32,"MWG": 64,"NDIMB": 8,"NDIMC": 8,"NWG": 64,"PRECISION": 16,"SA": 0,"SB": 0,"STRM": 0,"STRN": 0,"VWM": 1,"VWN": 4}
    },
    {
      "kernel": "Xgemm",
      "time": 22.852,
      "parameters": {"GEMMK": 0,"KREG": 1,"KWG": 32,"KWI": 2,"MDIMA": 8,"MDIMC": 8,"MWG": 64,"NDIMB": 16,"NDIMC": 8,"NWG": 64,"PRECISION": 16,"SA": 0,"SB": 0,"STRM": 0,"STRN": 1,"VWM": 2,"VWN": 1}
    },
    {
      "kernel": "Xgemm",
      "time": 15.041,
      "parameters": {"GEMMK": 0,"KREG": 1,"KWG": 32,"KWI": 2,"MDIMA": 16,"MDIMC": 16,"MWG": 128,"NDIMB": 16,"NDIMC": 8,"NWG": 64,"PRECISION": 16,"SA": 0,"SB": 0,"STRM": 1,"STRN": 0,"VWM": 8,"VWN": 1}
    },
    {
      "kernel": "Xgemm",
      "time": 8.279,
      "parameters": {"GEMMK": 0,"KREG": 1,"KWG": 32,"KWI": 2,"MDIMA": 8,"MDIMC": 16,"MWG": 128,"NDIMB": 16,"NDIMC": 16,"NWG": 64,"PRECISION": 16,"SA": 1,"SB": 1,"STRM": 1,"STRN": 0,"VWM": 2,"VWN": 2}
    },
    {
      "kernel": "Xgemm",
      "time": 8.331,
      "parameters": {"GEMMK": 0,"KREG": 1,"KWG": 32,"KWI": 2,"MDIMA": 32,"MDIMC": 32,"MWG": 128,"NDIMB": 16,"NDIMC": 8,"NWG": 64,"PRECISION": 16,"SA": 1,"SB": 1,"STRM": 0,"STRN": 1,"VWM": 2,"VWN": 2}
    },
    {
      "kernel": "Xgemm",
      "time": 23.324,
      "parameters": {"GEMMK": 0,"KREG": 1,"KWG": 16,"KWI": 2,"MDIMA": 32,"MDIMC": 8,"MWG": 128,"NDIMB": 32,"NDIMC": 8,"NWG": 64,"PRECISION": 16,"SA": 1,"SB": 0,"STRM": 1,"STRN": 1,"VWM": 2,"VWN": 1}
    },
    {
      "kernel": "Xgemm",
      "time": 52.983,
      "parameters": {"GEMMK": 0,"KREG": 1,"KWG": 32,"KWI": 2,"MDIMA": 32,"MDIMC": 8,"MWG": 64,"NDIMB": 8,"NDIMC": 8,"NWG": 16,"PRECISION": 16,"SA": 0,"SB": 1,"STRM": 1,"STRN": 0,"VWM": 1,"VWN": 1}
    },
    {
      "kernel": "Xgemm",
      "time": 32.278,
      "parameters": {"GEMMK": 0,"KREG": 1,"KWG": 32,"KWI": 2,"MDIMA": 16,"MDIMC": 16,"MWG": 128,"NDIMB": 16,"NDIMC": 16,"NWG": 64,"PRECISION": 16,"SA": 0,"SB": 1,"STRM": 1,"STRN": 0,"VWM": 1,"VWN": 4}
    },
    {
      "kernel": "Xgemm",
      "time": 38.097,
      "parameters": {"GEMMK": 0,"KREG": 1,"KWG": 32,"KWI": 2,"MDIMA": 16,"MDIMC": 16,"MWG": 64,"NDIMB": 32,"NDIMC": 32,"NWG": 32,"PRECISION": 16,"SA": 1,"SB": 0,"STRM": 0,"STRN": 0,"VWM": 1,"VWN": 1}
    },
    {
      "kernel": "Xgemm",
      "time": 10.682,
      "parameters": {"GEMMK": 0,"KREG": 1,"KWG": 32,"KWI": 2,"MDIMA": 16,"MDIMC": 32,"MWG": 64,"NDIMB": 8,"NDIMC": 8,"NWG": 64,"PRECISION": 16,"SA": 0,"SB": 1,"STRM": 1,"STRN": 1,"VWM": 2,"VWN": 4}
    },
    {
      "kernel": "Xgemm",
      "time": 19.032,
      "parameters": {"GEMMK": 0,"KREG": 1,"KWG": 32,"KWI": 2,"MDIMA": 16,"MDIMC": 32,"MWG": 64,"NDIMB": 16,"NDIMC": 16,"NWG": 128,"PRECISION": 16,"SA": 0,"SB": 1,"STRM": 1,"STRN": 1,"VWM": 1,"VWN": 2}
    },
    {
      "kernel": "Xgemm",
      "time": 9.678,
      "parameters": {"GEMMK": 0,"KREG": 1,"KWG": 32,"KWI": 2,"MDIMA": 16,"MDIMC": 32,"MWG": 128,"NDIMB": 16,"NDIMC": 8,"NWG": 64,"PRECISION": 16,"SA": 0,"SB": 1,"STRM": 0,"STRN": 1,"VWM": 2,"VWN": 2}
    },
    {
      "kernel": "Xgemm",
      "time": 107.977,
      "parameters": {"GEMMK": 0,"KREG": 1,"KWG": 32,"KWI": 2,"MDIMA": 16,"MDIMC": 16,"MWG": 16,"NDIMB": 8,"NDIMC": 16,"NWG": 16,"PRECISION": 16,"SA": 0,"SB": 1,"STRM": 1,"STRN": 0,"VWM": 1,"VWN": 1}
    },
    {
      "kernel": "Xgemm",
      "time": 25.711,
      "parameters": {"GEMMK": 0,"KREG": 1,"KWG": 32,"KWI": 2,"MDIMA": 16,"MDIMC": 8,"MWG": 128,"NDIMB": 32,"NDIMC": 32,"NWG": 64,"PRECISION": 16,"SA": 0,"SB": 0,"STRM": 0,"STRN": 1,"VWM": 8,"VWN": 1}
    },
    {
      "kernel": "Xgemm",
      "time": 232.042,
      "parameters": {"GEMMK": 0,"KREG": 1,"KWG": 32,"KWI": 2,"MDIMA": 8,"MDIMC": 8,"MWG": 128,"NDIMB": 16,"NDIMC": 8,"NWG": 128,"PRECISION": 16,"SA": 0,"SB": 0,"STRM": 0,"STRN": 1,"VWM": 4,"VWN": 1}
    },
    {
      "kernel": "Xgemm",
      "time": 21.791,
      "parameters": {"GEMMK": 0,"KREG": 1,"KWG": 32,"KWI": 2,"MDIMA": 16,"MDIMC": 16,"MWG": 128,"NDIMB": 32,"NDIMC": 16,"NWG": 128,"PRECISION": 16,"SA": 1,"SB": 0,"STRM": 0,"STRN": 0,"VWM": 1,"VWN": 2}
    },
    {
      "kernel": "Xgemm",
      "time": 65.666,
      "parameters": {"GEMMK": 0,"KREG": 1,"KWG": 16,"KWI": 2,"MDIMA": 16,"MDIMC": 32,"MWG": 64,"NDIMB": 32,"NDIMC": 8,"NWG": 64,"PRECISION": 16,"SA": 0,"SB": 0,"STRM": 1,"STRN": 1,"VWM": 1,"VWN": 1}
    },
    {
      "kernel": "Xgemm",
      "time": 107.574,
      "parameters": {"GEMMK": 0,"KREG": 1,"KWG": 16,"KWI": 2,"MDIMA": 16,"MDIMC": 8,"MWG": 16,"NDIMB": 16,"NDIMC": 16,"NWG": 16,"PRECISION": 16,"SA": 1,"SB": 1,"STRM": 0,"STRN": 0,"VWM": 1,"VWN": 1}
    },
    {
      "kernel": "Xgemm",
      "time": 46.097,
      "parameters": {"GEMMK": 0,"KREG": 1,"KWG": 32,"KWI": 2,"MDIMA": 8,"MDIMC": 8,"MWG": 16,"NDIMB": 8,"NDIMC": 16,"NWG": 64,"PRECISION": 16,"SA": 1,"SB": 0,"STRM": 0,"STRN": 0,"VWM": 1,"VWN": 1}
    },
    {
      "kernel": "Xgemm",
      "time": 15.112,
      "parameters": {"GEMMK": 0,"KREG": 1,"KWG": 16,"KWI": 2,"MDIMA": 16,"MDIMC": 8,"MWG": 128,"NDIMB": 32,"NDIMC": 32,"NWG": 128,"PRECISION": 16,"SA": 0,"SB": 0,"STRM": 1,"STRN": 0,"VWM": 4,"VWN": 4}
    },
    {
      "kernel": "Xgemm",
      "time": 19.596,
      "parameters": {"GEMMK": 0,"KREG": 1,"KWG": 16,"KWI": 2,"MDIMA": 32,"MDIMC": 16,"MWG": 32,"NDIMB": 8,"NDIMC": 8,"NWG": 64,"PRECISION": 16,"SA": 0,"SB": 1,"STRM": 1,"STRN": 0,"VWM": 1,"VWN": 4}
    },
    {
      "kernel": "Xgemm",
      "time": 64.105,
      "parameters": {"GEMMK": 0,"KREG": 1,"KWG": 32,"KWI": 2,"MDIMA": 8,"MDIMC": 8,"MWG": 16,"NDIMB": 16,"NDIMC": 32,"NWG": 32,"PRECISION": 16,"SA": 1,"SB": 1,"STRM": 1,"STRN": 1,"VWM": 1,"VWN": 1}
    },
    {
      "kernel": "Xgemm",
      "time": 24.907,
      "parameters": {"GEMMK": 0,"KREG": 1,"KWG": 16,"KWI": 2,"MDIMA": 16,"MDIMC": 16,"MWG": 64,"NDIMB": 8,"NDIMC": 8,"NWG": 32,"PRECISION": 16,"SA": 1,"SB": 0,"STRM": 0,"STRN": 1,"VWM": 4,"VWN": 1}
    },
    {
      "kernel": "Xgemm",
      "time": 8.161,
      "parameters": {"GEMMK": 0,"KREG": 1,"KWG": 16,"KWI": 2,"MDIMA": 8,"MDIMC": 8,"MWG": 32,"NDIMB": 8,"NDIMC": 16,"NWG": 128,"PRECISION": 16,"SA": 1,"SB": 0,"STRM": 0,"STRN": 1,"VWM": 4,"VWN": 4}
    },
    {
      "kernel": "Xgemm",
      "time": 9.753,
      "parameters": {"GEMMK": 0,"KREG": 1,"KWG": 32,"KWI": 2,"MDIMA": 16,"MDIMC": 16,"MWG": 64,"NDIMB": 8,"NDIMC": 8,"NWG": 32,"PRECISION": 16,"SA": 1,"SB": 0,"STRM": 1,"STRN": 1,"VWM": 4,"VWN": 4}
    },
    {
      "kernel": "Xgemm",
      "time": 23.881,
      "parameters": {"GEMMK": 0,"KREG": 1,"KWG": 32,"KWI": 2,"MDIMA": 32,"MDIMC": 8,"MWG": 32,"NDIMB": 32,"NDIMC": 16,"NWG": 32,"PRECISION": 16,"SA": 1,"SB": 1,"STRM": 1,"STRN": 0,"VWM": 1,"VWN": 1}
    },
    {
      "kernel": "Xgemm",
      "time": 10.791,
      "parameters": {"GEMMK": 0,"KREG": 1,"KWG": 32,"KWI": 2,"MDIMA": 32,"MDIMC": 32,"MWG": 64,"NDIMB": 8,"NDIMC": 8,"NWG": 64,"PRECISION": 16,"SA": 0,"SB": 1,"STRM": 1,"STRN": 0,"VWM": 2,"VWN": 4}
    },
    {
      "kernel": "Xgemm",
      "time": 38.015,
      "parameters": {"GEMMK": 0,"KREG": 1,"KWG": 16,"KWI": 2,"MDIMA": 32,"MDIMC": 16,"MWG": 128,"NDIMB": 8,"NDIMC": 8,"NWG": 32,"PRECISION": 16,"SA": 1,"SB": 1,"STRM": 0,"STRN": 1,"VWM": 1,"VWN": 4}
    },
    {
      "kernel": "Xgemm",
      "time": 10.986,
      "parameters": {"GEMMK": 0,"KREG": 1,"KWG": 32,"KWI": 2,"MDIMA": 8,"MDIMC": 32,"MWG": 64,"NDIMB": 8,"NDIMC": 8,"NWG": 128,"PRECISION": 16,"SA": 1,"SB": 1,"STRM": 0,"STRN": 1,"VWM": 2,"VWN": 2}
    },
    {
      "kernel": "Xgemm",
      "time": 30.545,
      "parameters": {"GEMMK": 0,"KREG": 1,"KWG": 32,"KWI": 2,"MDIMA": 16,"MDIMC": 8,"MWG": 128,"NDIMB": 8,"NDIMC": 32,"NWG": 64,"PRECISION": 16,"SA": 0,"SB": 1,"STRM": 0,"STRN": 1,"VWM": 4,"VWN": 1}
    },
    {
      "kernel": "Xgemm",
      "time": 11.165,
      "parameters": {"GEMMK": 0,"KREG": 1,"KWG": 16,"KWI": 2,"MDIMA": 16,"MDIMC": 8,"MWG": 32,"NDIMB": 32,"NDIMC": 8,"NWG": 64,"PRECISION": 16,"SA": 0,"SB": 1,"STRM": 1,"STRN": 0,"VWM": 2,"VWN": 1}
    },
    {
      "kernel": "Xgemm",
      "time": 32.602,
      "parameters": {"GEMMK": 0,"KREG": 1,"KWG": 16,"KWI": 2,"MDIMA": 32,"MDIMC": 8,"MWG": 128,"NDIMB": 8,"NDIMC": 8,"NWG": 64,"PRECISION": 16,"SA": 0,"SB": 1,"STRM": 0,"STRN": 0,"VWM": 2,"VWN": 4}
    },
    {
      "kernel": "Xgemm",
      "time": 13.657,
      "parameters": {"GEMMK": 0,"KREG": 1,"KWG": 32,"KWI": 2,"MDIMA": 32,"MDIMC": 16,"MWG": 128,"NDIMB": 32,"NDIMC": 8,"NWG": 128,"PRECISION": 16,"SA": 1,"SB": 1,"STRM": 1,"STRN": 1,"VWM": 2,"VWN": 2}
    },
    {
      "kernel": "Xgemm",
      "time": 5.323,
      "parameters": {"GEMMK": 0,"KREG": 1,"KWG": 32,"KWI": 2,"MDIMA": 16,"MDIMC": 16,"MWG": 128,"NDIMB": 8,"NDIMC": 8,"NWG": 64,"PRECISION": 16,"SA": 1,"SB": 1,"STRM": 0,"STRN": 1,"VWM": 8,"VWN": 4}
    },
    {
      "kernel": "Xgemm",
      "time": 47.793,
      "parameters": {"GEMMK": 0,"KREG": 1,"KWG": 16,"KWI": 2,"MDIMA": 16,"MDIMC": 16,"MWG": 16,"NDIMB": 32,"NDIMC": 8,"NWG": 32,"PRECISION": 16,"SA": 0,"SB": 1,"STRM": 0,"STRN": 1,"VWM": 1,"VWN": 1}
    },
    {
      "kernel": "Xgemm",
      "time": 15.774,
      "parameters": {"GEMMK": 0,"KREG": 1,"KWG": 32,"KWI": 2,"MDIMA": 16,"MDIMC": 16,"MWG": 32,"NDIMB": 16,"NDIMC": 16,"NWG": 128,"PRECISION": 16,"SA": 0,"SB": 1,"STRM": 0,"STRN": 1,"VWM": 1,"VWN": 8}
    },
    {
      "kernel": "Xgemm",
      "time": 11.008,
      "parameters": {"GEMMK": 0,"KREG": 1,"KWG": 32,"KWI": 2,"MDIMA": 8,"MDIMC": 16,"MWG": 64,"NDIMB": 32,"NDIMC": 16,"NWG": 128,"PRECISION": 16,"SA": 0,"SB": 1,"STRM": 0,"STRN": 0,"VWM": 2,"VWN": 2}
    },
    {
      "kernel": "Xgemm",
      "time": 68.100,
      "parameters": {"GEMMK": 0,"KREG": 1,"KWG": 32,"KWI": 2,"MDIMA": 8,"MDIMC": 8,"MWG": 128,"NDIMB": 8,"NDIMC": 16,"NWG": 64,"PRECISION": 16,"SA": 0,"SB": 1,"STRM": 0,"STRN": 1,"VWM": 1,"VWN": 2}
    },
    {
      "kernel": "Xgemm",
      "time": 28.993,
      "parameters": {"GEMMK": 0,"KREG": 1,"KWG": 16,"KWI": 2,"MDIMA": 32,"MDIMC": 8,"MWG": 128,"NDIMB": 16,"NDIMC": 8,"NWG": 32,"PRECISION": 16,"SA": 0,"SB": 0,"STRM": 1,"STRN": 1,"VWM": 1,"VWN": 2}
    },
    {
      "kernel": "Xgemm",
      "time": 25.502,
      "parameters": {"GEMMK": 0,"KREG": 1,"KWG": 32,"KWI": 2,"MDIMA": 8,"MDIMC": 8,"MWG": 32,"NDIMB": 16,"NDIMC": 16,"NWG": 64,"PRECISION": 16,"SA": 0,"SB": 1,"STRM": 0,"STRN": 1,"VWM": 2,"VWN": 1}
    },
    {
      "kernel": "Xgemm",
      "time": 19.413,
      "parameters": {"GEMMK": 0,"KREG": 1,"KWG": 32,"KWI": 2,"MDIMA": 32,"MDIMC": 32,"MWG": 64,"NDIMB": 32,"NDIMC": 32,"NWG": 128,"PRECISION": 16,"SA": 1,"SB": 1,"STRM": 1,"STRN": 0,"VWM": 2,"VWN": 1}
    },
    {
      "kernel": "Xgemm",
      "time": 12.266,
      "parameters": {"GEMMK": 0,"KREG": 1,"KWG": 32,"KWI": 2,"MDIMA": 32,"MDIMC": 32,"MWG": 128,"NDIMB": 32,"NDIMC": 8,"NWG": 64,"PRECISION": 16,"SA": 0,"SB": 1,"STRM": 0,"STRN": 1,"VWM": 2,"VWN": 1}
    },
    {
      "kernel": "Xgemm",
      "time": 26.689,
      "parameters": {"GEMMK": 0,"KREG": 1,"KWG": 32,"KWI": 2,"MDIMA": 32,"MDIMC": 8,"MWG": 32,"NDIMB": 16,"NDIMC": 8,"NWG": 128,"PRECISION": 16,"SA": 1,"SB": 1,"STRM": 1,"STRN": 0,"VWM": 1,"VWN": 1}
    },
    {
      "kernel": "Xgemm",
      "time": 7.397,
      "parameters": {"GEMMK": 0,"KREG": 1,"KWG": 32,"KWI": 2,"MDIMA": 16,"MDIMC": 16,"MWG": 64,"NDIMB": 32,"NDIMC": 8,"NWG": 64,"PRECISION": 16,"SA": 0,"SB": 1,"STRM": 0,"STRN": 0,"VWM": 4,"VWN": 1}
    },
    {
      "kernel": "Xgemm",
      "time": 56.816,
      "parameters": {"GEMMK": 0,"KREG": 1,"KWG": 32,"KWI": 2,"MDIMA": 16,"MDIMC": 8,"MWG": 32,"NDIMB": 8,"NDIMC": 16,"NWG": 16,"PRECISION": 16,"SA": 0,"SB": 0,"STRM": 1,"STRN": 1,"VWM": 2,"VWN": 1}
    },
    {
      "kernel": "Xgemm",
      "time": 22.558,
      "parameters": {"GEMMK": 0,"KREG": 1,"KWG": 16,"KWI": 2,"MDIMA": 8,"MDIMC": 8,"MWG": 32,"NDIMB": 8,"NDIMC": 8,"NWG": 64,"PRECISION": 16,"SA": 0,"SB": 0,"STRM": 1,"STRN": 0,"VWM": 2,"VWN": 1}
    },
    {
      "kernel": "Xgemm",
      "time": 27.930,
      "parameters": {"GEMMK": 0,"KREG": 1,"KWG": 32,"KWI": 2,"MDIMA": 16,"MDIMC": 8,"MWG": 32,"NDIMB": 8,"NDIMC": 8,"NWG": 128,"PRECISION": 16,"SA": 0,"SB": 1,"STRM": 1,"STRN": 0,"VWM": 1,"VWN": 1}
    },
    {
      "kernel": "Xgemm",
      "time": 36.401,
      "parameters": {"GEMMK": 0,"KREG": 1,"KWG": 16,"KWI": 2,"MDIMA": 8,"MDIMC": 8,"MWG": 32,"NDIMB": 32,"NDIMC": 8,"NWG": 64,"PRECISION": 16,"SA": 1,"SB": 0,"STRM": 0,"STRN": 0,"VWM": 1,"VWN": 1}
    },
    {
      "kernel": "Xgemm",
      "time": 15.505,
      "parameters": {"GEMMK": 0,"KREG": 1,"KWG": 16,"KWI": 2,"MDIMA": 16,"MDIMC": 16,"MWG": 128,"NDIMB": 16,"NDIMC": 16,"NWG": 32,"PRECISION": 16,"SA": 0,"SB": 1,"STRM": 1,"STRN": 1,"VWM": 8,"VWN": 2}
    },
    {
      "kernel": "Xgemm",
      "time": 28.517,
      "parameters": {"GEMMK": 0,"KREG": 1,"KWG": 16,"KWI": 2,"MDIMA": 16,"MDIMC": 8,"MWG": 128,"NDIMB": 16,"NDIMC": 16,"NWG": 64,"PRECISION": 16,"SA": 1,"SB": 1,"STRM": 1,"STRN": 1,"VWM": 1,"VWN": 1}
    },
    {
      "kernel": "Xgemm",
      "time": 4.897,
      "parameters": {"GEMMK": 0,"KREG": 1,"KWG": 16,"KWI": 2,"MDIMA": 16,"MDIMC": 16,"MWG": 64,"NDIMB": 8,"NDIMC": 8,"NWG": 128,"PRECISION": 16,"SA": 1,"SB": 0,"STRM": 1,"STRN": 1,"VWM": 2,"VWN": 8}
    },
    {
      "kernel": "Xgemm",
      "time": 22.908,
      "parameters": {"GEMMK": 0,"KREG": 1,"KWG": 32,"KWI": 2,"MDIMA": 32,"MDIMC": 8,"MWG": 128,"NDIMB": 16,"NDIMC": 32,"NWG": 128,"PRECISION": 16,"SA": 1,"SB": 0,"STRM": 0,"STRN": 0,"VWM": 1,"VWN": 2}
    },
    {
      "kernel": "Xgemm",
      "time": 62.806,
      "parameters": {"GEMMK": 0,"KREG": 1,"KWG": 16,"KWI": 2,"MDIMA": 16,"MDIMC": 8,"MWG": 16,"NDIMB": 8,"NDIMC": 8,"NWG": 16,"PRECISION": 16,"SA": 1,"SB": 0,"STRM": 0,"STRN": 1,"VWM": 1,"VWN": 1}
    },
    {
      "kernel": "Xgemm",
      "time": 67.705,
      "parameters": {"GEMMK": 0,"KREG": 1,"KWG": 16,"KWI": 2,"MDIMA": 8,"MDIMC": 16,"MWG": 32,"NDIMB": 8,"NDIMC": 8,"NWG": 128,"PRECISION": 16,"SA": 0,"SB": 0,"STRM": 0,"STRN": 1,"VWM": 2,"VWN": 1}
    },
    {
      "kernel": "Xgemm",
      "time": 45.200,
      "parameters": {"GEMMK": 0,"KREG": 1,"KWG": 32,"KWI": 2,"MDIMA": 8,"MDIMC": 8,"MWG": 32,"NDIMB": 8,"NDIMC": 16,"NWG": 32,"PRECISION": 16,"SA": 0,"SB": 0,"STRM": 0,"STRN": 1,"VWM": 4,"VWN": 1}
    },
    {
      "kernel": "Xgemm",
      "time": 7.831,
      "parameters": {"GEMMK": 0,"KREG": 1,"KWG": 32,"KWI": 2,"MDIMA": 16,"MDIMC": 16,"MWG": 128,"NDIMB": 16,"NDIMC": 16,"NWG": 128,"PRECISION": 16,"SA": 0,"SB": 0,"STRM": 0,"STRN": 1,"VWM": 4,"VWN": 8}
    },
    {
      "kernel": "Xgemm",
      "time": 28.684,
      "parameters": {"GEMMK": 0,"KREG": 1,"KWG": 16,"KWI": 2,"MDIMA": 32,"MDIMC": 32,"MWG": 128,"NDIMB": 16,"NDIMC": 8,"NWG": 128,"PRECISION": 16,"SA": 0,"SB": 0,"STRM": 1,"STRN": 0,"VWM": 2,"VWN": 1}
    },
    {
      "kernel": "Xgemm",
      "time": 17.473,
      "parameters": {"GEMMK": 0,"KREG": 1,"KWG": 16,"KWI": 2,"MDIMA": 16,"MDIMC": 8,"MWG": 64,"NDIMB": 16,"NDIMC": 8,"NWG": 64,"PRECISION": 16,"SA": 0,"SB": 0,"STRM": 0,"STRN": 1,"VWM": 2,"VWN": 2}
    },
    {
      "kernel": "Xgemm",
      "time": 16.503,
      "parameters": {"GEMMK": 0,"KREG": 1,"KWG": 32,"KWI": 2,"MDIMA": 32,"MDIMC": 32,"MWG": 128,"NDIMB": 8,"NDIMC": 8,"NWG": 32,"PRECISION": 16,"SA": 0,"SB": 0,"STRM": 0,"STRN": 0,"VWM": 2,"VWN": 2}
    },
    {
      "kernel": "Xgemm",
      "time": 61.371,
      "parameters": {"GEMMK": 0,"KREG": 1,"KWG": 16,"KWI": 2,"MDIMA": 32,"MDIMC": 16,"MWG": 128,"NDIMB": 16,"NDIMC": 16,"NWG": 16,"PRECISION": 16,"SA": 0,"SB": 0,"STRM": 1,"STRN": 1,"VWM": 2,"VWN": 1}
    },
    {
      "kernel": "Xgemm",
      "time": 9.101,
      "parameters": {"GEMMK": 0,"KREG": 1,"KWG": 32,"KWI": 2,"MDIMA": 16,"MDIMC": 16,"MWG": 128,"NDIMB": 8,"NDIMC": 16,"NWG": 64,"PRECISION": 16,"SA": 1,"SB": 1,"STRM": 0,"STRN": 1,"VWM": 8,"VWN": 1}
    },
    {
      "kernel": "Xgemm",
      "time": 6.711,
      "parameters": {"GEMMK": 0,"KREG": 1,"KWG": 32,"KWI": 2,"MDIMA": 16,"MDIMC": 16,"MWG": 64,"NDIMB": 16,"NDIMC": 16,"NWG": 128,"PRECISION": 16,"SA": 0,"SB": 1,"STRM": 0,"STRN": 1,"VWM": 4,"VWN": 8}
    },
    {
      "kernel": "Xgemm",
      "time": 23.084,
      "parameters": {"GEMMK": 0,"KREG": 1,"KWG": 32,"KWI": 2,"MDIMA": 32,"MDIMC": 16,"MWG": 64,"NDIMB": 16,"NDIMC": 8,"NWG": 64,"PRECISION": 16,"SA": 1,"SB": 1,"STRM": 1,"STRN": 1,"VWM": 1,"VWN": 1}
    },
    {
      "kernel": "Xgemm",
      "time": 54.735,
      "parameters": {"GEMMK": 0,"KREG": 1,"KWG": 32,"KWI": 2,"MDIMA": 32,"MDIMC": 8,"MWG": 32,"NDIMB": 8,"NDIMC": 16,"NWG": 64,"PRECISION": 16,"SA": 0,"SB": 0,"STRM": 0,"STRN": 0,"VWM": 1,"VWN": 1}
    },
    {
      "kernel": "Xgemm",
      "time": 20.675,
      "parameters": {"GEMMK": 0,"KREG": 1,"KWG": 16,"KWI": 2,"MDIMA": 32,"MDIMC": 16,"MWG": 128,"NDIMB": 32,"NDIMC": 32,"NWG": 128,"PRECISION": 16,"SA": 1,"SB": 0,"STRM": 0,"STRN": 0,"VWM": 2,"VWN": 1}
    },
    {
      "kernel": "Xgemm",
      "time": 6.792,
      "parameters": {"GEMMK": 0,"KREG": 1,"KWG": 16,"KWI": 2,"MDIMA": 16,"MDIMC": 16,"MWG": 64,"NDIMB": 32,"NDIMC": 8,"NWG": 128,"PRECISION": 16,"SA": 1,"SB": 0,"STRM": 0,"STRN": 0,"VWM": 2,"VWN": 4}
    },
    {
      "kernel": "Xgemm",
      "time": 41.115,
      "parameters": {"GEMMK": 0,"KREG": 1,"KWG": 32,"KWI": 2,"MDIMA": 16,"MDIMC": 16,"MWG": 128,"NDIMB": 16,"NDIMC": 16,"NWG": 64,"PRECISION": 16,"SA": 0,"SB": 1,"STRM": 0,"STRN": 0,"VWM": 1,"VWN": 1}
    },
    {
      "kernel": "Xgemm",
      "time": 23.489,
      "parameters": {"GEMMK": 0,"KREG": 1,"KWG": 32,"KWI": 2,"MDIMA": 16,"MDIMC": 8,"MWG": 128,"NDIMB": 8,"NDIMC": 32,"NWG": 128,"PRECISION": 16,"SA": 0,"SB": 0,"STRM": 0,"STRN": 1,"VWM": 4,"VWN": 1}
    },
    {
      "kernel": "Xgemm",
      "time": 25.311,
      "parameters": {"GEMMK": 0,"KREG": 1,"KWG": 32,"KWI": 2,"MDIMA": 16,"MDIMC": 8,"MWG": 32,"NDIMB": 32,"NDIMC": 16,"NWG": 128,"PRECISION": 16,"SA": 0,"SB": 1,"STRM": 1,"STRN": 1,"VWM": 1,"VWN": 1}
    },
    {
      "kernel": "Xgemm",
      "time": 64.215,
      "parameters": {"GEMMK": 0,"KREG": 1,"KWG": 32,"KWI": 2,"MDIMA": 8,"MDIMC": 16,"MWG": 128,"NDIMB": 8,"NDIMC": 16,"NWG": 16,"PRECISION": 16,"SA": 0,"SB": 1,"STRM": 1,"STRN": 1,"VWM": 1,"VWN": 1}
    },
    {
      "kernel": "Xgemm",
      "time": 88.000,
      "parameters": {"GEMMK": 0,"KREG": 1,"KWG": 16,"KWI": 2,"MDIMA": 16,"MDIMC": 16,"MWG": 32,"NDIMB": 32,"NDIMC": 16,"NWG": 32,"PRECISION": 16,"SA": 0,"SB": 0,"STRM": 1,"STRN": 1,"VWM": 1,"VWN": 1}
    },
    {
      "kernel": "Xgemm",
      "time": 19.104,
      "parameters": {"GEMMK": 0,"KREG": 1,"KWG": 32,"KWI": 2,"MDIMA": 16,"MDIMC": 8,"MWG": 128,"NDIMB": 32,"NDIMC": 32,"NWG": 64,"PRECISION": 16,"SA": 0,"SB": 0,"STRM": 1,"STRN": 1,"VWM": 8,"VWN": 2}
    },
    {
      "kernel": "Xgemm",
      "time": 37.060,
      "parameters": {"GEMMK": 0,"KREG": 1,"KWG": 16,"KWI": 2,"MDIMA": 8,"MDIMC": 16,"MWG": 32,"NDIMB": 32,"NDIMC": 8,"NWG": 128,"PRECISION": 16,"SA": 1,"SB": 1,"STRM": 0,"STRN": 1,"VWM": 1,"VWN": 4}
    },
    {
      "kernel": "Xgemm",
      "time": 33.148,
      "parameters": {"GEMMK": 0,"KREG": 1,"KWG": 16,"KWI": 2,"MDIMA": 8,"MDIMC": 16,"MWG": 128,"NDIMB": 32,"NDIMC": 8,"NWG": 128,"PRECISION": 16,"SA": 1,"SB": 1,"STRM": 1,"STRN": 0,"VWM": 1,"VWN": 2}
    },
    {
      "kernel": "Xgemm",
      "time": 47.984,
      "parameters": {"GEMMK": 0,"KREG": 1,"KWG": 16,"KWI": 2,"MDIMA": 8,"MDIMC": 16,"MWG": 64,"NDIMB": 16,"NDIMC": 8,"NWG": 128,"PRECISION": 16,"SA": 0,"SB": 0,"STRM": 1,"STRN": 1,"VWM": 4,"VWN": 1}
    },
    {
      "kernel": "Xgemm",
      "time": 37.749,
      "parameters": {"GEMMK": 0,"KREG": 1,"KWG": 16,"KWI": 2,"MDIMA": 16,"MDIMC": 16,"MWG": 64,"NDIMB": 8,"NDIMC": 8,"NWG": 128,"PRECISION": 16,"SA": 0,"SB": 1,"STRM": 1,"STRN": 1,"VWM": 1,"VWN": 8}
    },
    {
      "kernel": "Xgemm",
      "time": 12.932,
      "parameters": {"GEMMK": 0,"KREG": 1,"KWG": 32,"KWI": 2,"MDIMA": 16,"MDIMC": 16,"MWG": 128,"NDIMB": 32,"NDIMC": 16,"NWG": 64,"PRECISION": 16,"SA": 1,"SB": 0,"STRM": 1,"STRN": 1,"VWM": 2,"VWN": 1}
    },
    {
      "kernel": "Xgemm",
      "time": 12.904,
      "parameters": {"GEMMK": 0,"KREG": 1,"KWG": 32,"KWI": 2,"MDIMA": 8,"MDIMC": 16,"MWG": 32,"NDIMB": 32,"NDIMC": 8,"NWG": 64,"PRECISION": 16,"SA": 0,"SB": 1,"STRM": 1,"STRN": 0,"VWM": 2,"VWN": 1}
    },
    {
      "kernel": "Xgemm",
      "time": 20.233,
      "parameters": {"GEMMK": 0,"KREG": 1,"KWG": 16,"KWI": 2,"MDIMA": 8,"MDIMC": 8,"MWG": 128,"NDIMB": 16,"NDIMC": 16,"NWG": 128,"PRECISION": 16,"SA": 1,"SB": 0,"STRM": 1,"STRN": 0,"VWM": 2,"VWN": 2}
    },
    {
      "kernel": "Xgemm",
      "time": 91.194,
      "parameters": {"GEMMK": 0,"KREG": 1,"KWG": 16,"KWI": 2,"MDIMA": 16,"MDIMC": 16,"MWG": 16,"NDIMB": 16,"NDIMC": 16,"NWG": 64,"PRECISION": 16,"SA": 1,"SB": 0,"STRM": 0,"STRN": 0,"VWM": 1,"VWN": 1}
    },
    {
      "kernel": "Xgemm",
      "time": 8.512,
      "parameters": {"GEMMK": 0,"KREG": 1,"KWG": 32,"KWI": 2,"MDIMA": 16,"MDIMC": 32,"MWG": 128,"NDIMB": 8,"NDIMC": 8,"NWG": 64,"PRECISION": 16,"SA": 1,"SB": 1,"STRM": 0,"STRN": 0,"VWM": 4,"VWN": 2}
    },
    {
      "kernel": "Xgemm",
      "time": 15.961,
      "parameters": {"GEMMK": 0,"KREG": 1,"KWG": 32,"KWI": 2,"MDIMA": 16,"MDIMC": 8,"MWG": 128,"NDIMB": 16,"NDIMC": 8,"NWG": 64,"PRECISION": 16,"SA": 1,"SB": 1,"STRM": 1,"STRN": 1,"VWM": 4,"VWN": 1}
    },
    {
      "kernel": "Xgemm",
      "time": 17.698,
      "parameters": {"GEMMK": 0,"KREG": 1,"KWG": 16,"KWI": 2,"MDIMA": 8,"MDIMC": 8,"MWG": 128,"NDIMB": 32,"NDIMC": 16,"NWG": 128,"PRECISION": 16,"SA": 0,"SB": 1,"STRM": 1,"STRN": 1,"VWM": 4,"VWN": 2}
    },
    {
      "kernel": "Xgemm",
      "time": 12.764,
      "parameters": {"GEMMK": 0,"KREG": 1,"KWG": 32,"KWI": 2,"MDIMA": 32,"MDIMC": 8,"MWG": 128,"NDIMB": 16,"NDIMC": 8,"NWG": 64,"PRECISION": 16,"SA": 1,"SB": 1,"STRM": 0,"STRN": 0,"VWM": 4,"VWN": 4}
    },
    {
      "kernel": "Xgemm",
      "time": 6.928,
      "parameters": {"GEMMK": 0,"KREG": 1,"KWG": 32,"KWI": 2,"MDIMA": 8,"MDIMC": 16,"MWG": 128,"NDIMB": 16,"NDIMC": 8,"NWG": 128,"PRECISION": 16,"SA": 0,"SB": 0,"STRM": 1,"STRN": 0,"VWM": 8,"VWN": 2}
    },
    {
      "kernel": "Xgemm",
      "time": 20.862,
      "parameters": {"GEMMK": 0,"KREG": 1,"KWG": 16,"KWI": 2,"MDIMA": 8,"MDIMC": 8,"MWG": 32,"NDIMB": 32,"NDIMC": 8,"NWG": 32,"PRECISION": 16,"SA": 0,"SB": 1,"STRM": 1,"STRN": 1,"VWM": 4,"VWN": 1}
    },
    {
      "kernel": "Xgemm",
      "time": 31.662,
      "parameters": {"GEMMK": 0,"KREG": 1,"KWG": 16,"KWI": 2,"MDIMA": 8,"MDIMC": 8,"MWG": 32,"NDIMB": 16,"NDIMC": 8,"NWG": 16,"PRECISION": 16,"SA": 1,"SB": 0,"STRM": 0,"STRN": 0,"VWM": 2,"VWN": 1}
    },
    {
      "kernel": "Xgemm",
      "time": 10.288,
      "parameters": {"GEMMK": 0,"KREG": 1,"KWG": 16,"KWI": 2,"MDIMA": 8,"MDIMC": 16,"MWG": 32,"NDIMB": 16,"NDIMC": 8,"NWG": 128,"PRECISION": 16,"SA": 0,"SB": 1,"STRM": 1,"STRN": 0,"VWM": 2,"VWN": 8}
    },
    {
      "kernel": "Xgemm",
      "time": 19.374,
      "parameters": {"GEMMK": 0,"KREG": 1,"KWG": 32,"KWI": 2,"MDIMA": 32,"MDIMC": 8,"MWG": 64,"NDIMB": 32,"NDIMC": 16,"NWG": 32,"PRECISION": 16,"SA": 1,"SB": 0,"STRM": 0,"STRN": 1,"VWM": 1,"VWN": 1}
    },
    {
      "kernel": "Xgemm",
      "time": 50.142,
      "parameters": {"GEMMK": 0,"KREG": 1,"KWG": 32,"KWI": 2,"MDIMA": 8,"MDIMC": 8,"MWG": 64,"NDIMB": 16,"NDIMC": 16,"NWG": 16,"PRECISION": 16,"SA": 0,"SB": 0,"STRM": 1,"STRN": 0,"VWM": 2,"VWN": 1}
    },
    {
      "kernel": "Xgemm",
      "time": 15.419,
      "parameters": {"GEMMK": 0,"KREG": 1,"KWG": 32,"KWI": 2,"MDIMA": 8,"MDIMC": 32,"MWG": 64,"NDIMB": 16,"NDIMC": 8,"NWG": 128,"PRECISION": 16,"SA": 0,"SB": 0,"STRM": 1,"STRN": 0,"VWM": 2,"VWN": 4}
    },
    {
      "kernel": "Xgemm",
      "time": 13.372,
      "parameters": {"GEMMK": 0,"KREG": 1,"KWG": 32,"KWI": 2,"MDIMA": 16,"MDIMC": 8,"MWG": 16,"NDIMB": 8,"NDIMC": 16,"NWG": 128,"PRECISION": 16,"SA": 1,"SB": 1,"STRM": 1,"STRN": 1,"VWM": 1,"VWN": 8}
    },
    {
      "kernel": "Xgemm",
      "time": 7.634,
      "parameters": {"GEMMK": 0,"KREG": 1,"KWG": 32,"KWI": 2,"MDIMA": 8,"MDIMC": 8,"MWG": 32,"NDIMB": 32,"NDIMC": 16,"NWG": 128,"PRECISION": 16,"SA": 1,"SB": 1,"STRM": 0,"STRN": 0,"VWM": 2,"VWN": 4}
    },
    {
      "kernel": "Xgemm",
      "time": 16.904,
      "parameters": {"GEMMK": 0,"KREG": 1,"KWG": 32,"KWI": 2,"MDIMA": 8,"MDIMC": 8,"MWG": 32,"NDIMB": 16,"NDIMC": 8,"NWG": 128,"PRECISION": 16,"SA": 1,"SB": 1,"STRM": 0,"STRN": 1,"VWM": 4,"VWN": 1}
    },
    {
      "kernel": "Xgemm",
      "time": 22.836,
      "parameters": {"GEMMK": 0,"KREG": 1,"KWG": 32,"KWI": 2,"MDIMA": 32,"MDIMC": 32,"MWG": 64,"NDIMB": 32,"NDIMC": 8,"NWG": 128,"PRECISION": 16,"SA": 1,"SB": 1,"STRM": 0,"STRN": 1,"VWM": 1,"VWN": 2}
    },
    {
      "kernel": "Xgemm",
      "time": 99.920,
      "parameters": {"GEMMK": 0,"KREG": 1,"KWG": 32,"KWI": 2,"MDIMA": 8,"MDIMC": 32,"MWG": 32,"NDIMB": 8,"NDIMC": 8,"NWG": 32,"PRECISION": 16,"SA": 0,"SB": 0,"STRM": 0,"STRN": 0,"VWM": 1,"VWN": 1}
    },
    {
      "kernel": "Xgemm",
      "time": 17.801,
      "parameters": {"GEMMK": 0,"KREG": 1,"KWG": 16,"KWI": 2,"MDIMA": 8,"MDIMC": 8,"MWG": 16,"NDIMB": 16,"NDIMC": 8,"NWG": 64,"PRECISION": 16,"SA": 1,"SB": 1,"STRM": 1,"STRN": 0,"VWM": 2,"VWN": 2}
    },
    {
      "kernel": "Xgemm",
      "time": 9.261,
      "parameters": {"GEMMK": 0,"KREG": 1,"KWG": 32,"KWI": 2,"MDIMA": 16,"MDIMC": 8,"MWG": 64,"NDIMB": 8,"NDIMC": 16,"NWG": 128,"PRECISION": 16,"SA": 1,"SB": 1,"STRM": 1,"STRN": 1,"VWM": 2,"VWN": 1}
    },
    {
      "kernel": "Xgemm",
      "time": 27.548,
      "parameters": {"GEMMK": 0,"KREG": 1,"KWG": 16,"KWI": 2,"MDIMA": 16,"MDIMC": 8,"MWG": 32,"NDIMB": 8,"NDIMC": 16,"NWG": 64,"PRECISION": 16,"SA": 0,"SB": 1,"STRM": 0,"STRN": 1,"VWM": 2,"VWN": 1}
    },
    {
      "kernel": "Xgemm",
      "time": 30.166,
      "parameters": {"GEMMK": 0,"KREG": 1,"KWG": 16,"KWI": 2,"MDIMA": 16,"MDIMC": 8,"MWG": 64,"NDIMB": 8,"NDIMC": 16,"NWG": 128,"PRECISION": 16,"SA": 1,"SB": 0,"STRM": 1,"STRN": 0,"VWM": 1,"VWN": 1}
    },
    {
      "kernel": "Xgemm",
      "time": 11.795,
      "parameters": {"GEMMK": 0,"KREG": 1,"KWG": 32,"KWI": 2,"MDIMA": 8,"MDIMC": 8,"MWG": 16,"NDIMB": 16,"NDIMC": 16,"NWG": 128,"PRECISION": 16,"SA": 1,"SB": 0,"STRM": 0,"STRN": 1,"VWM": 2,"VWN": 4}
    },
    {
      "kernel": "Xgemm",
      "time": 22.752,
      "parameters": {"GEMMK": 0,"KREG": 1,"KWG": 32,"KWI": 2,"MDIMA": 8,"MDIMC": 16,"MWG": 128,"NDIMB": 8,"NDIMC": 8,"NWG": 64,"PRECISION": 16,"SA": 0,"SB": 0,"STRM": 0,"STRN": 0,"VWM": 2,"VWN": 1}
    },
    {
      "kernel": "Xgemm",
      "time": 12.503,
      "parameters": {"GEMMK": 0,"KREG": 1,"KWG": 32,"KWI": 2,"MDIMA": 16,"MDIMC": 8,"MWG": 64,"NDIMB": 16,"NDIMC": 32,"NWG": 128,"PRECISION": 16,"SA": 0,"SB": 1,"STRM": 1,"STRN": 0,"VWM": 2,"VWN": 2}
    },
    {
      "kernel": "Xgemm",
      "time": 26.018,
      "parameters": {"GEMMK": 0,"KREG": 1,"KWG": 32,"KWI": 2,"MDIMA": 32,"MDIMC": 8,"MWG": 64,"NDIMB": 32,"NDIMC": 8,"NWG": 32,"PRECISION": 16,"SA": 1,"SB": 0,"STRM": 1,"STRN": 0,"VWM": 1,"VWN": 1}
    },
    {
      "kernel": "Xgemm",
      "time": 16.232,
      "parameters": {"GEMMK": 0,"KREG": 1,"KWG": 16,"KWI": 2,"MDIMA": 8,"MDIMC": 8,"MWG": 32,"NDIMB": 16,"NDIMC": 16,"NWG": 64,"PRECISION": 16,"SA": 1,"SB": 1,"STRM": 1,"STRN": 0,"VWM": 1,"VWN": 4}
    },
    {
      "kernel": "Xgemm",
      "time": 38.207,
      "parameters": {"GEMMK": 0,"KREG": 1,"KWG": 32,"KWI": 2,"MDIMA": 8,"MDIMC": 16,"MWG": 64,"NDIMB": 16,"NDIMC": 16,"NWG": 32,"PRECISION": 16,"SA": 0,"SB": 1,"STRM": 1,"STRN": 0,"VWM": 1,"VWN": 2}
    },
    {
      "kernel": "Xgemm",
      "time": 10.430,
      "parameters": {"GEMMK": 0,"KREG": 1,"KWG": 32,"KWI": 2,"MDIMA": 32,"MDIMC": 8,"MWG": 32,"NDIMB": 16,"NDIMC": 32,"NWG": 128,"PRECISION": 16,"SA": 1,"SB": 0,"STRM": 0,"STRN": 0,"VWM": 1,"VWN": 4}
    },
    {
      "kernel": "Xgemm",
      "time": 13.382,
      "parameters": {"GEMMK": 0,"KREG": 1,"KWG": 32,"KWI": 2,"MDIMA": 32,"MDIMC": 16,"MWG": 64,"NDIMB": 16,"NDIMC": 32,"NWG": 128,"PRECISION": 16,"SA": 0,"SB": 0,"STRM": 1,"STRN": 0,"VWM": 2,"VWN": 2}
    },
    {
      "kernel": "Xgemm",
      "time": 19.018,
      "parameters": {"GEMMK": 0,"KREG": 1,"KWG": 32,"KWI": 2,"MDIMA": 8,"MDIMC": 8,"MWG": 32,"NDIMB": 32,"NDIMC": 32,"NWG": 64,"PRECISION": 16,"SA": 1,"SB": 1,"STRM": 1,"STRN": 1,"VWM": 2,"VWN": 2}
    },
    {
      "kernel": "Xgemm",
      "time": 22.058,
      "parameters": {"GEMMK": 0,"KREG": 1,"KWG": 32,"KWI": 2,"MDIMA": 32,"MDIMC": 32,"MWG": 64,"NDIMB": 16,"NDIMC": 16,"NWG": 64,"PRECISION": 16,"SA": 1,"SB": 0,"STRM": 0,"STRN": 1,"VWM": 1,"VWN": 2}
    },
    {
      "kernel": "Xgemm",
      "time": 15.375,
      "parameters": {"GEMMK": 0,"KREG": 1,"KWG": 16,"KWI": 2,"MDIMA": 16,"MDIMC": 8,"MWG": 128,"NDIMB": 32,"NDIMC": 32,"NWG": 64,"PRECISION": 16,"SA": 1,"SB": 1,"STRM": 0,"STRN": 1,"VWM": 8,"VWN": 1}
    },
    {
      "kernel": "Xgemm",
      "time": 4.306,
      "parameters": {"GEMMK": 0,"KREG": 1,"KWG": 32,"KWI": 2,"MDIMA": 16,"MDIMC": 32,"MWG": 128,"NDIMB": 8,"NDIMC": 8,"NWG": 128,"PRECISION": 16,"SA": 1,"SB": 0,"STRM": 1,"STRN": 0,"VWM": 4,"VWN": 8}
    },
    {
      "kernel": "Xgemm",
      "time": 14.164,
      "parameters": {"GEMMK": 0,"KREG": 1,"KWG": 32,"KWI": 2,"MDIMA": 8,"MDIMC": 8,"MWG": 16,"NDIMB": 8,"NDIMC": 16,"NWG": 128,"PRECISION": 16,"SA": 1,"SB": 1,"STRM": 0,"STRN": 0,"VWM": 2,"VWN": 4}
    },
    {
      "kernel": "Xgemm",
      "time": 40.899,
      "parameters": {"GEMMK": 0,"KREG": 1,"KWG": 16,"KWI": 2,"MDIMA": 16,"MDIMC": 16,"MWG": 32,"NDIMB": 16,"NDIMC": 16,"NWG": 64,"PRECISION": 16,"SA": 1,"SB": 0,"STRM": 1,"STRN": 1,"VWM": 2,"VWN": 1}
    },
    {
      "kernel": "Xgemm",
      "time": 29.381,
      "parameters": {"GEMMK": 0,"KREG": 1,"KWG": 16,"KWI": 2,"MDIMA": 32,"MDIMC": 8,"MWG": 128,"NDIMB": 16,"NDIMC": 16,"NWG": 64,"PRECISION": 16,"SA": 0,"SB": 0,"STRM": 1,"STRN": 1,"VWM": 1,"VWN": 2}
    },
    {
      "kernel": "Xgemm",
      "time": 37.305,
      "parameters": {"GEMMK": 0,"KREG": 1,"KWG": 32,"KWI": 2,"MDIMA": 16,"MDIMC": 8,"MWG": 32,"NDIMB": 8,"NDIMC": 8,"NWG": 64,"PRECISION": 16,"SA": 0,"SB": 1,"STRM": 0,"STRN": 1,"VWM": 1,"VWN": 4}
    },
    {
      "kernel": "Xgemm",
      "time": 20.763,
      "parameters": {"GEMMK": 0,"KREG": 1,"KWG": 32,"KWI": 2,"MDIMA": 32,"MDIMC": 16,"MWG": 64,"NDIMB": 16,"NDIMC": 32,"NWG": 64,"PRECISION": 16,"SA": 1,"SB": 0,"STRM": 0,"STRN": 1,"VWM": 1,"VWN": 1}
    },
    {
      "kernel": "Xgemm",
      "time": 15.650,
      "parameters": {"GEMMK": 0,"KREG": 1,"KWG": 32,"KWI": 2,"MDIMA": 8,"MDIMC": 8,"MWG": 128,"NDIMB": 16,"NDIMC": 16,"NWG": 64,"PRECISION": 16,"SA": 1,"SB": 0,"STRM": 0,"STRN": 1,"VWM": 2,"VWN": 2}
    },
    {
      "kernel": "Xgemm",
      "time": 28.182,
      "parameters": {"GEMMK": 0,"KREG": 1,"KWG": 16,"KWI": 2,"MDIMA": 16,"MDIMC": 8,"MWG": 16,"NDIMB": 8,"NDIMC": 8,"NWG": 32,"PRECISION": 16,"SA": 1,"SB": 1,"STRM": 0,"STRN": 1,"VWM": 1,"VWN": 4}
    },
    {
      "kernel": "Xgemm",
      "time": 17.196,
      "parameters": {"GEMMK": 0,"KREG": 1,"KWG": 32,"KWI": 2,"MDIMA": 8,"MDIMC": 8,"MWG": 32,"NDIMB": 16,"NDIMC": 8,"NWG": 64,"PRECISION": 16,"SA": 0,"SB": 0,"STRM": 0,"STRN": 0,"VWM": 2,"VWN": 2}
    },
    {
      "kernel": "Xgemm",
      "time": 67.541,
      "parameters": {"GEMMK": 0,"KREG": 1,"KWG": 32,"KWI": 2,"MDIMA": 32,"MDIMC": 8,"MWG": 128,"NDIMB": 8,"NDIMC": 16,"NWG": 64,"PRECISION": 16,"SA": 0,"SB": 1,"STRM": 0,"STRN": 1,"VWM": 1,"VWN": 2}
    },
    {
      "kernel": "Xgemm",
      "time": 30.295,
      "parameters": {"GEMMK": 0,"KREG": 1,"KWG": 32,"KWI": 2,"MDIMA": 32,"MDIMC": 32,"MWG": 64,"NDIMB": 8,"NDIMC": 8,"NWG": 16,"PRECISION": 16,"SA": 0,"SB": 1,"STRM": 1,"STRN": 1,"VWM": 2,"VWN": 2}
    },
    {
      "kernel": "Xgemm",
      "time": 17.537,
      "parameters": {"GEMMK": 0,"KREG": 1,"KWG": 16,"KWI": 2,"MDIMA": 32,"MDIMC": 16,"MWG": 64,"NDIMB": 16,"NDIMC": 16,"NWG": 64,"PRECISION": 16,"SA": 1,"SB": 1,"STRM": 1,"STRN": 1,"VWM": 1,"VWN": 2}
    },
    {
      "kernel": "Xgemm",
      "time": 32.650,
      "parameters": {"GEMMK": 0,"KREG": 1,"KWG": 16,"KWI": 2,"MDIMA": 32,"MDIMC": 16,"MWG": 32,"NDIMB": 8,"NDIMC": 8,"NWG": 32,"PRECISION": 16,"SA": 0,"SB": 0,"STRM": 0,"STRN": 1,"VWM": 1,"VWN": 4}
    },
    {
      "kernel": "Xgemm",
      "time": 27.148,
      "parameters": {"GEMMK": 0,"KREG": 1,"KWG": 32,"KWI": 2,"MDIMA": 8,"MDIMC": 8,"MWG": 64,"NDIMB": 32,"NDIMC": 16,"NWG": 32,"PRECISION": 16,"SA": 0,"SB": 1,"STRM": 1,"STRN": 1,"VWM": 4,"VWN": 1}
    },
    {
      "kernel": "Xgemm",
      "time": 39.544,
      "parameters": {"GEMMK": 0,"KREG": 1,"KWG": 16,"KWI": 2,"MDIMA": 16,"MDIMC": 8,"MWG": 64,"NDIMB": 16,"NDIMC": 16,"NWG": 64,"PRECISION": 16,"SA": 1,"SB": 0,"STRM": 1,"STRN": 1,"VWM": 1,"VWN": 2}
    },
    {
      "kernel": "Xgemm",
      "time": 13.993,
      "parameters": {"GEMMK": 0,"KREG": 1,"KWG": 16,"KWI": 2,"MDIMA": 8,"MDIMC": 8,"MWG": 128,"NDIMB": 16,"NDIMC": 8,"NWG": 32,"PRECISION": 16,"SA": 0,"SB": 0,"STRM": 1,"STRN": 0,"VWM": 8,"VWN": 1}
    },
    {
      "kernel": "Xgemm",
      "time": 7.735,
      "parameters": {"GEMMK": 0,"KREG": 1,"KWG": 16,"KWI": 2,"MDIMA": 16,"MDIMC": 16,"MWG": 128,"NDIMB": 16,"NDIMC": 8,"NWG": 64,"PRECISION": 16,"SA": 0,"SB": 1,"STRM": 1,"STRN": 0,"VWM": 2,"VWN": 1}
    },
    {
      "kernel": "Xgemm",
      "time": 13.090,
      "parameters": {"GEMMK": 0,"KREG": 1,"KWG": 32,"KWI": 2,"MDIMA": 8,"MDIMC": 32,"MWG": 128,"NDIMB": 8,"NDIMC": 8,"NWG": 32,"PRECISION": 16,"SA": 1,"SB": 1,"STRM": 0,"STRN": 0,"VWM": 4,"VWN": 2}
    },
    {
      "kernel": "Xgemm",
      "time": 9.409,
      "parameters": {"GEMMK": 0,"KREG": 1,"KWG": 32,"KWI": 2,"MDIMA": 16,"MDIMC": 16,"MWG": 128,"NDIMB": 8,"NDIMC": 16,"NWG": 64,"PRECISION": 16,"SA": 1,"SB": 1,"STRM": 0,"STRN": 1,"VWM": 4,"VWN": 1}
    },
    {
      "kernel": "Xgemm",
      "time": 81.688,
      "parameters": {"GEMMK": 0,"KREG": 1,"KWG": 32,"KWI": 2,"MDIMA": 32,"MDIMC": 8,"MWG": 64,"NDIMB": 8,"NDIMC": 16,"NWG": 16,"PRECISION": 16,"SA": 0,"SB": 0,"STRM": 0,"STRN": 0,"VWM": 2,"VWN": 1}
    },
    {
      "kernel": "Xgemm",
      "time": 16.802,
      "parameters": {"GEMMK": 0,"KREG": 1,"KWG": 16,"KWI": 2,"MDIMA": 32,"MDIMC": 8,"MWG": 64,"NDIMB": 32,"NDIMC": 32,"NWG": 64,"PRECISION": 16,"SA": 1,"SB": 1,"STRM": 0,"STRN": 1,"VWM": 1,"VWN": 1}
    },
    {
      "kernel": "Xgemm",
      "time": 1341.028,
      "parameters": {"GEMMK": 0,"KREG": 1,"KWG": 16,"KWI": 2,"MDIMA": 16,"MDIMC": 8,"MWG": 128,"NDIMB": 16,"NDIMC": 8,"NWG": 128,"PRECISION": 16,"SA": 1,"SB": 0,"STRM": 1,"STRN": 0,"VWM": 2,"VWN": 1}
    },
    {
      "kernel": "Xgemm",
      "time": 26.073,
      "parameters": {"GEMMK": 0,"KREG": 1,"KWG": 16,"KWI": 2,"MDIMA": 32,"MDIMC": 8,"MWG": 64,"NDIMB": 8,"NDIMC": 16,"NWG": 128,"PRECISION": 16,"SA": 1,"SB": 1,"STRM": 0,"STRN": 1,"VWM": 1,"VWN": 1}
    },
    {
      "kernel": "Xgemm",
      "time": 22.209,
      "parameters": {"GEMMK": 0,"KREG": 1,"KWG": 32,"KWI": 2,"MDIMA": 32,"MDIMC": 32,"MWG": 128,"NDIMB": 32,"NDIMC": 16,"NWG": 128,"PRECISION": 16,"SA": 0,"SB": 0,"STRM": 0,"STRN": 0,"VWM": 1,"VWN": 4}
    },
    {
      "kernel": "Xgemm",
      "time": 4.305,
      "parameters": {"GEMMK": 0,"KREG": 1,"KWG": 32,"KWI": 2,"MDIMA": 32,"MDIMC": 32,"MWG": 128,"NDIMB": 8,"NDIMC": 8,"NWG": 128,"PRECISION": 16,"SA": 0,"SB": 0,"STRM": 0,"STRN": 1,"VWM": 2,"VWN": 8}
    },
    {
      "kernel": "Xgemm",
      "time": 19.173,
      "parameters": {"GEMMK": 0,"KREG": 1,"KWG": 32,"KWI": 2,"MDIMA": 16,"MDIMC": 32,"MWG": 128,"NDIMB": 32,"NDIMC": 16,"NWG": 32,"PRECISION": 16,"SA": 0,"SB": 1,"STRM": 1,"STRN": 0,"VWM": 2,"VWN": 1}
    },
    {
      "kernel": "Xgemm",
      "time": 17.340,
      "parameters": {"GEMMK": 0,"KREG": 1,"KWG": 16,"KWI": 2,"MDIMA": 8,"MDIMC": 16,"MWG": 32,"NDIMB": 16,"NDIMC": 8,"NWG": 64,"PRECISION": 16,"SA": 1,"SB": 1,"STRM": 1,"STRN": 0,"VWM": 1,"VWN": 2}
    },
    {
      "kernel": "Xgemm",
      "time": 6.692,
      "parameters": {"GEMMK": 0,"KREG": 1,"KWG": 16,"KWI": 2,"MDIMA": 16,"MDIMC": 8,"MWG": 128,"NDIMB": 8,"NDIMC": 16,"NWG": 128,"PRECISION": 16,"SA": 0,"SB": 0,"STRM": 1,"STRN": 1,"VWM": 2,"VWN": 8}
    },
    {
      "kernel": "Xgemm",
      "time": 11.316,
      "parameters": {"GEMMK": 0,"KREG": 1,"KWG": 32,"KWI": 2,"MDIMA": 16,"MDIMC": 8,"MWG": 128,"NDIMB": 16,"NDIMC": 8,"NWG": 32,"PRECISION": 16,"SA": 0,"SB": 0,"STRM": 1,"STRN": 0,"VWM": 8,"VWN": 2}
    },
    {
      "kernel": "Xgemm",
      "time": 10.668,
      "parameters": {"GEMMK": 0,"KREG": 1,"KWG": 32,"KWI": 2,"MDIMA": 8,"MDIMC": 8,"MWG": 128,"NDIMB": 16,"NDIMC": 16,"NWG": 32,"PRECISION": 16,"SA": 1,"SB": 0,"STRM": 1,"STRN": 0,"VWM": 4,"VWN": 2}
    },
    {
      "kernel": "Xgemm",
      "time": 38.864,
      "parameters": {"GEMMK": 0,"KREG": 1,"KWG": 32,"KWI": 2,"MDIMA": 8,"MDIMC": 8,"MWG": 32,"NDIMB": 8,"NDIMC": 16,"NWG": 128,"PRECISION": 16,"SA": 0,"SB": 0,"STRM": 0,"STRN": 1,"VWM": 1,"VWN": 1}
    },
    {
      "kernel": "Xgemm",
      "time": 8.064,
      "parameters": {"GEMMK": 0,"KREG": 1,"KWG": 32,"KWI": 2,"MDIMA": 16,"MDIMC": 16,"MWG": 64,"NDIMB": 8,"NDIMC": 8,"NWG": 64,"PRECISION": 16,"SA": 0,"SB": 1,"STRM": 1,"STRN": 0,"VWM": 4,"VWN": 2}
    },
    {
      "kernel": "Xgemm",
      "time": 27.898,
      "parameters": {"GEMMK": 0,"KREG": 1,"KWG": 32,"KWI": 2,"MDIMA": 32,"MDIMC": 16,"MWG": 128,"NDIMB": 16,"NDIMC": 16,"NWG": 128,"PRECISION": 16,"SA": 0,"SB": 1,"STRM": 0,"STRN": 0,"VWM": 1,"VWN": 1}
    },
    {
      "kernel": "Xgemm",
      "time": 18.607,
      "parameters": {"GEMMK": 0,"KREG": 1,"KWG": 32,"KWI": 2,"MDIMA": 16,"MDIMC": 16,"MWG": 32,"NDIMB": 8,"NDIMC": 8,"NWG": 32,"PRECISION": 16,"SA": 1,"SB": 1,"STRM": 0,"STRN": 0,"VWM": 1,"VWN": 2}
    },
    {
      "kernel": "Xgemm",
      "time": 39.364,
      "parameters": {"GEMMK": 0,"KREG": 1,"KWG": 16,"KWI": 2,"MDIMA": 16,"MDIMC": 8,"MWG": 16,"NDIMB": 32,"NDIMC": 8,"NWG": 32,"PRECISION": 16,"SA": 0,"SB": 1,"STRM": 0,"STRN": 1,"VWM": 1,"VWN": 1}
    },
    {
      "kernel": "Xgemm",
      "time": 21.163,
      "parameters": {"GEMMK": 0,"KREG": 1,"KWG": 32,"KWI": 2,"MDIMA": 32,"MDIMC": 16,"MWG": 128,"NDIMB": 8,"NDIMC": 8,"NWG": 64,"PRECISION": 16,"SA": 1,"SB": 1,"STRM": 0,"STRN": 0,"VWM": 1,"VWN": 4}
    },
    {
      "kernel": "Xgemm",
      "time": 30.827,
      "parameters": {"GEMMK": 0,"KREG": 1,"KWG": 16,"KWI": 2,"MDIMA": 16,"MDIMC": 8,"MWG": 16,"NDIMB": 16,"NDIMC": 32,"NWG": 128,"PRECISION": 16,"SA": 1,"SB": 0,"STRM": 0,"STRN": 0,"VWM": 1,"VWN": 2}
    },
    {
      "kernel": "Xgemm",
      "time": 21.656,
      "parameters": {"GEMMK": 0,"KREG": 1,"KWG": 32,"KWI": 2,"MDIMA": 32,"MDIMC": 8,"MWG": 64,"NDIMB": 8,"NDIMC": 16,"NWG": 64,"PRECISION": 16,"SA": 0,"SB": 1,"STRM": 0,"STRN": 0,"VWM": 2,"VWN": 4}
    },
    {
      "kernel": "Xgemm",
      "time": 10.618,
      "parameters": {"GEMMK": 0,"KREG": 1,"KWG": 16,"KWI": 2,"MDIMA": 16,"MDIMC": 16,"MWG": 128,"NDIMB": 16,"NDIMC": 16,"NWG": 64,"PRECISION": 16,"SA": 0,"SB": 0,"STRM": 0,"STRN": 0,"VWM": 8,"VWN": 2}
    },
    {
      "kernel": "Xgemm",
      "time": 34.012,
      "parameters": {"GEMMK": 0,"KREG": 1,"KWG": 16,"KWI": 2,"MDIMA": 16,"MDIMC": 8,"MWG": 32,"NDIMB": 16,"NDIMC": 8,"NWG": 128,"PRECISION": 16,"SA": 1,"SB": 1,"STRM": 0,"STRN": 1,"VWM": 1,"VWN": 4}
    },
    {
      "kernel": "Xgemm",
      "time": 15.083,
      "parameters": {"GEMMK": 0,"KREG": 1,"KWG": 32,"KWI": 2,"MDIMA": 8,"MDIMC": 8,"MWG": 16,"NDIMB": 16,"NDIMC": 8,"NWG": 64,"PRECISION": 16,"SA": 1,"SB": 0,"STRM": 1,"STRN": 0,"VWM": 2,"VWN": 2}
    },
    {
      "kernel": "Xgemm",
      "time": 9.636,
      "parameters": {"GEMMK": 0,"KREG": 1,"KWG": 32,"KWI": 2,"MDIMA": 8,"MDIMC": 16,"MWG": 32,"NDIMB": 32,"NDIMC": 8,"NWG": 128,"PRECISION": 16,"SA": 0,"SB": 1,"STRM": 0,"STRN": 0,"VWM": 2,"VWN": 4}
    },
    {
      "kernel": "Xgemm",
      "time": 20.377,
      "parameters": {"GEMMK": 0,"KREG": 1,"KWG": 32,"KWI": 2,"MDIMA": 16,"MDIMC": 16,"MWG": 32,"NDIMB": 16,"NDIMC": 8,"NWG": 128,"PRECISION": 16,"SA": 1,"SB": 0,"STRM": 0,"STRN": 0,"VWM": 1,"VWN": 8}
    },
    {
      "kernel": "Xgemm",
      "time": 36.886,
      "parameters": {"GEMMK": 0,"KREG": 1,"KWG": 16,"KWI": 2,"MDIMA": 8,"MDIMC": 8,"MWG": 128,"NDIMB": 16,"NDIMC": 16,"NWG": 64,"PRECISION": 16,"SA": 1,"SB": 0,"STRM": 1,"STRN": 1,"VWM": 1,"VWN": 4}
    },
    {
      "kernel": "Xgemm",
      "time": 24.730,
      "parameters": {"GEMMK": 0,"KREG": 1,"KWG": 32,"KWI": 2,"MDIMA": 8,"MDIMC": 8,"MWG": 64,"NDIMB": 8,"NDIMC": 8,"NWG": 32,"PRECISION": 16,"SA": 1,"SB": 0,"STRM": 0,"STRN": 0,"VWM": 1,"VWN": 4}
    },
    {
      "kernel": "Xgemm",
      "time": 31.795,
      "parameters": {"GEMMK": 0,"KREG": 1,"KWG": 32,"KWI": 2,"MDIMA": 16,"MDIMC": 8,"MWG": 16,"NDIMB": 16,"NDIMC": 8,"NWG": 128,"PRECISION": 16,"SA": 1,"SB": 1,"STRM": 0,"STRN": 1,"VWM": 1,"VWN": 2}
    },
    {
      "kernel": "Xgemm",
      "time": 8.334,
      "parameters": {"GEMMK": 0,"KREG": 1,"KWG": 32,"KWI": 2,"MDIMA": 8,"MDIMC": 16,"MWG": 64,"NDIMB": 16,"NDIMC": 8,"NWG": 64,"PRECISION": 16,"SA": 1,"SB": 0,"STRM": 0,"STRN": 0,"VWM": 4,"VWN": 4}
    },
    {
      "kernel": "Xgemm",
      "time": 8.939,
      "parameters": {"GEMMK": 0,"KREG": 1,"KWG": 32,"KWI": 2,"MDIMA": 16,"MDIMC": 8,"MWG": 64,"NDIMB": 8,"NDIMC": 16,"NWG": 128,"PRECISION": 16,"SA": 0,"SB": 0,"STRM": 1,"STRN": 1,"VWM": 4,"VWN": 8}
    },
    {
      "kernel": "Xgemm",
      "time": 54.347,
      "parameters": {"GEMMK": 0,"KREG": 1,"KWG": 16,"KWI": 2,"MDIMA": 16,"MDIMC": 8,"MWG": 32,"NDIMB": 8,"NDIMC": 8,"NWG": 128,"PRECISION": 16,"SA": 0,"SB": 0,"STRM": 0,"STRN": 1,"VWM": 2,"VWN": 1}
    },
    {
      "kernel": "Xgemm",
      "time": 46.361,
      "parameters": {"GEMMK": 0,"KREG": 1,"KWG": 16,"KWI": 2,"MDIMA": 32,"MDIMC": 16,"MWG": 64,"NDIMB": 32,"NDIMC": 16,"NWG": 128,"PRECISION": 16,"SA": 0,"SB": 0,"STRM": 1,"STRN": 0,"VWM": 1,"VWN": 1}
    },
    {
      "kernel": "Xgemm",
      "time": 5.495,
      "parameters": {"GEMMK": 0,"KREG": 1,"KWG": 16,"KWI": 2,"MDIMA": 8,"MDIMC": 16,"MWG": 128,"NDIMB": 16,"NDIMC": 8,"NWG": 64,"PRECISION": 16,"SA": 0,"SB": 1,"STRM": 1,"STRN": 1,"VWM": 4,"VWN": 4}
    },
    {
      "kernel": "Xgemm",
      "time": 4.653,
      "parameters": {"GEMMK": 0,"KREG": 1,"KWG": 32,"KWI": 2,"MDIMA": 16,"MDIMC": 16,"MWG": 128,"NDIMB": 16,"NDIMC": 16,"NWG": 128,"PRECISION": 16,"SA": 1,"SB": 0,"STRM": 0,"STRN": 1,"VWM": 8,"VWN": 4}
    },
    {
      "kernel": "Xgemm",
      "time": 31.310,
      "parameters": {"GEMMK": 0,"KREG": 1,"KWG": 16,"KWI": 2,"MDIMA": 8,"MDIMC": 8,"MWG": 64,"NDIMB": 32,"NDIMC": 8,"NWG": 128,"PRECISION": 16,"SA": 0,"SB": 0,"STRM": 1,"STRN": 0,"VWM": 2,"VWN": 1}
    },
    {
      "kernel": "Xgemm",
      "time": 11.696,
      "parameters": {"GEMMK": 0,"KREG": 1,"KWG": 32,"KWI": 2,"MDIMA": 32,"MDIMC": 8,"MWG": 128,"NDIMB": 16,"NDIMC": 32,"NWG": 64,"PRECISION": 16,"SA": 1,"SB": 1,"STRM": 1,"STRN": 1,"VWM": 2,"VWN": 1}
    },
    {
      "kernel": "Xgemm",
      "time": 18.669,
      "parameters": {"GEMMK": 0,"KREG": 1,"KWG": 16,"KWI": 2,"MDIMA": 16,"MDIMC": 8,"MWG": 128,"NDIMB": 8,"NDIMC": 8,"NWG": 64,"PRECISION": 16,"SA": 0,"SB": 0,"STRM": 0,"STRN": 0,"VWM": 8,"VWN": 1}
    },
    {
      "kernel": "Xgemm",
      "time": 64.025,
      "parameters": {"GEMMK": 0,"KREG": 1,"KWG": 16,"KWI": 2,"MDIMA": 32,"MDIMC": 32,"MWG": 64,"NDIMB": 16,"NDIMC": 8,"NWG": 16,"PRECISION": 16,"SA": 0,"SB": 0,"STRM": 0,"STRN": 1,"VWM": 2,"VWN": 1}
    },
    {
      "kernel": "Xgemm",
      "time": 5.734,
      "parameters": {"GEMMK": 0,"KREG": 1,"KWG": 16,"KWI": 2,"MDIMA": 8,"MDIMC": 16,"MWG": 128,"NDIMB": 32,"NDIMC": 8,"NWG": 64,"PRECISION": 16,"SA": 0,"SB": 1,"STRM": 1,"STRN": 1,"VWM": 8,"VWN": 2}
    },
    {
      "kernel": "Xgemm",
      "time": 8.521,
      "parameters": {"GEMMK": 0,"KREG": 1,"KWG": 16,"KWI": 2,"MDIMA": 16,"MDIMC": 16,"MWG": 64,"NDIMB": 16,"NDIMC": 8,"NWG": 128,"PRECISION": 16,"SA": 1,"SB": 0,"STRM": 1,"STRN": 0,"VWM": 2,"VWN": 2}
    },
    {
      "kernel": "Xgemm",
      "time": 19.655,
      "parameters": {"GEMMK": 0,"KREG": 1,"KWG": 16,"KWI": 2,"MDIMA": 32,"MDIMC": 16,"MWG": 128,"NDIMB": 32,"NDIMC": 16,"NWG": 64,"PRECISION": 16,"SA": 0,"SB": 0,"STRM": 0,"STRN": 0,"VWM": 2,"VWN": 2}
    },
    {
      "kernel": "Xgemm",
      "time": 8.535,
      "parameters": {"GEMMK": 0,"KREG": 1,"KWG": 16,"KWI": 2,"MDIMA": 16,"MDIMC": 8,"MWG": 128,"NDIMB": 16,"NDIMC": 8,"NWG": 64,"PRECISION": 16,"SA": 0,"SB": 0,"STRM": 1,"STRN": 1,"VWM": 2,"VWN": 2}
    },
    {
      "kernel": "Xgemm",
      "time": 11.544,
      "parameters": {"GEMMK": 0,"KREG": 1,"KWG": 16,"KWI": 2,"MDIMA": 16,"MDIMC": 16,"MWG": 128,"NDIMB": 16,"NDIMC": 8,"NWG": 128,"PRECISION": 16,"SA": 0,"SB": 0,"STRM": 0,"STRN": 0,"VWM": 1,"VWN": 8}
    },
    {
      "kernel": "Xgemm",
      "time": 37.214,
      "parameters": {"GEMMK": 0,"KREG": 1,"KWG": 16,"KWI": 2,"MDIMA": 32,"MDIMC": 16,"MWG": 128,"NDIMB": 16,"NDIMC": 16,"NWG": 16,"PRECISION": 16,"SA": 1,"SB": 0,"STRM": 0,"STRN": 0,"VWM": 1,"VWN": 1}
    },
    {
      "kernel": "Xgemm",
      "time": 43.706,
      "parameters": {"GEMMK": 0,"KREG": 1,"KWG": 32,"KWI": 2,"MDIMA": 32,"MDIMC": 32,"MWG": 64,"NDIMB": 16,"NDIMC": 8,"NWG": 64,"PRECISION": 16,"SA": 1,"SB": 0,"STRM": 1,"STRN": 1,"VWM": 1,"VWN": 1}
    },
    {
      "kernel": "Xgemm",
      "time": 8.237,
      "parameters": {"GEMMK": 0,"KREG": 1,"KWG": 32,"KWI": 2,"MDIMA": 16,"MDIMC": 16,"MWG": 128,"NDIMB": 8,"NDIMC": 16,"NWG": 128,"PRECISION": 16,"SA": 1,"SB": 1,"STRM": 1,"STRN": 0,"VWM": 8,"VWN": 1}
    },
    {
      "kernel": "Xgemm",
      "time": 1446.735,
      "parameters": {"GEMMK": 0,"KREG": 1,"KWG": 16,"KWI": 2,"MDIMA": 32,"MDIMC": 8,"MWG": 128,"NDIMB": 8,"NDIMC": 8,"NWG": 128,"PRECISION": 16,"SA": 1,"SB": 1,"STRM": 0,"STRN": 0,"VWM": 1,"VWN": 1}
    },
    {
      "kernel": "Xgemm",
      "time": 29.142,
      "parameters": {"GEMMK": 0,"KREG": 1,"KWG": 32,"KWI": 2,"MDIMA": 8,"MDIMC": 8,"MWG": 32,"NDIMB": 32,"NDIMC": 32,"NWG": 64,"PRECISION": 16,"SA": 0,"SB": 0,"STRM": 1,"STRN": 0,"VWM": 2,"VWN": 2}
    },
    {
      "kernel": "Xgemm",
      "time": 9.425,
      "parameters": {"GEMMK": 0,"KREG": 1,"KWG": 32,"KWI": 2,"MDIMA": 16,"MDIMC": 16,"MWG": 64,"NDIMB": 32,"NDIMC": 16,"NWG": 128,"PRECISION": 16,"SA": 0,"SB": 1,"STRM": 0,"STRN": 1,"VWM": 2,"VWN": 4}
    },
    {
      "kernel": "Xgemm",
      "time": 19.573,
      "parameters": {"GEMMK": 0,"KREG": 1,"KWG": 16,"KWI": 2,"MDIMA": 16,"MDIMC": 8,"MWG": 64,"NDIMB": 16,"NDIMC": 16,"NWG": 32,"PRECISION": 16,"SA": 1,"SB": 1,"STRM": 1,"STRN": 0,"VWM": 4,"VWN": 1}
    },
    {
      "kernel": "Xgemm",
      "time": 33.583,
      "parameters": {"GEMMK": 0,"KREG": 1,"KWG": 32,"KWI": 2,"MDIMA": 32,"MDIMC": 8,"MWG": 64,"NDIMB": 8,"NDIMC": 32,"NWG": 128,"PRECISION": 16,"SA": 0,"SB": 1,"STRM": 1,"STRN": 1,"VWM": 1,"VWN": 2}
    },
    {
      "kernel": "Xgemm",
      "time": 38.142,
      "parameters": {"GEMMK": 0,"KREG": 1,"KWG": 16,"KWI": 2,"MDIMA": 32,"MDIMC": 16,"MWG": 64,"NDIMB": 8,"NDIMC": 8,"NWG": 128,"PRECISION": 16,"SA": 0,"SB": 1,"STRM": 0,"STRN": 1,"VWM": 1,"VWN": 2}
    },
    {
      "kernel": "Xgemm",
      "time": 9.434,
      "parameters": {"GEMMK": 0,"KREG": 1,"KWG": 16,"KWI": 2,"MDIMA": 8,"MDIMC": 8,"MWG": 64,"NDIMB": 8,"NDIMC": 16,"NWG": 128,"PRECISION": 16,"SA": 1,"SB": 1,"STRM": 0,"STRN": 0,"VWM": 8,"VWN": 1}
    },
    {
      "kernel": "Xgemm",
      "time": 32.244,
      "parameters": {"GEMMK": 0,"KREG": 1,"KWG": 32,"KWI": 2,"MDIMA": 32,"MDIMC": 16,"MWG": 32,"NDIMB": 16,"NDIMC": 16,"NWG": 64,"PRECISION": 16,"SA": 0,"SB": 0,"STRM": 0,"STRN": 1,"VWM": 1,"VWN": 4}
    },
    {
      "kernel": "Xgemm",
      "time": 11.254,
      "parameters": {"GEMMK": 0,"KREG": 1,"KWG": 16,"KWI": 2,"MDIMA": 16,"MDIMC": 8,"MWG": 128,"NDIMB": 32,"NDIMC": 16,"NWG": 64,"PRECISION": 16,"SA": 0,"SB": 0,"STRM": 1,"STRN": 0,"VWM": 8,"VWN": 2}
    },
    {
      "kernel": "Xgemm",
      "time": 21.997,
      "parameters": {"GEMMK": 0,"KREG": 1,"KWG": 32,"KWI": 2,"MDIMA": 32,"MDIMC": 16,"MWG": 64,"NDIMB": 32,"NDIMC": 8,"NWG": 128,"PRECISION": 16,"SA": 1,"SB": 1,"STRM": 0,"STRN": 1,"VWM": 1,"VWN": 2}
    },
    {
      "kernel": "Xgemm",
      "time": 6.958,
      "parameters": {"GEMMK": 0,"KREG": 1,"KWG": 32,"KWI": 2,"MDIMA": 16,"MDIMC": 16,"MWG": 128,"NDIMB": 8,"NDIMC": 8,"NWG": 32,"PRECISION": 16,"SA": 0,"SB": 1,"STRM": 1,"STRN": 1,"VWM": 8,"VWN": 4}
    },
    {
      "kernel": "Xgemm",
      "time": 6.432,
      "parameters": {"GEMMK": 0,"KREG": 1,"KWG": 16,"KWI": 2,"MDIMA": 32,"MDIMC": 16,"MWG": 64,"NDIMB": 16,"NDIMC": 8,"NWG": 64,"PRECISION": 16,"SA": 0,"SB": 0,"STRM": 1,"STRN": 1,"VWM": 2,"VWN": 4}
    },
    {
      "kernel": "Xgemm",
      "time": 21.170,
      "parameters": {"GEMMK": 0,"KREG": 1,"KWG": 32,"KWI": 2,"MDIMA": 16,"MDIMC": 8,"MWG": 32,"NDIMB": 16,"NDIMC": 16,"NWG": 128,"PRECISION": 16,"SA": 1,"SB": 1,"STRM": 0,"STRN": 1,"VWM": 1,"VWN": 2}
    },
    {
      "kernel": "Xgemm",
      "time": 45.461,
      "parameters": {"GEMMK": 0,"KREG": 1,"KWG": 32,"KWI": 2,"MDIMA": 8,"MDIMC": 8,"MWG": 16,"NDIMB": 16,"NDIMC": 8,"NWG": 32,"PRECISION": 16,"SA": 0,"SB": 0,"STRM": 1,"STRN": 0,"VWM": 2,"VWN": 1}
    },
    {
      "kernel": "Xgemm",
      "time": 25.796,
      "parameters": {"GEMMK": 0,"KREG": 1,"KWG": 16,"KWI": 2,"MDIMA": 32,"MDIMC": 8,"MWG": 128,"NDIMB": 16,"NDIMC": 32,"NWG": 64,"PRECISION": 16,"SA": 1,"SB": 0,"STRM": 0,"STRN": 0,"VWM": 2,"VWN": 1}
    },
    {
      "kernel": "Xgemm",
      "time": 7.711,
      "parameters": {"GEMMK": 0,"KREG": 1,"KWG": 32,"KWI": 2,"MDIMA": 16,"MDIMC": 16,"MWG": 128,"NDIMB": 16,"NDIMC": 16,"NWG": 128,"PRECISION": 16,"SA": 1,"SB": 1,"STRM": 0,"STRN": 1,"VWM": 8,"VWN": 1}
    },
    {
      "kernel": "Xgemm",
      "time": 13.153,
      "parameters": {"GEMMK": 0,"KREG": 1,"KWG": 32,"KWI": 2,"MDIMA": 16,"MDIMC": 16,"MWG": 128,"NDIMB": 16,"NDIMC": 8,"NWG": 128,"PRECISION": 16,"SA": 1,"SB": 1,"STRM": 1,"STRN": 1,"VWM": 2,"VWN": 2}
    },
    {
      "kernel": "Xgemm",
      "time": 18.397,
      "parameters": {"GEMMK": 0,"KREG": 1,"KWG": 32,"KWI": 2,"MDIMA": 16,"MDIMC": 16,"MWG": 32,"NDIMB": 16,"NDIMC": 8,"NWG": 32,"PRECISION": 16,"SA": 0,"SB": 1,"STRM": 1,"STRN": 1,"VWM": 2,"VWN": 2}
    },
    {
      "kernel": "Xgemm",
      "time": 17.462,
      "parameters": {"GEMMK": 0,"KREG": 1,"KWG": 32,"KWI": 2,"MDIMA": 8,"MDIMC": 16,"MWG": 32,"NDIMB": 16,"NDIMC": 16,"NWG": 128,"PRECISION": 16,"SA": 1,"SB": 0,"STRM": 1,"STRN": 0,"VWM": 2,"VWN": 2}
    },
    {
      "kernel": "Xgemm",
      "time": 57.375,
      "parameters": {"GEMMK": 0,"KREG": 1,"KWG": 16,"KWI": 2,"MDIMA": 32,"MDIMC": 16,"MWG": 64,"NDIMB": 8,"NDIMC": 8,"NWG": 16,"PRECISION": 16,"SA": 0,"SB": 0,"STRM": 1,"STRN": 0,"VWM": 1,"VWN": 2}
    },
    {
      "kernel": "Xgemm",
      "time": 6.655,
      "parameters": {"GEMMK": 0,"KREG": 1,"KWG": 32,"KWI": 2,"MDIMA": 16,"MDIMC": 16,"MWG": 64,"NDIMB": 8,"NDIMC": 16,"NWG": 128,"PRECISION": 16,"SA": 0,"SB": 1,"STRM": 1,"STRN": 1,"VWM": 4,"VWN": 8}
    },
    {
      "kernel": "Xgemm",
      "time": 27.434,
      "parameters": {"GEMMK": 0,"KREG": 1,"KWG": 16,"KWI": 2,"MDIMA": 32,"MDIMC": 8,"MWG": 64,"NDIMB": 16,"NDIMC": 8,"NWG": 64,"PRECISION": 16,"SA": 1,"SB": 1,"STRM": 0,"STRN": 1,"VWM": 1,"VWN": 1}
    },
    {
      "kernel": "Xgemm",
      "time": 23.432,
      "parameters": {"GEMMK": 0,"KREG": 1,"KWG": 32,"KWI": 2,"MDIMA": 16,"MDIMC": 16,"MWG": 64,"NDIMB": 32,"NDIMC": 8,"NWG": 32,"PRECISION": 16,"SA": 1,"SB": 0,"STRM": 1,"STRN": 0,"VWM": 2,"VWN": 1}
    },
    {
      "kernel": "Xgemm",
      "time": 23.883,
      "parameters": {"GEMMK": 0,"KREG": 1,"KWG": 32,"KWI": 2,"MDIMA": 32,"MDIMC": 32,"MWG": 64,"NDIMB": 16,"NDIMC": 8,"NWG": 128,"PRECISION": 16,"SA": 1,"SB": 1,"STRM": 0,"STRN": 0,"VWM": 1,"VWN": 2}
    },
    {
      "kernel": "Xgemm",
      "time": 20.606,
      "parameters": {"GEMMK": 0,"KREG": 1,"KWG": 32,"KWI": 2,"MDIMA": 16,"MDIMC": 16,"MWG": 16,"NDIMB": 32,"NDIMC": 8,"NWG": 128,"PRECISION": 16,"SA": 1,"SB": 1,"STRM": 1,"STRN": 1,"VWM": 1,"VWN": 2}
    },
    {
      "kernel": "Xgemm",
      "time": 36.853,
      "parameters": {"GEMMK": 0,"KREG": 1,"KWG": 32,"KWI": 2,"MDIMA": 16,"MDIMC": 16,"MWG": 32,"NDIMB": 8,"NDIMC": 16,"NWG": 128,"PRECISION": 16,"SA": 1,"SB": 0,"STRM": 1,"STRN": 1,"VWM": 2,"VWN": 1}
    },
    {
      "kernel": "Xgemm",
      "time": 230.454,
      "parameters": {"GEMMK": 0,"KREG": 1,"KWG": 32,"KWI": 2,"MDIMA": 8,"MDIMC": 8,"MWG": 128,"NDIMB": 8,"NDIMC": 8,"NWG": 128,"PRECISION": 16,"SA": 0,"SB": 0,"STRM": 0,"STRN": 1,"VWM": 4,"VWN": 1}
    },
    {
      "kernel": "Xgemm",
      "time": 9.896,
      "parameters": {"GEMMK": 0,"KREG": 1,"KWG": 16,"KWI": 2,"MDIMA": 8,"MDIMC": 16,"MWG": 32,"NDIMB": 32,"NDIMC": 8,"NWG": 128,"PRECISION": 16,"SA": 1,"SB": 1,"STRM": 1,"STRN": 1,"VWM": 2,"VWN": 4}
    },
    {
      "kernel": "Xgemm",
      "time": 107.393,
      "parameters": {"GEMMK": 0,"KREG": 1,"KWG": 16,"KWI": 2,"MDIMA": 8,"MDIMC": 16,"MWG": 16,"NDIMB": 8,"NDIMC": 8,"NWG": 16,"PRECISION": 16,"SA": 1,"SB": 1,"STRM": 1,"STRN": 0,"VWM": 1,"VWN": 1}
    },
    {
      "kernel": "Xgemm",
      "time": 20.475,
      "parameters": {"GEMMK": 0,"KREG": 1,"KWG": 32,"KWI": 2,"MDIMA": 16,"MDIMC": 16,"MWG": 128,"NDIMB": 32,"NDIMC": 8,"NWG": 128,"PRECISION": 16,"SA": 0,"SB": 1,"STRM": 0,"STRN": 0,"VWM": 1,"VWN": 1}
    },
    {
      "kernel": "Xgemm",
      "time": 853.189,
      "parameters": {"GEMMK": 0,"KREG": 1,"KWG": 32,"KWI": 2,"MDIMA": 8,"MDIMC": 16,"MWG": 16,"NDIMB": 8,"NDIMC": 8,"NWG": 128,"PRECISION": 16,"SA": 0,"SB": 0,"STRM": 1,"STRN": 1,"VWM": 1,"VWN": 1}
    },
    {
      "kernel": "Xgemm",
      "time": 16.477,
      "parameters": {"GEMMK": 0,"KREG": 1,"KWG": 32,"KWI": 2,"MDIMA": 32,"MDIMC": 8,"MWG": 128,"NDIMB": 8,"NDIMC": 16,"NWG": 128,"PRECISION": 16,"SA": 1,"SB": 1,"STRM": 0,"STRN": 0,"VWM": 2,"VWN": 8}
    },
    {
      "kernel": "Xgemm",
      "time": 29.533,
      "parameters": {"GEMMK": 0,"KREG": 1,"KWG": 32,"KWI": 2,"MDIMA": 8,"MDIMC": 8,"MWG": 128,"NDIMB": 32,"NDIMC": 8,"NWG": 32,"PRECISION": 16,"SA": 1,"SB": 0,"STRM": 0,"STRN": 0,"VWM": 1,"VWN": 1}
    },
    {
      "kernel": "Xgemm",
      "time": 8.148,
      "parameters": {"GEMMK": 0,"KREG": 1,"KWG": 16,"KWI": 2,"MDIMA": 8,"MDIMC": 8,"MWG": 64,"NDIMB": 8,"NDIMC": 8,"NWG": 64,"PRECISION": 16,"SA": 1,"SB": 0,"STRM": 1,"STRN": 1,"VWM": 4,"VWN": 2}
    },
    {
      "kernel": "Xgemm",
      "time": 6.749,
      "parameters": {"GEMMK": 0,"KREG": 1,"KWG": 32,"KWI": 2,"MDIMA": 16,"MDIMC": 16,"MWG": 64,"NDIMB": 8,"NDIMC": 8,"NWG": 128,"PRECISION": 16,"SA": 0,"SB": 0,"STRM": 1,"STRN": 0,"VWM": 2,"VWN": 4}
    },
    {
      "kernel": "Xgemm",
      "time": 6.319,
      "parameters": {"GEMMK": 0,"KREG": 1,"KWG": 32,"KWI": 2,"MDIMA": 8,"MDIMC": 32,"MWG": 64,"NDIMB": 8,"NDIMC": 8,"NWG": 128,"PRECISION": 16,"SA": 0,"SB": 0,"STRM": 1,"STRN": 1,"VWM": 2,"VWN": 8}
    },
    {
      "kernel": "Xgemm",
      "time": 32.231,
      "parameters": {"GEMMK": 0,"KREG": 1,"KWG": 16,"KWI": 2,"MDIMA": 16,"MDIMC": 16,"MWG": 64,"NDIMB": 32,"NDIMC": 8,"NWG": 32,"PRECISION": 16,"SA": 0,"SB": 1,"STRM": 0,"STRN": 1,"VWM": 1,"VWN": 1}
    },
    {
      "kernel": "Xgemm",
      "time": 32.831,
      "parameters": {"GEMMK": 0,"KREG": 1,"KWG": 32,"KWI": 2,"MDIMA": 32,"MDIMC": 16,"MWG": 128,"NDIMB": 16,"NDIMC": 16,"NWG": 64,"PRECISION": 16,"SA": 0,"SB": 1,"STRM": 1,"STRN": 0,"VWM": 1,"VWN": 2}
    },
    {
      "kernel": "Xgemm",
      "time": 36.178,
      "parameters": {"GEMMK": 0,"KREG": 1,"KWG": 16,"KWI": 2,"MDIMA": 16,"MDIMC": 16,"MWG": 32,"NDIMB": 16,"NDIMC": 16,"NWG": 64,"PRECISION": 16,"SA": 0,"SB": 1,"STRM": 0,"STRN": 1,"VWM": 1,"VWN": 1}
    },
    {
      "kernel": "Xgemm",
      "time": 14.130,
      "parameters": {"GEMMK": 0,"KREG": 1,"KWG": 32,"KWI": 2,"MDIMA": 8,"MDIMC": 8,"MWG": 32,"NDIMB": 8,"NDIMC": 32,"NWG": 128,"PRECISION": 16,"SA": 1,"SB": 1,"STRM": 0,"STRN": 0,"VWM": 4,"VWN": 2}
    },
    {
      "kernel": "Xgemm",
      "time": 14.275,
      "parameters": {"GEMMK": 0,"KREG": 1,"KWG": 32,"KWI": 2,"MDIMA": 8,"MDIMC": 16,"MWG": 32,"NDIMB": 8,"NDIMC": 8,"NWG": 64,"PRECISION": 16,"SA": 1,"SB": 1,"STRM": 0,"STRN": 0,"VWM": 2,"VWN": 2}
    },
    {
      "kernel": "Xgemm",
      "time": 8.408,
      "parameters": {"GEMMK": 0,"KREG": 1,"KWG": 32,"KWI": 2,"MDIMA": 16,"MDIMC": 8,"MWG": 64,"NDIMB": 8,"NDIMC": 8,"NWG": 128,"PRECISION": 16,"SA": 1,"SB": 0,"STRM": 0,"STRN": 1,"VWM": 4,"VWN": 4}
    },
    {
      "kernel": "Xgemm",
      "time": 51.863,
      "parameters": {"GEMMK": 0,"KREG": 1,"KWG": 16,"KWI": 2,"MDIMA": 32,"MDIMC": 8,"MWG": 64,"NDIMB": 32,"NDIMC": 32,"NWG": 64,"PRECISION": 16,"SA": 0,"SB": 0,"STRM": 0,"STRN": 1,"VWM": 2,"VWN": 1}
    }
  ]
}
