{
  "kernel_family": "copy",
  "precision": "16",
  "best_kernel": "CopyMatrixFast",
  "best_time": "0.30",
  "best_parameters": "COPY_DIMX=32 COPY_DIMY=16 COPY_VW=4 COPY_WPT=8 PRECISION=16",
  "arg_m": "1024",
  "arg_n": "1024",
  "arg_alpha": "2.000000",
  "clblast_device_type": "GPU",
  "clblast_device_vendor": "QUALCOMM",
  "clblast_device_architecture": "OpenCL C 3.0 Adreno(TM) 730",
  "clblast_device_name": "QUALCOMM Adreno(TM)",
  "device": "QUALCOMM Adreno(TM)",
  "platform_vendor": "QUALCOMM",
  "platform_version": "OpenCL 3.0 QUALCOMM build: commit #2addc0741b changeid #I701168ee75 Date: 01/12/22 Wed Local Branch:  Remote Branch: ",
  "device_vendor": "QUALCOMM",
  "device_type": "GPU",
  "device_core_clock": "1",
  "device_compute_units": "4",
  "device_extra_info": "",
  "results": [
    {
      "kernel": "CopyMatrixFast",
      "time": 0.837,
      "parameters": {"COPY_DIMX": 8,"COPY_DIMY": 8,"COPY_VW": 1,"COPY_WPT": 1,"PRECISION": 16}
    },
    {
      "kernel": "CopyMatrixFast",
      "time": 0.607,
      "parameters": {"COPY_DIMX": 8,"COPY_DIMY": 8,"COPY_VW": 2,"COPY_WPT": 1,"PRECISION": 16}
    },
    {
      "kernel": "CopyMatrixFast",
      "time": 0.480,
      "parameters": {"COPY_DIMX": 8,"COPY_DIMY": 8,"COPY_VW": 4,"COPY_WPT": 1,"PRECISION": 16}
    },
    {
      "kernel": "CopyMatrixFast",
      "time": 0.673,
      "parameters": {"COPY_DIMX": 8,"COPY_DIMY": 8,"COPY_VW": 8,"COPY_WPT": 1,"PRECISION": 16}
    },
    {
      "kernel": "CopyMatrixFast",
      "time": 0.718,
      "parameters": {"COPY_DIMX": 8,"COPY_DIMY": 8,"COPY_VW": 1,"COPY_WPT": 2,"PRECISION": 16}
    },
    {
      "kernel": "CopyMatrixFast",
      "time": 0.687,
      "parameters": {"COPY_DIMX": 8,"COPY_DIMY": 8,"COPY_VW": 2,"COPY_WPT": 2,"PRECISION": 16}
    },
    {
      "kernel": "CopyMatrixFast",
      "time": 0.694,
      "parameters": {"COPY_DIMX": 8,"COPY_DIMY": 8,"COPY_VW": 4,"COPY_WPT": 2,"PRECISION": 16}
    },
    {
      "kernel": "CopyMatrixFast",
      "time": 0.650,
      "parameters": {"COPY_DIMX": 8,"COPY_DIMY": 8,"COPY_VW": 8,"COPY_WPT": 2,"PRECISION": 16}
    },
    {
      "kernel": "CopyMatrixFast",
      "time": 0.532,
      "parameters": {"COPY_DIMX": 8,"COPY_DIMY": 8,"COPY_VW": 1,"COPY_WPT": 4,"PRECISION": 16}
    },
    {
      "kernel": "CopyMatrixFast",
      "time": 0.685,
      "parameters": {"COPY_DIMX": 8,"COPY_DIMY": 8,"COPY_VW": 2,"COPY_WPT": 4,"PRECISION": 16}
    },
    {
      "kernel": "CopyMatrixFast",
      "time": 0.483,
      "parameters": {"COPY_DIMX": 8,"COPY_DIMY": 8,"COPY_VW": 4,"COPY_WPT": 4,"PRECISION": 16}
    },
    {
      "kernel": "CopyMatrixFast",
      "time": 0.526,
      "parameters": {"COPY_DIMX": 8,"COPY_DIMY": 8,"COPY_VW": 8,"COPY_WPT": 4,"PRECISION": 16}
    },
    {
      "kernel": "CopyMatrixFast",
      "time": 0.666,
      "parameters": {"COPY_DIMX": 8,"COPY_DIMY": 8,"COPY_VW": 1,"COPY_WPT": 8,"PRECISION": 16}
    },
    {
      "kernel": "CopyMatrixFast",
      "time": 0.497,
      "parameters": {"COPY_DIMX": 8,"COPY_DIMY": 8,"COPY_VW": 2,"COPY_WPT": 8,"PRECISION": 16}
    },
    {
      "kernel": "CopyMatrixFast",
      "time": 0.501,
      "parameters": {"COPY_DIMX": 8,"COPY_DIMY": 8,"COPY_VW": 4,"COPY_WPT": 8,"PRECISION": 16}
    },
    {
      "kernel": "CopyMatrixFast",
      "time": 0.679,
      "parameters": {"COPY_DIMX": 8,"COPY_DIMY": 8,"COPY_VW": 8,"COPY_WPT": 8,"PRECISION": 16}
    },
    {
      "kernel": "CopyMatrixFast",
      "time": 0.737,
      "parameters": {"COPY_DIMX": 8,"COPY_DIMY": 16,"COPY_VW": 1,"COPY_WPT": 1,"PRECISION": 16}
    },
    {
      "kernel": "CopyMatrixFast",
      "time": 0.477,
      "parameters": {"COPY_DIMX": 8,"COPY_DIMY": 16,"COPY_VW": 2,"COPY_WPT": 1,"PRECISION": 16}
    },
    {
      "kernel": "CopyMatrixFast",
      "time": 0.486,
      "parameters": {"COPY_DIMX": 8,"COPY_DIMY": 16,"COPY_VW": 4,"COPY_WPT": 1,"PRECISION": 16}
    },
    {
      "kernel": "CopyMatrixFast",
      "time": 0.689,
      "parameters": {"COPY_DIMX": 8,"COPY_DIMY": 16,"COPY_VW": 8,"COPY_WPT": 1,"PRECISION": 16}
    },
    {
      "kernel": "CopyMatrixFast",
      "time": 0.667,
      "parameters": {"COPY_DIMX": 8,"COPY_DIMY": 16,"COPY_VW": 1,"COPY_WPT": 2,"PRECISION": 16}
    },
    {
      "kernel": "CopyMatrixFast",
      "time": 0.571,
      "parameters": {"COPY_DIMX": 8,"COPY_DIMY": 16,"COPY_VW": 2,"COPY_WPT": 2,"PRECISION": 16}
    },
    {
      "kernel": "CopyMatrixFast",
      "time": 0.536,
      "parameters": {"COPY_DIMX": 8,"COPY_DIMY": 16,"COPY_VW": 4,"COPY_WPT": 2,"PRECISION": 16}
    },
    {
      "kernel": "CopyMatrixFast",
      "time": 0.680,
      "parameters": {"COPY_DIMX": 8,"COPY_DIMY": 16,"COPY_VW": 8,"COPY_WPT": 2,"PRECISION": 16}
    },
    {
      "kernel": "CopyMatrixFast",
      "time": 0.695,
      "parameters": {"COPY_DIMX": 8,"COPY_DIMY": 16,"COPY_VW": 1,"COPY_WPT": 4,"PRECISION": 16}
    },
    {
      "kernel": "CopyMatrixFast",
      "time": 0.654,
      "parameters": {"COPY_DIMX": 8,"COPY_DIMY": 16,"COPY_VW": 2,"COPY_WPT": 4,"PRECISION": 16}
    },
    {
      "kernel": "CopyMatrixFast",
      "time": 0.506,
      "parameters": {"COPY_DIMX": 8,"COPY_DIMY": 16,"COPY_VW": 4,"COPY_WPT": 4,"PRECISION": 16}
    },
    {
      "kernel": "CopyMatrixFast",
      "time": 0.437,
      "parameters": {"COPY_DIMX": 8,"COPY_DIMY": 16,"COPY_VW": 8,"COPY_WPT": 4,"PRECISION": 16}
    },
    {
      "kernel": "CopyMatrixFast",
      "time": 0.667,
      "parameters": {"COPY_DIMX": 8,"COPY_DIMY": 16,"COPY_VW": 1,"COPY_WPT": 8,"PRECISION": 16}
    },
    {
      "kernel": "CopyMatrixFast",
      "time": 0.637,
      "parameters": {"COPY_DIMX": 8,"COPY_DIMY": 16,"COPY_VW": 2,"COPY_WPT": 8,"PRECISION": 16}
    },
    {
      "kernel": "CopyMatrixFast",
      "time": 0.652,
      "parameters": {"COPY_DIMX": 8,"COPY_DIMY": 16,"COPY_VW": 4,"COPY_WPT": 8,"PRECISION": 16}
    },
    {
      "kernel": "CopyMatrixFast",
      "time": 0.670,
      "parameters": {"COPY_DIMX": 8,"COPY_DIMY": 16,"COPY_VW": 8,"COPY_WPT": 8,"PRECISION": 16}
    },
    {
      "kernel": "CopyMatrixFast",
      "time": 0.616,
      "parameters": {"COPY_DIMX": 8,"COPY_DIMY": 32,"COPY_VW": 1,"COPY_WPT": 1,"PRECISION": 16}
    },
    {
      "kernel": "CopyMatrixFast",
      "time": 0.464,
      "parameters": {"COPY_DIMX": 8,"COPY_DIMY": 32,"COPY_VW": 2,"COPY_WPT": 1,"PRECISION": 16}
    },
    {
      "kernel": "CopyMatrixFast",
      "time": 0.454,
      "parameters": {"COPY_DIMX": 8,"COPY_DIMY": 32,"COPY_VW": 4,"COPY_WPT": 1,"PRECISION": 16}
    },
    {
      "kernel": "CopyMatrixFast",
      "time": 0.478,
      "parameters": {"COPY_DIMX": 8,"COPY_DIMY": 32,"COPY_VW": 8,"COPY_WPT": 1,"PRECISION": 16}
    },
    {
      "kernel": "CopyMatrixFast",
      "time": 0.504,
      "parameters": {"COPY_DIMX": 8,"COPY_DIMY": 32,"COPY_VW": 1,"COPY_WPT": 2,"PRECISION": 16}
    },
    {
      "kernel": "CopyMatrixFast",
      "time": 0.448,
      "parameters": {"COPY_DIMX": 8,"COPY_DIMY": 32,"COPY_VW": 2,"COPY_WPT": 2,"PRECISION": 16}
    },
    {
      "kernel": "CopyMatrixFast",
      "time": 0.442,
      "parameters": {"COPY_DIMX": 8,"COPY_DIMY": 32,"COPY_VW": 4,"COPY_WPT": 2,"PRECISION": 16}
    },
    {
      "kernel": "CopyMatrixFast",
      "time": 0.471,
      "parameters": {"COPY_DIMX": 8,"COPY_DIMY": 32,"COPY_VW": 8,"COPY_WPT": 2,"PRECISION": 16}
    },
    {
      "kernel": "CopyMatrixFast",
      "time": 0.493,
      "parameters": {"COPY_DIMX": 8,"COPY_DIMY": 32,"COPY_VW": 1,"COPY_WPT": 4,"PRECISION": 16}
    },
    {
      "kernel": "CopyMatrixFast",
      "time": 0.661,
      "parameters": {"COPY_DIMX": 8,"COPY_DIMY": 32,"COPY_VW": 2,"COPY_WPT": 4,"PRECISION": 16}
    },
    {
      "kernel": "CopyMatrixFast",
      "time": 0.488,
      "parameters": {"COPY_DIMX": 8,"COPY_DIMY": 32,"COPY_VW": 4,"COPY_WPT": 4,"PRECISION": 16}
    },
    {
      "kernel": "CopyMatrixFast",
      "time": 0.490,
      "parameters": {"COPY_DIMX": 8,"COPY_DIMY": 32,"COPY_VW": 8,"COPY_WPT": 4,"PRECISION": 16}
    },
    {
      "kernel": "CopyMatrixFast",
      "time": 0.483,
      "parameters": {"COPY_DIMX": 8,"COPY_DIMY": 32,"COPY_VW": 1,"COPY_WPT": 8,"PRECISION": 16}
    },
    {
      "kernel": "CopyMatrixFast",
      "time": 0.660,
      "parameters": {"COPY_DIMX": 8,"COPY_DIMY": 32,"COPY_VW": 2,"COPY_WPT": 8,"PRECISION": 16}
    },
    {
      "kernel": "CopyMatrixFast",
      "time": 0.508,
      "parameters": {"COPY_DIMX": 8,"COPY_DIMY": 32,"COPY_VW": 4,"COPY_WPT": 8,"PRECISION": 16}
    },
    {
      "kernel": "CopyMatrixFast",
      "time": 0.668,
      "parameters": {"COPY_DIMX": 8,"COPY_DIMY": 32,"COPY_VW": 8,"COPY_WPT": 8,"PRECISION": 16}
    },
    {
      "kernel": "CopyMatrixFast",
      "time": 0.712,
      "parameters": {"COPY_DIMX": 16,"COPY_DIMY": 8,"COPY_VW": 1,"COPY_WPT": 1,"PRECISION": 16}
    },
    {
      "kernel": "CopyMatrixFast",
      "time": 0.427,
      "parameters": {"COPY_DIMX": 16,"COPY_DIMY": 8,"COPY_VW": 2,"COPY_WPT": 1,"PRECISION": 16}
    },
    {
      "kernel": "CopyMatrixFast",
      "time": 0.433,
      "parameters": {"COPY_DIMX": 16,"COPY_DIMY": 8,"COPY_VW": 4,"COPY_WPT": 1,"PRECISION": 16}
    },
    {
      "kernel": "CopyMatrixFast",
      "time": 0.678,
      "parameters": {"COPY_DIMX": 16,"COPY_DIMY": 8,"COPY_VW": 8,"COPY_WPT": 1,"PRECISION": 16}
    },
    {
      "kernel": "CopyMatrixFast",
      "time": 0.374,
      "parameters": {"COPY_DIMX": 16,"COPY_DIMY": 8,"COPY_VW": 1,"COPY_WPT": 2,"PRECISION": 16}
    },
    {
      "kernel": "CopyMatrixFast",
      "time": 0.437,
      "parameters": {"COPY_DIMX": 16,"COPY_DIMY": 8,"COPY_VW": 2,"COPY_WPT": 2,"PRECISION": 16}
    },
    {
      "kernel": "CopyMatrixFast",
      "time": 0.596,
      "parameters": {"COPY_DIMX": 16,"COPY_DIMY": 8,"COPY_VW": 4,"COPY_WPT": 2,"PRECISION": 16}
    },
    {
      "kernel": "CopyMatrixFast",
      "time": 0.477,
      "parameters": {"COPY_DIMX": 16,"COPY_DIMY": 8,"COPY_VW": 8,"COPY_WPT": 2,"PRECISION": 16}
    },
    {
      "kernel": "CopyMatrixFast",
      "time": 0.676,
      "parameters": {"COPY_DIMX": 16,"COPY_DIMY": 8,"COPY_VW": 1,"COPY_WPT": 4,"PRECISION": 16}
    },
    {
      "kernel": "CopyMatrixFast",
      "time": 0.457,
      "parameters": {"COPY_DIMX": 16,"COPY_DIMY": 8,"COPY_VW": 2,"COPY_WPT": 4,"PRECISION": 16}
    },
    {
      "kernel": "CopyMatrixFast",
      "time": 0.470,
      "parameters": {"COPY_DIMX": 16,"COPY_DIMY": 8,"COPY_VW": 4,"COPY_WPT": 4,"PRECISION": 16}
    },
    {
      "kernel": "CopyMatrixFast",
      "time": 0.676,
      "parameters": {"COPY_DIMX": 16,"COPY_DIMY": 8,"COPY_VW": 8,"COPY_WPT": 4,"PRECISION": 16}
    },
    {
      "kernel": "CopyMatrixFast",
      "time": 0.707,
      "parameters": {"COPY_DIMX": 16,"COPY_DIMY": 8,"COPY_VW": 1,"COPY_WPT": 8,"PRECISION": 16}
    },
    {
      "kernel": "CopyMatrixFast",
      "time": 0.442,
      "parameters": {"COPY_DIMX": 16,"COPY_DIMY": 8,"COPY_VW": 2,"COPY_WPT": 8,"PRECISION": 16}
    },
    {
      "kernel": "CopyMatrixFast",
      "time": 0.471,
      "parameters": {"COPY_DIMX": 16,"COPY_DIMY": 8,"COPY_VW": 4,"COPY_WPT": 8,"PRECISION": 16}
    },
    {
      "kernel": "CopyMatrixFast",
      "time": 0.477,
      "parameters": {"COPY_DIMX": 16,"COPY_DIMY": 8,"COPY_VW": 8,"COPY_WPT": 8,"PRECISION": 16}
    },
    {
      "kernel": "CopyMatrixFast",
      "time": 0.677,
      "parameters": {"COPY_DIMX": 16,"COPY_DIMY": 16,"COPY_VW": 1,"COPY_WPT": 1,"PRECISION": 16}
    },
    {
      "kernel": "CopyMatrixFast",
      "time": 0.458,
      "parameters": {"COPY_DIMX": 16,"COPY_DIMY": 16,"COPY_VW": 2,"COPY_WPT": 1,"PRECISION": 16}
    },
    {
      "kernel": "CopyMatrixFast",
      "time": 0.470,
      "parameters": {"COPY_DIMX": 16,"COPY_DIMY": 16,"COPY_VW": 4,"COPY_WPT": 1,"PRECISION": 16}
    },
    {
      "kernel": "CopyMatrixFast",
      "time": 0.648,
      "parameters": {"COPY_DIMX": 16,"COPY_DIMY": 16,"COPY_VW": 8,"COPY_WPT": 1,"PRECISION": 16}
    },
    {
      "kernel": "CopyMatrixFast",
      "time": 0.699,
      "parameters": {"COPY_DIMX": 16,"COPY_DIMY": 16,"COPY_VW": 1,"COPY_WPT": 2,"PRECISION": 16}
    },
    {
      "kernel": "CopyMatrixFast",
      "time": 0.472,
      "parameters": {"COPY_DIMX": 16,"COPY_DIMY": 16,"COPY_VW": 2,"COPY_WPT": 2,"PRECISION": 16}
    },
    {
      "kernel": "CopyMatrixFast",
      "time": 0.638,
      "parameters": {"COPY_DIMX": 16,"COPY_DIMY": 16,"COPY_VW": 4,"COPY_WPT": 2,"PRECISION": 16}
    },
    {
      "kernel": "CopyMatrixFast",
      "time": 0.672,
      "parameters": {"COPY_DIMX": 16,"COPY_DIMY": 16,"COPY_VW": 8,"COPY_WPT": 2,"PRECISION": 16}
    },
    {
      "kernel": "CopyMatrixFast",
      "time": 0.479,
      "parameters": {"COPY_DIMX": 16,"COPY_DIMY": 16,"COPY_VW": 1,"COPY_WPT": 4,"PRECISION": 16}
    },
    {
      "kernel": "CopyMatrixFast",
      "time": 0.650,
      "parameters": {"COPY_DIMX": 16,"COPY_DIMY": 16,"COPY_VW": 2,"COPY_WPT": 4,"PRECISION": 16}
    },
    {
      "kernel": "CopyMatrixFast",
      "time": 0.499,
      "parameters": {"COPY_DIMX": 16,"COPY_DIMY": 16,"COPY_VW": 4,"COPY_WPT": 4,"PRECISION": 16}
    },
    {
      "kernel": "CopyMatrixFast",
      "time": 0.675,
      "parameters": {"COPY_DIMX": 16,"COPY_DIMY": 16,"COPY_VW": 8,"COPY_WPT": 4,"PRECISION": 16}
    },
    {
      "kernel": "CopyMatrixFast",
      "time": 0.691,
      "parameters": {"COPY_DIMX": 16,"COPY_DIMY": 16,"COPY_VW": 1,"COPY_WPT": 8,"PRECISION": 16}
    },
    {
      "kernel": "CopyMatrixFast",
      "time": 0.669,
      "parameters": {"COPY_DIMX": 16,"COPY_DIMY": 16,"COPY_VW": 2,"COPY_WPT": 8,"PRECISION": 16}
    },
    {
      "kernel": "CopyMatrixFast",
      "time": 0.661,
      "parameters": {"COPY_DIMX": 16,"COPY_DIMY": 16,"COPY_VW": 4,"COPY_WPT": 8,"PRECISION": 16}
    },
    {
      "kernel": "CopyMatrixFast",
      "time": 0.665,
      "parameters": {"COPY_DIMX": 16,"COPY_DIMY": 16,"COPY_VW": 8,"COPY_WPT": 8,"PRECISION": 16}
    },
    {
      "kernel": "CopyMatrixFast",
      "time": 0.472,
      "parameters": {"COPY_DIMX": 16,"COPY_DIMY": 32,"COPY_VW": 1,"COPY_WPT": 1,"PRECISION": 16}
    },
    {
      "kernel": "CopyMatrixFast",
      "time": 0.463,
      "parameters": {"COPY_DIMX": 16,"COPY_DIMY": 32,"COPY_VW": 2,"COPY_WPT": 1,"PRECISION": 16}
    },
    {
      "kernel": "CopyMatrixFast",
      "time": 0.436,
      "parameters": {"COPY_DIMX": 16,"COPY_DIMY": 32,"COPY_VW": 4,"COPY_WPT": 1,"PRECISION": 16}
    },
    {
      "kernel": "CopyMatrixFast",
      "time": 0.658,
      "parameters": {"COPY_DIMX": 16,"COPY_DIMY": 32,"COPY_VW": 8,"COPY_WPT": 1,"PRECISION": 16}
    },
    {
      "kernel": "CopyMatrixFast",
      "time": 0.529,
      "parameters": {"COPY_DIMX": 16,"COPY_DIMY": 32,"COPY_VW": 1,"COPY_WPT": 2,"PRECISION": 16}
    },
    {
      "kernel": "CopyMatrixFast",
      "time": 0.430,
      "parameters": {"COPY_DIMX": 16,"COPY_DIMY": 32,"COPY_VW": 2,"COPY_WPT": 2,"PRECISION": 16}
    },
    {
      "kernel": "CopyMatrixFast",
      "time": 0.496,
      "parameters": {"COPY_DIMX": 16,"COPY_DIMY": 32,"COPY_VW": 4,"COPY_WPT": 2,"PRECISION": 16}
    },
    {
      "kernel": "CopyMatrixFast",
      "time": 0.662,
      "parameters": {"COPY_DIMX": 16,"COPY_DIMY": 32,"COPY_VW": 8,"COPY_WPT": 2,"PRECISION": 16}
    },
    {
      "kernel": "CopyMatrixFast",
      "time": 0.698,
      "parameters": {"COPY_DIMX": 16,"COPY_DIMY": 32,"COPY_VW": 1,"COPY_WPT": 4,"PRECISION": 16}
    },
    {
      "kernel": "CopyMatrixFast",
      "time": 0.461,
      "parameters": {"COPY_DIMX": 16,"COPY_DIMY": 32,"COPY_VW": 2,"COPY_WPT": 4,"PRECISION": 16}
    },
    {
      "kernel": "CopyMatrixFast",
      "time": 0.460,
      "parameters": {"COPY_DIMX": 16,"COPY_DIMY": 32,"COPY_VW": 4,"COPY_WPT": 4,"PRECISION": 16}
    },
    {
      "kernel": "CopyMatrixFast",
      "time": 0.669,
      "parameters": {"COPY_DIMX": 16,"COPY_DIMY": 32,"COPY_VW": 8,"COPY_WPT": 4,"PRECISION": 16}
    },
    {
      "kernel": "CopyMatrixFast",
      "time": 0.491,
      "parameters": {"COPY_DIMX": 16,"COPY_DIMY": 32,"COPY_VW": 1,"COPY_WPT": 8,"PRECISION": 16}
    },
    {
      "kernel": "CopyMatrixFast",
      "time": 0.655,
      "parameters": {"COPY_DIMX": 16,"COPY_DIMY": 32,"COPY_VW": 2,"COPY_WPT": 8,"PRECISION": 16}
    },
    {
      "kernel": "CopyMatrixFast",
      "time": 0.432,
      "parameters": {"COPY_DIMX": 16,"COPY_DIMY": 32,"COPY_VW": 4,"COPY_WPT": 8,"PRECISION": 16}
    },
    {
      "kernel": "CopyMatrixFast",
      "time": 0.571,
      "parameters": {"COPY_DIMX": 16,"COPY_DIMY": 32,"COPY_VW": 8,"COPY_WPT": 8,"PRECISION": 16}
    },
    {
      "kernel": "CopyMatrixFast",
      "time": 0.673,
      "parameters": {"COPY_DIMX": 32,"COPY_DIMY": 8,"COPY_VW": 1,"COPY_WPT": 1,"PRECISION": 16}
    },
    {
      "kernel": "CopyMatrixFast",
      "time": 0.649,
      "parameters": {"COPY_DIMX": 32,"COPY_DIMY": 8,"COPY_VW": 2,"COPY_WPT": 1,"PRECISION": 16}
    },
    {
      "kernel": "CopyMatrixFast",
      "time": 0.665,
      "parameters": {"COPY_DIMX": 32,"COPY_DIMY": 8,"COPY_VW": 4,"COPY_WPT": 1,"PRECISION": 16}
    },
    {
      "kernel": "CopyMatrixFast",
      "time": 0.665,
      "parameters": {"COPY_DIMX": 32,"COPY_DIMY": 8,"COPY_VW": 8,"COPY_WPT": 1,"PRECISION": 16}
    },
    {
      "kernel": "CopyMatrixFast",
      "time": 0.480,
      "parameters": {"COPY_DIMX": 32,"COPY_DIMY": 8,"COPY_VW": 1,"COPY_WPT": 2,"PRECISION": 16}
    },
    {
      "kernel": "CopyMatrixFast",
      "time": 0.460,
      "parameters": {"COPY_DIMX": 32,"COPY_DIMY": 8,"COPY_VW": 2,"COPY_WPT": 2,"PRECISION": 16}
    },
    {
      "kernel": "CopyMatrixFast",
      "time": 0.655,
      "parameters": {"COPY_DIMX": 32,"COPY_DIMY": 8,"COPY_VW": 4,"COPY_WPT": 2,"PRECISION": 16}
    },
    {
      "kernel": "CopyMatrixFast",
      "time": 0.435,
      "parameters": {"COPY_DIMX": 32,"COPY_DIMY": 8,"COPY_VW": 8,"COPY_WPT": 2,"PRECISION": 16}
    },
    {
      "kernel": "CopyMatrixFast",
      "time": 0.671,
      "parameters": {"COPY_DIMX": 32,"COPY_DIMY": 8,"COPY_VW": 1,"COPY_WPT": 4,"PRECISION": 16}
    },
    {
      "kernel": "CopyMatrixFast",
      "time": 0.651,
      "parameters": {"COPY_DIMX": 32,"COPY_DIMY": 8,"COPY_VW": 2,"COPY_WPT": 4,"PRECISION": 16}
    },
    {
      "kernel": "CopyMatrixFast",
      "time": 0.563,
      "parameters": {"COPY_DIMX": 32,"COPY_DIMY": 8,"COPY_VW": 4,"COPY_WPT": 4,"PRECISION": 16}
    },
    {
      "kernel": "CopyMatrixFast",
      "time": 0.466,
      "parameters": {"COPY_DIMX": 32,"COPY_DIMY": 8,"COPY_VW": 8,"COPY_WPT": 4,"PRECISION": 16}
    },
    {
      "kernel": "CopyMatrixFast",
      "time": 0.677,
      "parameters": {"COPY_DIMX": 32,"COPY_DIMY": 8,"COPY_VW": 1,"COPY_WPT": 8,"PRECISION": 16}
    },
    {
      "kernel": "CopyMatrixFast",
      "time": 0.662,
      "parameters": {"COPY_DIMX": 32,"COPY_DIMY": 8,"COPY_VW": 2,"COPY_WPT": 8,"PRECISION": 16}
    },
    {
      "kernel": "CopyMatrixFast",
      "time": 0.371,
      "parameters": {"COPY_DIMX": 32,"COPY_DIMY": 8,"COPY_VW": 4,"COPY_WPT": 8,"PRECISION": 16}
    },
    {
      "kernel": "CopyMatrixFast",
      "time": 0.538,
      "parameters": {"COPY_DIMX": 32,"COPY_DIMY": 8,"COPY_VW": 8,"COPY_WPT": 8,"PRECISION": 16}
    },
    {
      "kernel": "CopyMatrixFast",
      "time": 0.670,
      "parameters": {"COPY_DIMX": 32,"COPY_DIMY": 16,"COPY_VW": 1,"COPY_WPT": 1,"PRECISION": 16}
    },
    {
      "kernel": "CopyMatrixFast",
      "time": 0.464,
      "parameters": {"COPY_DIMX": 32,"COPY_DIMY": 16,"COPY_VW": 2,"COPY_WPT": 1,"PRECISION": 16}
    },
    {
      "kernel": "CopyMatrixFast",
      "time": 0.652,
      "parameters": {"COPY_DIMX": 32,"COPY_DIMY": 16,"COPY_VW": 4,"COPY_WPT": 1,"PRECISION": 16}
    },
    {
      "kernel": "CopyMatrixFast",
      "time": 0.455,
      "parameters": {"COPY_DIMX": 32,"COPY_DIMY": 16,"COPY_VW": 8,"COPY_WPT": 1,"PRECISION": 16}
    },
    {
      "kernel": "CopyMatrixFast",
      "time": 0.482,
      "parameters": {"COPY_DIMX": 32,"COPY_DIMY": 16,"COPY_VW": 1,"COPY_WPT": 2,"PRECISION": 16}
    },
    {
      "kernel": "CopyMatrixFast",
      "time": 0.462,
      "parameters": {"COPY_DIMX": 32,"COPY_DIMY": 16,"COPY_VW": 2,"COPY_WPT": 2,"PRECISION": 16}
    },
    {
      "kernel": "CopyMatrixFast",
      "time": 0.474,
      "parameters": {"COPY_DIMX": 32,"COPY_DIMY": 16,"COPY_VW": 4,"COPY_WPT": 2,"PRECISION": 16}
    },
    {
      "kernel": "CopyMatrixFast",
      "time": 0.469,
      "parameters": {"COPY_DIMX": 32,"COPY_DIMY": 16,"COPY_VW": 8,"COPY_WPT": 2,"PRECISION": 16}
    },
    {
      "kernel": "CopyMatrixFast",
      "time": 0.677,
      "parameters": {"COPY_DIMX": 32,"COPY_DIMY": 16,"COPY_VW": 1,"COPY_WPT": 4,"PRECISION": 16}
    },
    {
      "kernel": "CopyMatrixFast",
      "time": 0.661,
      "parameters": {"COPY_DIMX": 32,"COPY_DIMY": 16,"COPY_VW": 2,"COPY_WPT": 4,"PRECISION": 16}
    },
    {
      "kernel": "CopyMatrixFast",
      "time": 0.331,
      "parameters": {"COPY_DIMX": 32,"COPY_DIMY": 16,"COPY_VW": 4,"COPY_WPT": 4,"PRECISION": 16}
    },
    {
      "kernel": "CopyMatrixFast",
      "time": 0.426,
      "parameters": {"COPY_DIMX": 32,"COPY_DIMY": 16,"COPY_VW": 8,"COPY_WPT": 4,"PRECISION": 16}
    },
    {
      "kernel": "CopyMatrixFast",
      "time": 0.672,
      "parameters": {"COPY_DIMX": 32,"COPY_DIMY": 16,"COPY_VW": 1,"COPY_WPT": 8,"PRECISION": 16}
    },
    {
      "kernel": "CopyMatrixFast",
      "time": 0.656,
      "parameters": {"COPY_DIMX": 32,"COPY_DIMY": 16,"COPY_VW": 2,"COPY_WPT": 8,"PRECISION": 16}
    },
    {
      "kernel": "CopyMatrixFast",
      "time": 0.297,
      "parameters": {"COPY_DIMX": 32,"COPY_DIMY": 16,"COPY_VW": 4,"COPY_WPT": 8,"PRECISION": 16}
    },
    {
      "kernel": "CopyMatrixFast",
      "time": 0.473,
      "parameters": {"COPY_DIMX": 32,"COPY_DIMY": 16,"COPY_VW": 8,"COPY_WPT": 8,"PRECISION": 16}
    },
    {
      "kernel": "CopyMatrixFast",
      "time": 0.681,
      "parameters": {"COPY_DIMX": 32,"COPY_DIMY": 32,"COPY_VW": 1,"COPY_WPT": 1,"PRECISION": 16}
    },
    {
      "kernel": "CopyMatrixFast",
      "time": 0.511,
      "parameters": {"COPY_DIMX": 32,"COPY_DIMY": 32,"COPY_VW": 2,"COPY_WPT": 1,"PRECISION": 16}
    },
    {
      "kernel": "CopyMatrixFast",
      "time": 0.468,
      "parameters": {"COPY_DIMX": 32,"COPY_DIMY": 32,"COPY_VW": 4,"COPY_WPT": 1,"PRECISION": 16}
    },
    {
      "kernel": "CopyMatrixFast",
      "time": 0.437,
      "parameters": {"COPY_DIMX": 32,"COPY_DIMY": 32,"COPY_VW": 8,"COPY_WPT": 1,"PRECISION": 16}
    },
    {
      "kernel": "CopyMatrixFast",
      "time": 0.674,
      "parameters": {"COPY_DIMX": 32,"COPY_DIMY": 32,"COPY_VW": 1,"COPY_WPT": 2,"PRECISION": 16}
    },
    {
      "kernel": "CopyMatrixFast",
      "time": 0.515,
      "parameters": {"COPY_DIMX": 32,"COPY_DIMY": 32,"COPY_VW": 2,"COPY_WPT": 2,"PRECISION": 16}
    },
    {
      "kernel": "CopyMatrixFast",
      "time": 0.578,
      "parameters": {"COPY_DIMX": 32,"COPY_DIMY": 32,"COPY_VW": 4,"COPY_WPT": 2,"PRECISION": 16}
    },
    {
      "kernel": "CopyMatrixFast",
      "time": 0.470,
      "parameters": {"COPY_DIMX": 32,"COPY_DIMY": 32,"COPY_VW": 8,"COPY_WPT": 2,"PRECISION": 16}
    },
    {
      "kernel": "CopyMatrixFast",
      "time": 0.535,
      "parameters": {"COPY_DIMX": 32,"COPY_DIMY": 32,"COPY_VW": 1,"COPY_WPT": 4,"PRECISION": 16}
    },
    {
      "kernel": "CopyMatrixFast",
      "time": 0.470,
      "parameters": {"COPY_DIMX": 32,"COPY_DIMY": 32,"COPY_VW": 2,"COPY_WPT": 4,"PRECISION": 16}
    },
    {
      "kernel": "CopyMatrixFast",
      "time": 0.379,
      "parameters": {"COPY_DIMX": 32,"COPY_DIMY": 32,"COPY_VW": 4,"COPY_WPT": 4,"PRECISION": 16}
    },
    {
      "kernel": "CopyMatrixFast",
      "time": 0.659,
      "parameters": {"COPY_DIMX": 32,"COPY_DIMY": 32,"COPY_VW": 8,"COPY_WPT": 4,"PRECISION": 16}
    },
    {
      "kernel": "CopyMatrixFast",
      "time": 0.682,
      "parameters": {"COPY_DIMX": 32,"COPY_DIMY": 32,"COPY_VW": 1,"COPY_WPT": 8,"PRECISION": 16}
    },
    {
      "kernel": "CopyMatrixFast",
      "time": 0.663,
      "parameters": {"COPY_DIMX": 32,"COPY_DIMY": 32,"COPY_VW": 2,"COPY_WPT": 8,"PRECISION": 16}
    },
    {
      "kernel": "CopyMatrixFast",
      "time": 0.549,
      "parameters": {"COPY_DIMX": 32,"COPY_DIMY": 32,"COPY_VW": 4,"COPY_WPT": 8,"PRECISION": 16}
    },
    {
      "kernel": "CopyMatrixFast",
      "time": 0.629,
      "parameters": {"COPY_DIMX": 32,"COPY_DIMY": 32,"COPY_VW": 8,"COPY_WPT": 8,"PRECISION": 16}
    }
  ]
}
