{
  "kernel_family": "copy",
  "precision": "32",
  "best_kernel": "CopyMatrixFast",
  "best_time": "0.57",
  "best_parameters": "COPY_DIMX=16 COPY_DIMY=8 COPY_VW=1 COPY_WPT=1 PRECISION=32",
  "arg_m": "1024",
  "arg_n": "1024",
  "arg_alpha": "2.00",
  "clblast_device_type": "GPU",
  "clblast_device_vendor": "QUALCOMM",
  "clblast_device_architecture": "OpenCL C 3.0 Adreno(TM) 730",
  "clblast_device_name": "QUALCOMM Adreno(TM)",
  "device": "QUALCOMM Adreno(TM)",
  "platform_vendor": "QUALCOMM",
  "platform_version": "OpenCL 3.0 QUALCOMM build: commit #2addc0741b changeid #I701168ee75 Date: 01/12/22 Wed Local Branch:  Remote Branch: ",
  "device_vendor": "QUALCOMM",
  "device_type": "GPU",
  "device_core_clock": "1",
  "device_compute_units": "4",
  "device_extra_info": "",
  "results": [
    {
      "kernel": "CopyMatrixFast",
      "time": 0.851,
      "parameters": {"COPY_DIMX": 8,"COPY_DIMY": 8,"COPY_VW": 1,"COPY_WPT": 1,"PRECISION": 32}
    },
    {
      "kernel": "CopyMatrixFast",
      "time": 0.828,
      "parameters": {"COPY_DIMX": 8,"COPY_DIMY": 8,"COPY_VW": 2,"COPY_WPT": 1,"PRECISION": 32}
    },
    {
      "kernel": "CopyMatrixFast",
      "time": 0.802,
      "parameters": {"COPY_DIMX": 8,"COPY_DIMY": 8,"COPY_VW": 4,"COPY_WPT": 1,"PRECISION": 32}
    },
    {
      "kernel": "CopyMatrixFast",
      "time": 0.654,
      "parameters": {"COPY_DIMX": 8,"COPY_DIMY": 8,"COPY_VW": 8,"COPY_WPT": 1,"PRECISION": 32}
    },
    {
      "kernel": "CopyMatrixFast",
      "time": 0.810,
      "parameters": {"COPY_DIMX": 8,"COPY_DIMY": 8,"COPY_VW": 1,"COPY_WPT": 2,"PRECISION": 32}
    },
    {
      "kernel": "CopyMatrixFast",
      "time": 0.822,
      "parameters": {"COPY_DIMX": 8,"COPY_DIMY": 8,"COPY_VW": 2,"COPY_WPT": 2,"PRECISION": 32}
    },
    {
      "kernel": "CopyMatrixFast",
      "time": 0.823,
      "parameters": {"COPY_DIMX": 8,"COPY_DIMY": 8,"COPY_VW": 4,"COPY_WPT": 2,"PRECISION": 32}
    },
    {
      "kernel": "CopyMatrixFast",
      "time": 0.814,
      "parameters": {"COPY_DIMX": 8,"COPY_DIMY": 8,"COPY_VW": 8,"COPY_WPT": 2,"PRECISION": 32}
    },
    {
      "kernel": "CopyMatrixFast",
      "time": 0.796,
      "parameters": {"COPY_DIMX": 8,"COPY_DIMY": 8,"COPY_VW": 1,"COPY_WPT": 4,"PRECISION": 32}
    },
    {
      "kernel": "CopyMatrixFast",
      "time": 0.813,
      "parameters": {"COPY_DIMX": 8,"COPY_DIMY": 8,"COPY_VW": 2,"COPY_WPT": 4,"PRECISION": 32}
    },
    {
      "kernel": "CopyMatrixFast",
      "time": 0.810,
      "parameters": {"COPY_DIMX": 8,"COPY_DIMY": 8,"COPY_VW": 4,"COPY_WPT": 4,"PRECISION": 32}
    },
    {
      "kernel": "CopyMatrixFast",
      "time": 0.811,
      "parameters": {"COPY_DIMX": 8,"COPY_DIMY": 8,"COPY_VW": 8,"COPY_WPT": 4,"PRECISION": 32}
    },
    {
      "kernel": "CopyMatrixFast",
      "time": 0.804,
      "parameters": {"COPY_DIMX": 8,"COPY_DIMY": 8,"COPY_VW": 1,"COPY_WPT": 8,"PRECISION": 32}
    },
    {
      "kernel": "CopyMatrixFast",
      "time": 0.802,
      "parameters": {"COPY_DIMX": 8,"COPY_DIMY": 8,"COPY_VW": 2,"COPY_WPT": 8,"PRECISION": 32}
    },
    {
      "kernel": "CopyMatrixFast",
      "time": 0.661,
      "parameters": {"COPY_DIMX": 8,"COPY_DIMY": 8,"COPY_VW": 4,"COPY_WPT": 8,"PRECISION": 32}
    },
    {
      "kernel": "CopyMatrixFast",
      "time": 0.809,
      "parameters": {"COPY_DIMX": 8,"COPY_DIMY": 8,"COPY_VW": 8,"COPY_WPT": 8,"PRECISION": 32}
    },
    {
      "kernel": "CopyMatrixFast",
      "time": 0.642,
      "parameters": {"COPY_DIMX": 8,"COPY_DIMY": 16,"COPY_VW": 1,"COPY_WPT": 1,"PRECISION": 32}
    },
    {
      "kernel": "CopyMatrixFast",
      "time": 0.801,
      "parameters": {"COPY_DIMX": 8,"COPY_DIMY": 16,"COPY_VW": 2,"COPY_WPT": 1,"PRECISION": 32}
    },
    {
      "kernel": "CopyMatrixFast",
      "time": 0.702,
      "parameters": {"COPY_DIMX": 8,"COPY_DIMY": 16,"COPY_VW": 4,"COPY_WPT": 1,"PRECISION": 32}
    },
    {
      "kernel": "CopyMatrixFast",
      "time": 0.631,
      "parameters": {"COPY_DIMX": 8,"COPY_DIMY": 16,"COPY_VW": 8,"COPY_WPT": 1,"PRECISION": 32}
    },
    {
      "kernel": "CopyMatrixFast",
      "time": 0.834,
      "parameters": {"COPY_DIMX": 8,"COPY_DIMY": 16,"COPY_VW": 1,"COPY_WPT": 2,"PRECISION": 32}
    },
    {
      "kernel": "CopyMatrixFast",
      "time": 0.793,
      "parameters": {"COPY_DIMX": 8,"COPY_DIMY": 16,"COPY_VW": 2,"COPY_WPT": 2,"PRECISION": 32}
    },
    {
      "kernel": "CopyMatrixFast",
      "time": 0.799,
      "parameters": {"COPY_DIMX": 8,"COPY_DIMY": 16,"COPY_VW": 4,"COPY_WPT": 2,"PRECISION": 32}
    },
    {
      "kernel": "CopyMatrixFast",
      "time": 0.859,
      "parameters": {"COPY_DIMX": 8,"COPY_DIMY": 16,"COPY_VW": 8,"COPY_WPT": 2,"PRECISION": 32}
    },
    {
      "kernel": "CopyMatrixFast",
      "time": 0.805,
      "parameters": {"COPY_DIMX": 8,"COPY_DIMY": 16,"COPY_VW": 1,"COPY_WPT": 4,"PRECISION": 32}
    },
    {
      "kernel": "CopyMatrixFast",
      "time": 0.823,
      "parameters": {"COPY_DIMX": 8,"COPY_DIMY": 16,"COPY_VW": 2,"COPY_WPT": 4,"PRECISION": 32}
    },
    {
      "kernel": "CopyMatrixFast",
      "time": 0.822,
      "parameters": {"COPY_DIMX": 8,"COPY_DIMY": 16,"COPY_VW": 4,"COPY_WPT": 4,"PRECISION": 32}
    },
    {
      "kernel": "CopyMatrixFast",
      "time": 0.822,
      "parameters": {"COPY_DIMX": 8,"COPY_DIMY": 16,"COPY_VW": 8,"COPY_WPT": 4,"PRECISION": 32}
    },
    {
      "kernel": "CopyMatrixFast",
      "time": 0.854,
      "parameters": {"COPY_DIMX": 8,"COPY_DIMY": 16,"COPY_VW": 1,"COPY_WPT": 8,"PRECISION": 32}
    },
    {
      "kernel": "CopyMatrixFast",
      "time": 0.817,
      "parameters": {"COPY_DIMX": 8,"COPY_DIMY": 16,"COPY_VW": 2,"COPY_WPT": 8,"PRECISION": 32}
    },
    {
      "kernel": "CopyMatrixFast",
      "time": 0.822,
      "parameters": {"COPY_DIMX": 8,"COPY_DIMY": 16,"COPY_VW": 4,"COPY_WPT": 8,"PRECISION": 32}
    },
    {
      "kernel": "CopyMatrixFast",
      "time": 0.797,
      "parameters": {"COPY_DIMX": 8,"COPY_DIMY": 16,"COPY_VW": 8,"COPY_WPT": 8,"PRECISION": 32}
    },
    {
      "kernel": "CopyMatrixFast",
      "time": 0.787,
      "parameters": {"COPY_DIMX": 8,"COPY_DIMY": 32,"COPY_VW": 1,"COPY_WPT": 1,"PRECISION": 32}
    },
    {
      "kernel": "CopyMatrixFast",
      "time": 0.803,
      "parameters": {"COPY_DIMX": 8,"COPY_DIMY": 32,"COPY_VW": 2,"COPY_WPT": 1,"PRECISION": 32}
    },
    {
      "kernel": "CopyMatrixFast",
      "time": 0.790,
      "parameters": {"COPY_DIMX": 8,"COPY_DIMY": 32,"COPY_VW": 4,"COPY_WPT": 1,"PRECISION": 32}
    },
    {
      "kernel": "CopyMatrixFast",
      "time": 0.781,
      "parameters": {"COPY_DIMX": 8,"COPY_DIMY": 32,"COPY_VW": 8,"COPY_WPT": 1,"PRECISION": 32}
    },
    {
      "kernel": "CopyMatrixFast",
      "time": 0.802,
      "parameters": {"COPY_DIMX": 8,"COPY_DIMY": 32,"COPY_VW": 1,"COPY_WPT": 2,"PRECISION": 32}
    },
    {
      "kernel": "CopyMatrixFast",
      "time": 0.793,
      "parameters": {"COPY_DIMX": 8,"COPY_DIMY": 32,"COPY_VW": 2,"COPY_WPT": 2,"PRECISION": 32}
    },
    {
      "kernel": "CopyMatrixFast",
      "time": 0.809,
      "parameters": {"COPY_DIMX": 8,"COPY_DIMY": 32,"COPY_VW": 4,"COPY_WPT": 2,"PRECISION": 32}
    },
    {
      "kernel": "CopyMatrixFast",
      "time": 0.807,
      "parameters": {"COPY_DIMX": 8,"COPY_DIMY": 32,"COPY_VW": 8,"COPY_WPT": 2,"PRECISION": 32}
    },
    {
      "kernel": "CopyMatrixFast",
      "time": 0.808,
      "parameters": {"COPY_DIMX": 8,"COPY_DIMY": 32,"COPY_VW": 1,"COPY_WPT": 4,"PRECISION": 32}
    },
    {
      "kernel": "CopyMatrixFast",
      "time": 0.820,
      "parameters": {"COPY_DIMX": 8,"COPY_DIMY": 32,"COPY_VW": 2,"COPY_WPT": 4,"PRECISION": 32}
    },
    {
      "kernel": "CopyMatrixFast",
      "time": 0.805,
      "parameters": {"COPY_DIMX": 8,"COPY_DIMY": 32,"COPY_VW": 4,"COPY_WPT": 4,"PRECISION": 32}
    },
    {
      "kernel": "CopyMatrixFast",
      "time": 0.800,
      "parameters": {"COPY_DIMX": 8,"COPY_DIMY": 32,"COPY_VW": 8,"COPY_WPT": 4,"PRECISION": 32}
    },
    {
      "kernel": "CopyMatrixFast",
      "time": 0.879,
      "parameters": {"COPY_DIMX": 8,"COPY_DIMY": 32,"COPY_VW": 1,"COPY_WPT": 8,"PRECISION": 32}
    },
    {
      "kernel": "CopyMatrixFast",
      "time": 0.864,
      "parameters": {"COPY_DIMX": 8,"COPY_DIMY": 32,"COPY_VW": 2,"COPY_WPT": 8,"PRECISION": 32}
    },
    {
      "kernel": "CopyMatrixFast",
      "time": 0.813,
      "parameters": {"COPY_DIMX": 8,"COPY_DIMY": 32,"COPY_VW": 4,"COPY_WPT": 8,"PRECISION": 32}
    },
    {
      "kernel": "CopyMatrixFast",
      "time": 0.808,
      "parameters": {"COPY_DIMX": 8,"COPY_DIMY": 32,"COPY_VW": 8,"COPY_WPT": 8,"PRECISION": 32}
    },
    {
      "kernel": "CopyMatrixFast",
      "time": 0.572,
      "parameters": {"COPY_DIMX": 16,"COPY_DIMY": 8,"COPY_VW": 1,"COPY_WPT": 1,"PRECISION": 32}
    },
    {
      "kernel": "CopyMatrixFast",
      "time": 0.804,
      "parameters": {"COPY_DIMX": 16,"COPY_DIMY": 8,"COPY_VW": 2,"COPY_WPT": 1,"PRECISION": 32}
    },
    {
      "kernel": "CopyMatrixFast",
      "time": 0.785,
      "parameters": {"COPY_DIMX": 16,"COPY_DIMY": 8,"COPY_VW": 4,"COPY_WPT": 1,"PRECISION": 32}
    },
    {
      "kernel": "CopyMatrixFast",
      "time": 0.599,
      "parameters": {"COPY_DIMX": 16,"COPY_DIMY": 8,"COPY_VW": 8,"COPY_WPT": 1,"PRECISION": 32}
    },
    {
      "kernel": "CopyMatrixFast",
      "time": 0.811,
      "parameters": {"COPY_DIMX": 16,"COPY_DIMY": 8,"COPY_VW": 1,"COPY_WPT": 2,"PRECISION": 32}
    },
    {
      "kernel": "CopyMatrixFast",
      "time": 0.814,
      "parameters": {"COPY_DIMX": 16,"COPY_DIMY": 8,"COPY_VW": 2,"COPY_WPT": 2,"PRECISION": 32}
    },
    {
      "kernel": "CopyMatrixFast",
      "time": 0.800,
      "parameters": {"COPY_DIMX": 16,"COPY_DIMY": 8,"COPY_VW": 4,"COPY_WPT": 2,"PRECISION": 32}
    },
    {
      "kernel": "CopyMatrixFast",
      "time": 0.782,
      "parameters": {"COPY_DIMX": 16,"COPY_DIMY": 8,"COPY_VW": 8,"COPY_WPT": 2,"PRECISION": 32}
    },
    {
      "kernel": "CopyMatrixFast",
      "time": 0.805,
      "parameters": {"COPY_DIMX": 16,"COPY_DIMY": 8,"COPY_VW": 1,"COPY_WPT": 4,"PRECISION": 32}
    },
    {
      "kernel": "CopyMatrixFast",
      "time": 0.813,
      "parameters": {"COPY_DIMX": 16,"COPY_DIMY": 8,"COPY_VW": 2,"COPY_WPT": 4,"PRECISION": 32}
    },
    {
      "kernel": "CopyMatrixFast",
      "time": 0.796,
      "parameters": {"COPY_DIMX": 16,"COPY_DIMY": 8,"COPY_VW": 4,"COPY_WPT": 4,"PRECISION": 32}
    },
    {
      "kernel": "CopyMatrixFast",
      "time": 0.810,
      "parameters": {"COPY_DIMX": 16,"COPY_DIMY": 8,"COPY_VW": 8,"COPY_WPT": 4,"PRECISION": 32}
    },
    {
      "kernel": "CopyMatrixFast",
      "time": 0.639,
      "parameters": {"COPY_DIMX": 16,"COPY_DIMY": 8,"COPY_VW": 1,"COPY_WPT": 8,"PRECISION": 32}
    },
    {
      "kernel": "CopyMatrixFast",
      "time": 0.811,
      "parameters": {"COPY_DIMX": 16,"COPY_DIMY": 8,"COPY_VW": 2,"COPY_WPT": 8,"PRECISION": 32}
    },
    {
      "kernel": "CopyMatrixFast",
      "time": 0.822,
      "parameters": {"COPY_DIMX": 16,"COPY_DIMY": 8,"COPY_VW": 4,"COPY_WPT": 8,"PRECISION": 32}
    },
    {
      "kernel": "CopyMatrixFast",
      "time": 0.804,
      "parameters": {"COPY_DIMX": 16,"COPY_DIMY": 8,"COPY_VW": 8,"COPY_WPT": 8,"PRECISION": 32}
    },
    {
      "kernel": "CopyMatrixFast",
      "time": 0.819,
      "parameters": {"COPY_DIMX": 16,"COPY_DIMY": 16,"COPY_VW": 1,"COPY_WPT": 1,"PRECISION": 32}
    },
    {
      "kernel": "CopyMatrixFast",
      "time": 0.825,
      "parameters": {"COPY_DIMX": 16,"COPY_DIMY": 16,"COPY_VW": 2,"COPY_WPT": 1,"PRECISION": 32}
    },
    {
      "kernel": "CopyMatrixFast",
      "time": 0.806,
      "parameters": {"COPY_DIMX": 16,"COPY_DIMY": 16,"COPY_VW": 4,"COPY_WPT": 1,"PRECISION": 32}
    },
    {
      "kernel": "CopyMatrixFast",
      "time": 0.794,
      "parameters": {"COPY_DIMX": 16,"COPY_DIMY": 16,"COPY_VW": 8,"COPY_WPT": 1,"PRECISION": 32}
    },
    {
      "kernel": "CopyMatrixFast",
      "time": 0.701,
      "parameters": {"COPY_DIMX": 16,"COPY_DIMY": 16,"COPY_VW": 1,"COPY_WPT": 2,"PRECISION": 32}
    },
    {
      "kernel": "CopyMatrixFast",
      "time": 0.798,
      "parameters": {"COPY_DIMX": 16,"COPY_DIMY": 16,"COPY_VW": 2,"COPY_WPT": 2,"PRECISION": 32}
    },
    {
      "kernel": "CopyMatrixFast",
      "time": 0.800,
      "parameters": {"COPY_DIMX": 16,"COPY_DIMY": 16,"COPY_VW": 4,"COPY_WPT": 2,"PRECISION": 32}
    },
    {
      "kernel": "CopyMatrixFast",
      "time": 0.806,
      "parameters": {"COPY_DIMX": 16,"COPY_DIMY": 16,"COPY_VW": 8,"COPY_WPT": 2,"PRECISION": 32}
    },
    {
      "kernel": "CopyMatrixFast",
      "time": 0.778,
      "parameters": {"COPY_DIMX": 16,"COPY_DIMY": 16,"COPY_VW": 1,"COPY_WPT": 4,"PRECISION": 32}
    },
    {
      "kernel": "CopyMatrixFast",
      "time": 0.822,
      "parameters": {"COPY_DIMX": 16,"COPY_DIMY": 16,"COPY_VW": 2,"COPY_WPT": 4,"PRECISION": 32}
    },
    {
      "kernel": "CopyMatrixFast",
      "time": 0.824,
      "parameters": {"COPY_DIMX": 16,"COPY_DIMY": 16,"COPY_VW": 4,"COPY_WPT": 4,"PRECISION": 32}
    },
    {
      "kernel": "CopyMatrixFast",
      "time": 0.817,
      "parameters": {"COPY_DIMX": 16,"COPY_DIMY": 16,"COPY_VW": 8,"COPY_WPT": 4,"PRECISION": 32}
    },
    {
      "kernel": "CopyMatrixFast",
      "time": 0.815,
      "parameters": {"COPY_DIMX": 16,"COPY_DIMY": 16,"COPY_VW": 1,"COPY_WPT": 8,"PRECISION": 32}
    },
    {
      "kernel": "CopyMatrixFast",
      "time": 0.817,
      "parameters": {"COPY_DIMX": 16,"COPY_DIMY": 16,"COPY_VW": 2,"COPY_WPT": 8,"PRECISION": 32}
    },
    {
      "kernel": "CopyMatrixFast",
      "time": 0.802,
      "parameters": {"COPY_DIMX": 16,"COPY_DIMY": 16,"COPY_VW": 4,"COPY_WPT": 8,"PRECISION": 32}
    },
    {
      "kernel": "CopyMatrixFast",
      "time": 0.791,
      "parameters": {"COPY_DIMX": 16,"COPY_DIMY": 16,"COPY_VW": 8,"COPY_WPT": 8,"PRECISION": 32}
    },
    {
      "kernel": "CopyMatrixFast",
      "time": 0.792,
      "parameters": {"COPY_DIMX": 16,"COPY_DIMY": 32,"COPY_VW": 1,"COPY_WPT": 1,"PRECISION": 32}
    },
    {
      "kernel": "CopyMatrixFast",
      "time": 0.793,
      "parameters": {"COPY_DIMX": 16,"COPY_DIMY": 32,"COPY_VW": 2,"COPY_WPT": 1,"PRECISION": 32}
    },
    {
      "kernel": "CopyMatrixFast",
      "time": 0.786,
      "parameters": {"COPY_DIMX": 16,"COPY_DIMY": 32,"COPY_VW": 4,"COPY_WPT": 1,"PRECISION": 32}
    },
    {
      "kernel": "CopyMatrixFast",
      "time": 0.795,
      "parameters": {"COPY_DIMX": 16,"COPY_DIMY": 32,"COPY_VW": 8,"COPY_WPT": 1,"PRECISION": 32}
    },
    {
      "kernel": "CopyMatrixFast",
      "time": 0.795,
      "parameters": {"COPY_DIMX": 16,"COPY_DIMY": 32,"COPY_VW": 1,"COPY_WPT": 2,"PRECISION": 32}
    },
    {
      "kernel": "CopyMatrixFast",
      "time": 0.800,
      "parameters": {"COPY_DIMX": 16,"COPY_DIMY": 32,"COPY_VW": 2,"COPY_WPT": 2,"PRECISION": 32}
    },
    {
      "kernel": "CopyMatrixFast",
      "time": 0.788,
      "parameters": {"COPY_DIMX": 16,"COPY_DIMY": 32,"COPY_VW": 4,"COPY_WPT": 2,"PRECISION": 32}
    },
    {
      "kernel": "CopyMatrixFast",
      "time": 0.813,
      "parameters": {"COPY_DIMX": 16,"COPY_DIMY": 32,"COPY_VW": 8,"COPY_WPT": 2,"PRECISION": 32}
    },
    {
      "kernel": "CopyMatrixFast",
      "time": 0.821,
      "parameters": {"COPY_DIMX": 16,"COPY_DIMY": 32,"COPY_VW": 1,"COPY_WPT": 4,"PRECISION": 32}
    },
    {
      "kernel": "CopyMatrixFast",
      "time": 0.823,
      "parameters": {"COPY_DIMX": 16,"COPY_DIMY": 32,"COPY_VW": 2,"COPY_WPT": 4,"PRECISION": 32}
    },
    {
      "kernel": "CopyMatrixFast",
      "time": 0.823,
      "parameters": {"COPY_DIMX": 16,"COPY_DIMY": 32,"COPY_VW": 4,"COPY_WPT": 4,"PRECISION": 32}
    },
    {
      "kernel": "CopyMatrixFast",
      "time": 0.808,
      "parameters": {"COPY_DIMX": 16,"COPY_DIMY": 32,"COPY_VW": 8,"COPY_WPT": 4,"PRECISION": 32}
    },
    {
      "kernel": "CopyMatrixFast",
      "time": 0.857,
      "parameters": {"COPY_DIMX": 16,"COPY_DIMY": 32,"COPY_VW": 1,"COPY_WPT": 8,"PRECISION": 32}
    },
    {
      "kernel": "CopyMatrixFast",
      "time": 0.817,
      "parameters": {"COPY_DIMX": 16,"COPY_DIMY": 32,"COPY_VW": 2,"COPY_WPT": 8,"PRECISION": 32}
    },
    {
      "kernel": "CopyMatrixFast",
      "time": 0.811,
      "parameters": {"COPY_DIMX": 16,"COPY_DIMY": 32,"COPY_VW": 4,"COPY_WPT": 8,"PRECISION": 32}
    },
    {
      "kernel": "CopyMatrixFast",
      "time": 0.807,
      "parameters": {"COPY_DIMX": 16,"COPY_DIMY": 32,"COPY_VW": 8,"COPY_WPT": 8,"PRECISION": 32}
    },
    {
      "kernel": "CopyMatrixFast",
      "time": 0.736,
      "parameters": {"COPY_DIMX": 32,"COPY_DIMY": 8,"COPY_VW": 1,"COPY_WPT": 1,"PRECISION": 32}
    },
    {
      "kernel": "CopyMatrixFast",
      "time": 0.800,
      "parameters": {"COPY_DIMX": 32,"COPY_DIMY": 8,"COPY_VW": 2,"COPY_WPT": 1,"PRECISION": 32}
    },
    {
      "kernel": "CopyMatrixFast",
      "time": 0.834,
      "parameters": {"COPY_DIMX": 32,"COPY_DIMY": 8,"COPY_VW": 4,"COPY_WPT": 1,"PRECISION": 32}
    },
    {
      "kernel": "CopyMatrixFast",
      "time": 0.805,
      "parameters": {"COPY_DIMX": 32,"COPY_DIMY": 8,"COPY_VW": 8,"COPY_WPT": 1,"PRECISION": 32}
    },
    {
      "kernel": "CopyMatrixFast",
      "time": 0.799,
      "parameters": {"COPY_DIMX": 32,"COPY_DIMY": 8,"COPY_VW": 1,"COPY_WPT": 2,"PRECISION": 32}
    },
    {
      "kernel": "CopyMatrixFast",
      "time": 0.823,
      "parameters": {"COPY_DIMX": 32,"COPY_DIMY": 8,"COPY_VW": 2,"COPY_WPT": 2,"PRECISION": 32}
    },
    {
      "kernel": "CopyMatrixFast",
      "time": 0.593,
      "parameters": {"COPY_DIMX": 32,"COPY_DIMY": 8,"COPY_VW": 4,"COPY_WPT": 2,"PRECISION": 32}
    },
    {
      "kernel": "CopyMatrixFast",
      "time": 0.829,
      "parameters": {"COPY_DIMX": 32,"COPY_DIMY": 8,"COPY_VW": 8,"COPY_WPT": 2,"PRECISION": 32}
    },
    {
      "kernel": "CopyMatrixFast",
      "time": 0.809,
      "parameters": {"COPY_DIMX": 32,"COPY_DIMY": 8,"COPY_VW": 1,"COPY_WPT": 4,"PRECISION": 32}
    },
    {
      "kernel": "CopyMatrixFast",
      "time": 0.658,
      "parameters": {"COPY_DIMX": 32,"COPY_DIMY": 8,"COPY_VW": 2,"COPY_WPT": 4,"PRECISION": 32}
    },
    {
      "kernel": "CopyMatrixFast",
      "time": 0.803,
      "parameters": {"COPY_DIMX": 32,"COPY_DIMY": 8,"COPY_VW": 4,"COPY_WPT": 4,"PRECISION": 32}
    },
    {
      "kernel": "CopyMatrixFast",
      "time": 0.820,
      "parameters": {"COPY_DIMX": 32,"COPY_DIMY": 8,"COPY_VW": 8,"COPY_WPT": 4,"PRECISION": 32}
    },
    {
      "kernel": "CopyMatrixFast",
      "time": 0.807,
      "parameters": {"COPY_DIMX": 32,"COPY_DIMY": 8,"COPY_VW": 1,"COPY_WPT": 8,"PRECISION": 32}
    },
    {
      "kernel": "CopyMatrixFast",
      "time": 0.803,
      "parameters": {"COPY_DIMX": 32,"COPY_DIMY": 8,"COPY_VW": 2,"COPY_WPT": 8,"PRECISION": 32}
    },
    {
      "kernel": "CopyMatrixFast",
      "time": 0.825,
      "parameters": {"COPY_DIMX": 32,"COPY_DIMY": 8,"COPY_VW": 4,"COPY_WPT": 8,"PRECISION": 32}
    },
    {
      "kernel": "CopyMatrixFast",
      "time": 0.812,
      "parameters": {"COPY_DIMX": 32,"COPY_DIMY": 8,"COPY_VW": 8,"COPY_WPT": 8,"PRECISION": 32}
    },
    {
      "kernel": "CopyMatrixFast",
      "time": 0.683,
      "parameters": {"COPY_DIMX": 32,"COPY_DIMY": 16,"COPY_VW": 1,"COPY_WPT": 1,"PRECISION": 32}
    },
    {
      "kernel": "CopyMatrixFast",
      "time": 0.794,
      "parameters": {"COPY_DIMX": 32,"COPY_DIMY": 16,"COPY_VW": 2,"COPY_WPT": 1,"PRECISION": 32}
    },
    {
      "kernel": "CopyMatrixFast",
      "time": 0.595,
      "parameters": {"COPY_DIMX": 32,"COPY_DIMY": 16,"COPY_VW": 4,"COPY_WPT": 1,"PRECISION": 32}
    },
    {
      "kernel": "CopyMatrixFast",
      "time": 0.795,
      "parameters": {"COPY_DIMX": 32,"COPY_DIMY": 16,"COPY_VW": 8,"COPY_WPT": 1,"PRECISION": 32}
    },
    {
      "kernel": "CopyMatrixFast",
      "time": 0.789,
      "parameters": {"COPY_DIMX": 32,"COPY_DIMY": 16,"COPY_VW": 1,"COPY_WPT": 2,"PRECISION": 32}
    },
    {
      "kernel": "CopyMatrixFast",
      "time": 0.812,
      "parameters": {"COPY_DIMX": 32,"COPY_DIMY": 16,"COPY_VW": 2,"COPY_WPT": 2,"PRECISION": 32}
    },
    {
      "kernel": "CopyMatrixFast",
      "time": 0.800,
      "parameters": {"COPY_DIMX": 32,"COPY_DIMY": 16,"COPY_VW": 4,"COPY_WPT": 2,"PRECISION": 32}
    },
    {
      "kernel": "CopyMatrixFast",
      "time": 0.810,
      "parameters": {"COPY_DIMX": 32,"COPY_DIMY": 16,"COPY_VW": 8,"COPY_WPT": 2,"PRECISION": 32}
    },
    {
      "kernel": "CopyMatrixFast",
      "time": 0.811,
      "parameters": {"COPY_DIMX": 32,"COPY_DIMY": 16,"COPY_VW": 1,"COPY_WPT": 4,"PRECISION": 32}
    },
    {
      "kernel": "CopyMatrixFast",
      "time": 0.805,
      "parameters": {"COPY_DIMX": 32,"COPY_DIMY": 16,"COPY_VW": 2,"COPY_WPT": 4,"PRECISION": 32}
    },
    {
      "kernel": "CopyMatrixFast",
      "time": 0.798,
      "parameters": {"COPY_DIMX": 32,"COPY_DIMY": 16,"COPY_VW": 4,"COPY_WPT": 4,"PRECISION": 32}
    },
    {
      "kernel": "CopyMatrixFast",
      "time": 0.803,
      "parameters": {"COPY_DIMX": 32,"COPY_DIMY": 16,"COPY_VW": 8,"COPY_WPT": 4,"PRECISION": 32}
    },
    {
      "kernel": "CopyMatrixFast",
      "time": 0.809,
      "parameters": {"COPY_DIMX": 32,"COPY_DIMY": 16,"COPY_VW": 1,"COPY_WPT": 8,"PRECISION": 32}
    },
    {
      "kernel": "CopyMatrixFast",
      "time": 0.811,
      "parameters": {"COPY_DIMX": 32,"COPY_DIMY": 16,"COPY_VW": 2,"COPY_WPT": 8,"PRECISION": 32}
    },
    {
      "kernel": "CopyMatrixFast",
      "time": 0.827,
      "parameters": {"COPY_DIMX": 32,"COPY_DIMY": 16,"COPY_VW": 4,"COPY_WPT": 8,"PRECISION": 32}
    },
    {
      "kernel": "CopyMatrixFast",
      "time": 0.813,
      "parameters": {"COPY_DIMX": 32,"COPY_DIMY": 16,"COPY_VW": 8,"COPY_WPT": 8,"PRECISION": 32}
    },
    {
      "kernel": "CopyMatrixFast",
      "time": 0.822,
      "parameters": {"COPY_DIMX": 32,"COPY_DIMY": 32,"COPY_VW": 1,"COPY_WPT": 1,"PRECISION": 32}
    },
    {
      "kernel": "CopyMatrixFast",
      "time": 0.807,
      "parameters": {"COPY_DIMX": 32,"COPY_DIMY": 32,"COPY_VW": 2,"COPY_WPT": 1,"PRECISION": 32}
    },
    {
      "kernel": "CopyMatrixFast",
      "time": 0.816,
      "parameters": {"COPY_DIMX": 32,"COPY_DIMY": 32,"COPY_VW": 4,"COPY_WPT": 1,"PRECISION": 32}
    },
    {
      "kernel": "CopyMatrixFast",
      "time": 0.664,
      "parameters": {"COPY_DIMX": 32,"COPY_DIMY": 32,"COPY_VW": 8,"COPY_WPT": 1,"PRECISION": 32}
    },
    {
      "kernel": "CopyMatrixFast",
      "time": 0.807,
      "parameters": {"COPY_DIMX": 32,"COPY_DIMY": 32,"COPY_VW": 1,"COPY_WPT": 2,"PRECISION": 32}
    },
    {
      "kernel": "CopyMatrixFast",
      "time": 0.722,
      "parameters": {"COPY_DIMX": 32,"COPY_DIMY": 32,"COPY_VW": 2,"COPY_WPT": 2,"PRECISION": 32}
    },
    {
      "kernel": "CopyMatrixFast",
      "time": 0.659,
      "parameters": {"COPY_DIMX": 32,"COPY_DIMY": 32,"COPY_VW": 4,"COPY_WPT": 2,"PRECISION": 32}
    },
    {
      "kernel": "CopyMatrixFast",
      "time": 0.662,
      "parameters": {"COPY_DIMX": 32,"COPY_DIMY": 32,"COPY_VW": 8,"COPY_WPT": 2,"PRECISION": 32}
    },
    {
      "kernel": "CopyMatrixFast",
      "time": 0.821,
      "parameters": {"COPY_DIMX": 32,"COPY_DIMY": 32,"COPY_VW": 1,"COPY_WPT": 4,"PRECISION": 32}
    },
    {
      "kernel": "CopyMatrixFast",
      "time": 0.828,
      "parameters": {"COPY_DIMX": 32,"COPY_DIMY": 32,"COPY_VW": 2,"COPY_WPT": 4,"PRECISION": 32}
    },
    {
      "kernel": "CopyMatrixFast",
      "time": 0.816,
      "parameters": {"COPY_DIMX": 32,"COPY_DIMY": 32,"COPY_VW": 4,"COPY_WPT": 4,"PRECISION": 32}
    },
    {
      "kernel": "CopyMatrixFast",
      "time": 0.810,
      "parameters": {"COPY_DIMX": 32,"COPY_DIMY": 32,"COPY_VW": 8,"COPY_WPT": 4,"PRECISION": 32}
    },
    {
      "kernel": "CopyMatrixFast",
      "time": 0.666,
      "parameters": {"COPY_DIMX": 32,"COPY_DIMY": 32,"COPY_VW": 1,"COPY_WPT": 8,"PRECISION": 32}
    },
    {
      "kernel": "CopyMatrixFast",
      "time": 0.805,
      "parameters": {"COPY_DIMX": 32,"COPY_DIMY": 32,"COPY_VW": 2,"COPY_WPT": 8,"PRECISION": 32}
    },
    {
      "kernel": "CopyMatrixFast",
      "time": 0.806,
      "parameters": {"COPY_DIMX": 32,"COPY_DIMY": 32,"COPY_VW": 4,"COPY_WPT": 8,"PRECISION": 32}
    },
    {
      "kernel": "CopyMatrixFast",
      "time": 0.811,
      "parameters": {"COPY_DIMX": 32,"COPY_DIMY": 32,"COPY_VW": 8,"COPY_WPT": 8,"PRECISION": 32}
    }
  ]
}
