{
  "kernel_family": "xgemv_fast_rot",
  "precision": "16",
  "best_kernel": "XgemvFastRot",
  "best_time": "1.22",
  "best_parameters": "PRECISION=16 VW3=8 WGS3=32 WPT3=16",
  "arg_m": "2048",
  "arg_n": "2048",
  "arg_alpha": "2.000000",
  "arg_beta": "2.000000",
  "clblast_device_type": "GPU",
  "clblast_device_vendor": "QUALCOMM",
  "clblast_device_architecture": "OpenCL C 3.0 Adreno(TM) 730",
  "clblast_device_name": "QUALCOMM Adreno(TM)",
  "device": "QUALCOMM Adreno(TM)",
  "platform_vendor": "QUALCOMM",
  "platform_version": "OpenCL 3.0 QUALCOMM build: commit #2addc0741b changeid #I701168ee75 Date: 01/12/22 Wed Local Branch:  Remote Branch: ",
  "device_vendor": "QUALCOMM",
  "device_type": "GPU",
  "device_core_clock": "1",
  "device_compute_units": "4",
  "device_extra_info": "",
  "results": [
    {
      "kernel": "XgemvFastRot",
      "time": 5.603,
      "parameters": {"PRECISION": 16,"VW3": 1,"WGS3": 16,"WPT3": 1}
    },
    {
      "kernel": "XgemvFastRot",
      "time": 2.723,
      "parameters": {"PRECISION": 16,"VW3": 1,"WGS3": 16,"WPT3": 2}
    },
    {
      "kernel": "XgemvFastRot",
      "time": 2.876,
      "parameters": {"PRECISION": 16,"VW3": 2,"WGS3": 16,"WPT3": 2}
    },
    {
      "kernel": "XgemvFastRot",
      "time": 1.822,
      "parameters": {"PRECISION": 16,"VW3": 1,"WGS3": 16,"WPT3": 4}
    },
    {
      "kernel": "XgemvFastRot",
      "time": 2.110,
      "parameters": {"PRECISION": 16,"VW3": 2,"WGS3": 16,"WPT3": 4}
    },
    {
      "kernel": "XgemvFastRot",
      "time": 1.821,
      "parameters": {"PRECISION": 16,"VW3": 4,"WGS3": 16,"WPT3": 4}
    },
    {
      "kernel": "XgemvFastRot",
      "time": 1.545,
      "parameters": {"PRECISION": 16,"VW3": 1,"WGS3": 16,"WPT3": 8}
    },
    {
      "kernel": "XgemvFastRot",
      "time": 1.972,
      "parameters": {"PRECISION": 16,"VW3": 2,"WGS3": 16,"WPT3": 8}
    },
    {
      "kernel": "XgemvFastRot",
      "time": 1.503,
      "parameters": {"PRECISION": 16,"VW3": 4,"WGS3": 16,"WPT3": 8}
    },
    {
      "kernel": "XgemvFastRot",
      "time": 1.373,
      "parameters": {"PRECISION": 16,"VW3": 8,"WGS3": 16,"WPT3": 8}
    },
    {
      "kernel": "XgemvFastRot",
      "time": 1.495,
      "parameters": {"PRECISION": 16,"VW3": 1,"WGS3": 16,"WPT3": 16}
    },
    {
      "kernel": "XgemvFastRot",
      "time": 1.897,
      "parameters": {"PRECISION": 16,"VW3": 2,"WGS3": 16,"WPT3": 16}
    },
    {
      "kernel": "XgemvFastRot",
      "time": 1.443,
      "parameters": {"PRECISION": 16,"VW3": 4,"WGS3": 16,"WPT3": 16}
    },
    {
      "kernel": "XgemvFastRot",
      "time": 1.244,
      "parameters": {"PRECISION": 16,"VW3": 8,"WGS3": 16,"WPT3": 16}
    },
    {
      "kernel": "XgemvFastRot",
      "time": 4.422,
      "parameters": {"PRECISION": 16,"VW3": 1,"WGS3": 32,"WPT3": 1}
    },
    {
      "kernel": "XgemvFastRot",
      "time": 2.534,
      "parameters": {"PRECISION": 16,"VW3": 1,"WGS3": 32,"WPT3": 2}
    },
    {
      "kernel": "XgemvFastRot",
      "time": 2.602,
      "parameters": {"PRECISION": 16,"VW3": 2,"WGS3": 32,"WPT3": 2}
    },
    {
      "kernel": "XgemvFastRot",
      "time": 1.799,
      "parameters": {"PRECISION": 16,"VW3": 1,"WGS3": 32,"WPT3": 4}
    },
    {
      "kernel": "XgemvFastRot",
      "time": 2.149,
      "parameters": {"PRECISION": 16,"VW3": 2,"WGS3": 32,"WPT3": 4}
    },
    {
      "kernel": "XgemvFastRot",
      "time": 2.134,
      "parameters": {"PRECISION": 16,"VW3": 4,"WGS3": 32,"WPT3": 4}
    },
    {
      "kernel": "XgemvFastRot",
      "time": 1.854,
      "parameters": {"PRECISION": 16,"VW3": 1,"WGS3": 32,"WPT3": 8}
    },
    {
      "kernel": "XgemvFastRot",
      "time": 1.990,
      "parameters": {"PRECISION": 16,"VW3": 2,"WGS3": 32,"WPT3": 8}
    },
    {
      "kernel": "XgemvFastRot",
      "time": 1.450,
      "parameters": {"PRECISION": 16,"VW3": 4,"WGS3": 32,"WPT3": 8}
    },
    {
      "kernel": "XgemvFastRot",
      "time": 1.677,
      "parameters": {"PRECISION": 16,"VW3": 8,"WGS3": 32,"WPT3": 8}
    },
    {
      "kernel": "XgemvFastRot",
      "time": 1.749,
      "parameters": {"PRECISION": 16,"VW3": 1,"WGS3": 32,"WPT3": 16}
    },
    {
      "kernel": "XgemvFastRot",
      "time": 1.820,
      "parameters": {"PRECISION": 16,"VW3": 2,"WGS3": 32,"WPT3": 16}
    },
    {
      "kernel": "XgemvFastRot",
      "time": 1.554,
      "parameters": {"PRECISION": 16,"VW3": 4,"WGS3": 32,"WPT3": 16}
    },
    {
      "kernel": "XgemvFastRot",
      "time": 1.225,
      "parameters": {"PRECISION": 16,"VW3": 8,"WGS3": 32,"WPT3": 16}
    },
    {
      "kernel": "XgemvFastRot",
      "time": 2.641,
      "parameters": {"PRECISION": 16,"VW3": 1,"WGS3": 32,"WPT3": 32}
    },
    {
      "kernel": "XgemvFastRot",
      "time": 2.068,
      "parameters": {"PRECISION": 16,"VW3": 2,"WGS3": 32,"WPT3": 32}
    },
    {
      "kernel": "XgemvFastRot",
      "time": 2.086,
      "parameters": {"PRECISION": 16,"VW3": 4,"WGS3": 32,"WPT3": 32}
    },
    {
      "kernel": "XgemvFastRot",
      "time": 1.378,
      "parameters": {"PRECISION": 16,"VW3": 8,"WGS3": 32,"WPT3": 32}
    },
    {
      "kernel": "XgemvFastRot",
      "time": 4.047,
      "parameters": {"PRECISION": 16,"VW3": 1,"WGS3": 64,"WPT3": 1}
    },
    {
      "kernel": "XgemvFastRot",
      "time": 3.013,
      "parameters": {"PRECISION": 16,"VW3": 1,"WGS3": 64,"WPT3": 2}
    },
    {
      "kernel": "XgemvFastRot",
      "time": 2.683,
      "parameters": {"PRECISION": 16,"VW3": 2,"WGS3": 64,"WPT3": 2}
    },
    {
      "kernel": "XgemvFastRot",
      "time": 2.069,
      "parameters": {"PRECISION": 16,"VW3": 1,"WGS3": 64,"WPT3": 4}
    },
    {
      "kernel": "XgemvFastRot",
      "time": 2.112,
      "parameters": {"PRECISION": 16,"VW3": 2,"WGS3": 64,"WPT3": 4}
    },
    {
      "kernel": "XgemvFastRot",
      "time": 2.132,
      "parameters": {"PRECISION": 16,"VW3": 4,"WGS3": 64,"WPT3": 4}
    },
    {
      "kernel": "XgemvFastRot",
      "time": 1.906,
      "parameters": {"PRECISION": 16,"VW3": 1,"WGS3": 64,"WPT3": 8}
    },
    {
      "kernel": "XgemvFastRot",
      "time": 2.344,
      "parameters": {"PRECISION": 16,"VW3": 2,"WGS3": 64,"WPT3": 8}
    },
    {
      "kernel": "XgemvFastRot",
      "time": 1.499,
      "parameters": {"PRECISION": 16,"VW3": 4,"WGS3": 64,"WPT3": 8}
    },
    {
      "kernel": "XgemvFastRot",
      "time": 1.822,
      "parameters": {"PRECISION": 16,"VW3": 8,"WGS3": 64,"WPT3": 8}
    },
    {
      "kernel": "XgemvFastRot",
      "time": 1.801,
      "parameters": {"PRECISION": 16,"VW3": 1,"WGS3": 64,"WPT3": 16}
    },
    {
      "kernel": "XgemvFastRot",
      "time": 1.899,
      "parameters": {"PRECISION": 16,"VW3": 2,"WGS3": 64,"WPT3": 16}
    },
    {
      "kernel": "XgemvFastRot",
      "time": 1.457,
      "parameters": {"PRECISION": 16,"VW3": 4,"WGS3": 64,"WPT3": 16}
    },
    {
      "kernel": "XgemvFastRot",
      "time": 1.298,
      "parameters": {"PRECISION": 16,"VW3": 8,"WGS3": 64,"WPT3": 16}
    },
    {
      "kernel": "XgemvFastRot",
      "time": 2.088,
      "parameters": {"PRECISION": 16,"VW3": 1,"WGS3": 64,"WPT3": 32}
    },
    {
      "kernel": "XgemvFastRot",
      "time": 1.883,
      "parameters": {"PRECISION": 16,"VW3": 2,"WGS3": 64,"WPT3": 32}
    },
    {
      "kernel": "XgemvFastRot",
      "time": 1.776,
      "parameters": {"PRECISION": 16,"VW3": 4,"WGS3": 64,"WPT3": 32}
    },
    {
      "kernel": "XgemvFastRot",
      "time": 1.387,
      "parameters": {"PRECISION": 16,"VW3": 8,"WGS3": 64,"WPT3": 32}
    },
    {
      "kernel": "XgemvFastRot",
      "time": 9.007,
      "parameters": {"PRECISION": 16,"VW3": 1,"WGS3": 128,"WPT3": 1}
    },
    {
      "kernel": "XgemvFastRot",
      "time": 4.647,
      "parameters": {"PRECISION": 16,"VW3": 1,"WGS3": 128,"WPT3": 2}
    },
    {
      "kernel": "XgemvFastRot",
      "time": 4.098,
      "parameters": {"PRECISION": 16,"VW3": 2,"WGS3": 128,"WPT3": 2}
    },
    {
      "kernel": "XgemvFastRot",
      "time": 2.810,
      "parameters": {"PRECISION": 16,"VW3": 1,"WGS3": 128,"WPT3": 4}
    },
    {
      "kernel": "XgemvFastRot",
      "time": 2.983,
      "parameters": {"PRECISION": 16,"VW3": 2,"WGS3": 128,"WPT3": 4}
    },
    {
      "kernel": "XgemvFastRot",
      "time": 2.885,
      "parameters": {"PRECISION": 16,"VW3": 4,"WGS3": 128,"WPT3": 4}
    },
    {
      "kernel": "XgemvFastRot",
      "time": 2.024,
      "parameters": {"PRECISION": 16,"VW3": 1,"WGS3": 128,"WPT3": 8}
    },
    {
      "kernel": "XgemvFastRot",
      "time": 2.184,
      "parameters": {"PRECISION": 16,"VW3": 2,"WGS3": 128,"WPT3": 8}
    },
    {
      "kernel": "XgemvFastRot",
      "time": 1.937,
      "parameters": {"PRECISION": 16,"VW3": 4,"WGS3": 128,"WPT3": 8}
    },
    {
      "kernel": "XgemvFastRot",
      "time": 1.845,
      "parameters": {"PRECISION": 16,"VW3": 8,"WGS3": 128,"WPT3": 8}
    },
    {
      "kernel": "XgemvFastRot",
      "time": 1.752,
      "parameters": {"PRECISION": 16,"VW3": 1,"WGS3": 128,"WPT3": 16}
    },
    {
      "kernel": "XgemvFastRot",
      "time": 2.017,
      "parameters": {"PRECISION": 16,"VW3": 2,"WGS3": 128,"WPT3": 16}
    },
    {
      "kernel": "XgemvFastRot",
      "time": 1.530,
      "parameters": {"PRECISION": 16,"VW3": 4,"WGS3": 128,"WPT3": 16}
    },
    {
      "kernel": "XgemvFastRot",
      "time": 1.309,
      "parameters": {"PRECISION": 16,"VW3": 8,"WGS3": 128,"WPT3": 16}
    },
    {
      "kernel": "XgemvFastRot",
      "time": 2.310,
      "parameters": {"PRECISION": 16,"VW3": 1,"WGS3": 128,"WPT3": 32}
    },
    {
      "kernel": "XgemvFastRot",
      "time": 1.976,
      "parameters": {"PRECISION": 16,"VW3": 2,"WGS3": 128,"WPT3": 32}
    },
    {
      "kernel": "XgemvFastRot",
      "time": 1.855,
      "parameters": {"PRECISION": 16,"VW3": 4,"WGS3": 128,"WPT3": 32}
    },
    {
      "kernel": "XgemvFastRot",
      "time": 1.419,
      "parameters": {"PRECISION": 16,"VW3": 8,"WGS3": 128,"WPT3": 32}
    }
  ]
}
