{
  "kernel_family": "padtranspose",
  "precision": "32",
  "best_kernel": "TransposePadMatrix",
  "best_time": "0.97",
  "best_parameters": "PADTRA_PAD=1 PADTRA_TILE=32 PADTRA_WPT=1 PRECISION=32",
  "arg_m": "1024",
  "arg_n": "1024",
  "arg_alpha": "2.00",
  "clblast_device_type": "GPU",
  "clblast_device_vendor": "QUALCOMM",
  "clblast_device_architecture": "OpenCL C 3.0 Adreno(TM) 730",
  "clblast_device_name": "QUALCOMM Adreno(TM)",
  "device": "QUALCOMM Adreno(TM)",
  "platform_vendor": "QUALCOMM",
  "platform_version": "OpenCL 3.0 QUALCOMM build: commit #2addc0741b changeid #I701168ee75 Date: 01/12/22 Wed Local Branch:  Remote Branch: ",
  "device_vendor": "QUALCOMM",
  "device_type": "GPU",
  "device_core_clock": "1",
  "device_compute_units": "4",
  "device_extra_info": "",
  "results": [
    {
      "kernel": "TransposePadMatrix",
      "time": 1.057,
      "parameters": {"PADTRA_PAD": 0,"PADTRA_TILE": 8,"PADTRA_WPT": 1,"PRECISION": 32}
    },
    {
      "kernel": "TransposePadMatrix",
      "time": 1.065,
      "parameters": {"PADTRA_PAD": 1,"PADTRA_TILE": 8,"PADTRA_WPT": 1,"PRECISION": 32}
    },
    {
      "kernel": "TransposePadMatrix",
      "time": 0.984,
      "parameters": {"PADTRA_PAD": 0,"PADTRA_TILE": 8,"PADTRA_WPT": 2,"PRECISION": 32}
    },
    {
      "kernel": "TransposePadMatrix",
      "time": 0.987,
      "parameters": {"PADTRA_PAD": 1,"PADTRA_TILE": 8,"PADTRA_WPT": 2,"PRECISION": 32}
    },
    {
      "kernel": "TransposePadMatrix",
      "time": 1.002,
      "parameters": {"PADTRA_PAD": 0,"PADTRA_TILE": 8,"PADTRA_WPT": 4,"PRECISION": 32}
    },
    {
      "kernel": "TransposePadMatrix",
      "time": 1.000,
      "parameters": {"PADTRA_PAD": 1,"PADTRA_TILE": 8,"PADTRA_WPT": 4,"PRECISION": 32}
    },
    {
      "kernel": "TransposePadMatrix",
      "time": 1.236,
      "parameters": {"PADTRA_PAD": 0,"PADTRA_TILE": 8,"PADTRA_WPT": 8,"PRECISION": 32}
    },
    {
      "kernel": "TransposePadMatrix",
      "time": 1.622,
      "parameters": {"PADTRA_PAD": 1,"PADTRA_TILE": 8,"PADTRA_WPT": 8,"PRECISION": 32}
    },
    {
      "kernel": "TransposePadMatrix",
      "time": 0.973,
      "parameters": {"PADTRA_PAD": 0,"PADTRA_TILE": 16,"PADTRA_WPT": 1,"PRECISION": 32}
    },
    {
      "kernel": "TransposePadMatrix",
      "time": 0.969,
      "parameters": {"PADTRA_PAD": 1,"PADTRA_TILE": 16,"PADTRA_WPT": 1,"PRECISION": 32}
    },
    {
      "kernel": "TransposePadMatrix",
      "time": 0.975,
      "parameters": {"PADTRA_PAD": 0,"PADTRA_TILE": 16,"PADTRA_WPT": 2,"PRECISION": 32}
    },
    {
      "kernel": "TransposePadMatrix",
      "time": 0.974,
      "parameters": {"PADTRA_PAD": 1,"PADTRA_TILE": 16,"PADTRA_WPT": 2,"PRECISION": 32}
    },
    {
      "kernel": "TransposePadMatrix",
      "time": 1.075,
      "parameters": {"PADTRA_PAD": 0,"PADTRA_TILE": 16,"PADTRA_WPT": 4,"PRECISION": 32}
    },
    {
      "kernel": "TransposePadMatrix",
      "time": 1.181,
      "parameters": {"PADTRA_PAD": 1,"PADTRA_TILE": 16,"PADTRA_WPT": 4,"PRECISION": 32}
    },
    {
      "kernel": "TransposePadMatrix",
      "time": 0.973,
      "parameters": {"PADTRA_PAD": 0,"PADTRA_TILE": 32,"PADTRA_WPT": 1,"PRECISION": 32}
    },
    {
      "kernel": "TransposePadMatrix",
      "time": 0.966,
      "parameters": {"PADTRA_PAD": 1,"PADTRA_TILE": 32,"PADTRA_WPT": 1,"PRECISION": 32}
    },
    {
      "kernel": "TransposePadMatrix",
      "time": 0.984,
      "parameters": {"PADTRA_PAD": 0,"PADTRA_TILE": 32,"PADTRA_WPT": 2,"PRECISION": 32}
    },
    {
      "kernel": "TransposePadMatrix",
      "time": 1.032,
      "parameters": {"PADTRA_PAD": 1,"PADTRA_TILE": 32,"PADTRA_WPT": 2,"PRECISION": 32}
    }
  ]
}
