{
  "kernel_family": "pad",
  "precision": "16",
  "best_kernel": "CopyPadMatrix",
  "best_time": "0.46",
  "best_parameters": "PAD_DIMX=32 PAD_DIMY=32 PAD_WPTX=1 PAD_WPTY=2 PRECISION=16",
  "arg_m": "1024",
  "arg_n": "1024",
  "arg_alpha": "2.000000",
  "clblast_device_type": "GPU",
  "clblast_device_vendor": "QUALCOMM",
  "clblast_device_architecture": "OpenCL C 3.0 Adreno(TM) 730",
  "clblast_device_name": "QUALCOMM Adreno(TM)",
  "device": "QUALCOMM Adreno(TM)",
  "platform_vendor": "QUALCOMM",
  "platform_version": "OpenCL 3.0 QUALCOMM build: commit #2addc0741b changeid #I701168ee75 Date: 01/12/22 Wed Local Branch:  Remote Branch: ",
  "device_vendor": "QUALCOMM",
  "device_type": "GPU",
  "device_core_clock": "1",
  "device_compute_units": "4",
  "device_extra_info": "",
  "results": [
    {
      "kernel": "CopyPadMatrix",
      "time": 0.858,
      "parameters": {"PAD_DIMX": 8,"PAD_DIMY": 8,"PAD_WPTX": 1,"PAD_WPTY": 1,"PRECISION": 16}
    },
    {
      "kernel": "CopyPadMatrix",
      "time": 0.729,
      "parameters": {"PAD_DIMX": 8,"PAD_DIMY": 8,"PAD_WPTX": 1,"PAD_WPTY": 2,"PRECISION": 16}
    },
    {
      "kernel": "CopyPadMatrix",
      "time": 0.690,
      "parameters": {"PAD_DIMX": 8,"PAD_DIMY": 8,"PAD_WPTX": 1,"PAD_WPTY": 4,"PRECISION": 16}
    },
    {
      "kernel": "CopyPadMatrix",
      "time": 0.727,
      "parameters": {"PAD_DIMX": 8,"PAD_DIMY": 8,"PAD_WPTX": 2,"PAD_WPTY": 1,"PRECISION": 16}
    },
    {
      "kernel": "CopyPadMatrix",
      "time": 0.473,
      "parameters": {"PAD_DIMX": 8,"PAD_DIMY": 8,"PAD_WPTX": 2,"PAD_WPTY": 2,"PRECISION": 16}
    },
    {
      "kernel": "CopyPadMatrix",
      "time": 0.491,
      "parameters": {"PAD_DIMX": 8,"PAD_DIMY": 8,"PAD_WPTX": 2,"PAD_WPTY": 4,"PRECISION": 16}
    },
    {
      "kernel": "CopyPadMatrix",
      "time": 0.491,
      "parameters": {"PAD_DIMX": 8,"PAD_DIMY": 8,"PAD_WPTX": 4,"PAD_WPTY": 1,"PRECISION": 16}
    },
    {
      "kernel": "CopyPadMatrix",
      "time": 0.696,
      "parameters": {"PAD_DIMX": 8,"PAD_DIMY": 8,"PAD_WPTX": 4,"PAD_WPTY": 2,"PRECISION": 16}
    },
    {
      "kernel": "CopyPadMatrix",
      "time": 0.888,
      "parameters": {"PAD_DIMX": 8,"PAD_DIMY": 8,"PAD_WPTX": 4,"PAD_WPTY": 4,"PRECISION": 16}
    },
    {
      "kernel": "CopyPadMatrix",
      "time": 0.725,
      "parameters": {"PAD_DIMX": 8,"PAD_DIMY": 16,"PAD_WPTX": 1,"PAD_WPTY": 1,"PRECISION": 16}
    },
    {
      "kernel": "CopyPadMatrix",
      "time": 0.682,
      "parameters": {"PAD_DIMX": 8,"PAD_DIMY": 16,"PAD_WPTX": 1,"PAD_WPTY": 2,"PRECISION": 16}
    },
    {
      "kernel": "CopyPadMatrix",
      "time": 0.674,
      "parameters": {"PAD_DIMX": 8,"PAD_DIMY": 16,"PAD_WPTX": 1,"PAD_WPTY": 4,"PRECISION": 16}
    },
    {
      "kernel": "CopyPadMatrix",
      "time": 0.645,
      "parameters": {"PAD_DIMX": 8,"PAD_DIMY": 16,"PAD_WPTX": 2,"PAD_WPTY": 1,"PRECISION": 16}
    },
    {
      "kernel": "CopyPadMatrix",
      "time": 0.495,
      "parameters": {"PAD_DIMX": 8,"PAD_DIMY": 16,"PAD_WPTX": 2,"PAD_WPTY": 2,"PRECISION": 16}
    },
    {
      "kernel": "CopyPadMatrix",
      "time": 0.595,
      "parameters": {"PAD_DIMX": 8,"PAD_DIMY": 16,"PAD_WPTX": 2,"PAD_WPTY": 4,"PRECISION": 16}
    },
    {
      "kernel": "CopyPadMatrix",
      "time": 0.462,
      "parameters": {"PAD_DIMX": 8,"PAD_DIMY": 16,"PAD_WPTX": 4,"PAD_WPTY": 1,"PRECISION": 16}
    },
    {
      "kernel": "CopyPadMatrix",
      "time": 0.777,
      "parameters": {"PAD_DIMX": 8,"PAD_DIMY": 16,"PAD_WPTX": 4,"PAD_WPTY": 2,"PRECISION": 16}
    },
    {
      "kernel": "CopyPadMatrix",
      "time": 0.904,
      "parameters": {"PAD_DIMX": 8,"PAD_DIMY": 16,"PAD_WPTX": 4,"PAD_WPTY": 4,"PRECISION": 16}
    },
    {
      "kernel": "CopyPadMatrix",
      "time": 0.691,
      "parameters": {"PAD_DIMX": 8,"PAD_DIMY": 32,"PAD_WPTX": 1,"PAD_WPTY": 1,"PRECISION": 16}
    },
    {
      "kernel": "CopyPadMatrix",
      "time": 0.476,
      "parameters": {"PAD_DIMX": 8,"PAD_DIMY": 32,"PAD_WPTX": 1,"PAD_WPTY": 2,"PRECISION": 16}
    },
    {
      "kernel": "CopyPadMatrix",
      "time": 0.484,
      "parameters": {"PAD_DIMX": 8,"PAD_DIMY": 32,"PAD_WPTX": 1,"PAD_WPTY": 4,"PRECISION": 16}
    },
    {
      "kernel": "CopyPadMatrix",
      "time": 0.691,
      "parameters": {"PAD_DIMX": 8,"PAD_DIMY": 32,"PAD_WPTX": 2,"PAD_WPTY": 1,"PRECISION": 16}
    },
    {
      "kernel": "CopyPadMatrix",
      "time": 0.690,
      "parameters": {"PAD_DIMX": 8,"PAD_DIMY": 32,"PAD_WPTX": 2,"PAD_WPTY": 2,"PRECISION": 16}
    },
    {
      "kernel": "CopyPadMatrix",
      "time": 0.767,
      "parameters": {"PAD_DIMX": 8,"PAD_DIMY": 32,"PAD_WPTX": 2,"PAD_WPTY": 4,"PRECISION": 16}
    },
    {
      "kernel": "CopyPadMatrix",
      "time": 0.710,
      "parameters": {"PAD_DIMX": 8,"PAD_DIMY": 32,"PAD_WPTX": 4,"PAD_WPTY": 1,"PRECISION": 16}
    },
    {
      "kernel": "CopyPadMatrix",
      "time": 0.782,
      "parameters": {"PAD_DIMX": 8,"PAD_DIMY": 32,"PAD_WPTX": 4,"PAD_WPTY": 2,"PRECISION": 16}
    },
    {
      "kernel": "CopyPadMatrix",
      "time": 0.705,
      "parameters": {"PAD_DIMX": 8,"PAD_DIMY": 32,"PAD_WPTX": 4,"PAD_WPTY": 4,"PRECISION": 16}
    },
    {
      "kernel": "CopyPadMatrix",
      "time": 0.724,
      "parameters": {"PAD_DIMX": 16,"PAD_DIMY": 8,"PAD_WPTX": 1,"PAD_WPTY": 1,"PRECISION": 16}
    },
    {
      "kernel": "CopyPadMatrix",
      "time": 0.682,
      "parameters": {"PAD_DIMX": 16,"PAD_DIMY": 8,"PAD_WPTX": 1,"PAD_WPTY": 2,"PRECISION": 16}
    },
    {
      "kernel": "CopyPadMatrix",
      "time": 0.677,
      "parameters": {"PAD_DIMX": 16,"PAD_DIMY": 8,"PAD_WPTX": 1,"PAD_WPTY": 4,"PRECISION": 16}
    },
    {
      "kernel": "CopyPadMatrix",
      "time": 0.634,
      "parameters": {"PAD_DIMX": 16,"PAD_DIMY": 8,"PAD_WPTX": 2,"PAD_WPTY": 1,"PRECISION": 16}
    },
    {
      "kernel": "CopyPadMatrix",
      "time": 0.695,
      "parameters": {"PAD_DIMX": 16,"PAD_DIMY": 8,"PAD_WPTX": 2,"PAD_WPTY": 2,"PRECISION": 16}
    },
    {
      "kernel": "CopyPadMatrix",
      "time": 0.744,
      "parameters": {"PAD_DIMX": 16,"PAD_DIMY": 8,"PAD_WPTX": 2,"PAD_WPTY": 4,"PRECISION": 16}
    },
    {
      "kernel": "CopyPadMatrix",
      "time": 0.696,
      "parameters": {"PAD_DIMX": 16,"PAD_DIMY": 8,"PAD_WPTX": 4,"PAD_WPTY": 1,"PRECISION": 16}
    },
    {
      "kernel": "CopyPadMatrix",
      "time": 0.693,
      "parameters": {"PAD_DIMX": 16,"PAD_DIMY": 8,"PAD_WPTX": 4,"PAD_WPTY": 2,"PRECISION": 16}
    },
    {
      "kernel": "CopyPadMatrix",
      "time": 0.737,
      "parameters": {"PAD_DIMX": 16,"PAD_DIMY": 8,"PAD_WPTX": 4,"PAD_WPTY": 4,"PRECISION": 16}
    },
    {
      "kernel": "CopyPadMatrix",
      "time": 0.679,
      "parameters": {"PAD_DIMX": 16,"PAD_DIMY": 16,"PAD_WPTX": 1,"PAD_WPTY": 1,"PRECISION": 16}
    },
    {
      "kernel": "CopyPadMatrix",
      "time": 0.705,
      "parameters": {"PAD_DIMX": 16,"PAD_DIMY": 16,"PAD_WPTX": 1,"PAD_WPTY": 2,"PRECISION": 16}
    },
    {
      "kernel": "CopyPadMatrix",
      "time": 0.693,
      "parameters": {"PAD_DIMX": 16,"PAD_DIMY": 16,"PAD_WPTX": 1,"PAD_WPTY": 4,"PRECISION": 16}
    },
    {
      "kernel": "CopyPadMatrix",
      "time": 0.694,
      "parameters": {"PAD_DIMX": 16,"PAD_DIMY": 16,"PAD_WPTX": 2,"PAD_WPTY": 1,"PRECISION": 16}
    },
    {
      "kernel": "CopyPadMatrix",
      "time": 0.692,
      "parameters": {"PAD_DIMX": 16,"PAD_DIMY": 16,"PAD_WPTX": 2,"PAD_WPTY": 2,"PRECISION": 16}
    },
    {
      "kernel": "CopyPadMatrix",
      "time": 0.744,
      "parameters": {"PAD_DIMX": 16,"PAD_DIMY": 16,"PAD_WPTX": 2,"PAD_WPTY": 4,"PRECISION": 16}
    },
    {
      "kernel": "CopyPadMatrix",
      "time": 0.713,
      "parameters": {"PAD_DIMX": 16,"PAD_DIMY": 16,"PAD_WPTX": 4,"PAD_WPTY": 1,"PRECISION": 16}
    },
    {
      "kernel": "CopyPadMatrix",
      "time": 0.689,
      "parameters": {"PAD_DIMX": 16,"PAD_DIMY": 16,"PAD_WPTX": 4,"PAD_WPTY": 2,"PRECISION": 16}
    },
    {
      "kernel": "CopyPadMatrix",
      "time": 0.470,
      "parameters": {"PAD_DIMX": 16,"PAD_DIMY": 16,"PAD_WPTX": 4,"PAD_WPTY": 4,"PRECISION": 16}
    },
    {
      "kernel": "CopyPadMatrix",
      "time": 0.687,
      "parameters": {"PAD_DIMX": 16,"PAD_DIMY": 32,"PAD_WPTX": 1,"PAD_WPTY": 1,"PRECISION": 16}
    },
    {
      "kernel": "CopyPadMatrix",
      "time": 0.699,
      "parameters": {"PAD_DIMX": 16,"PAD_DIMY": 32,"PAD_WPTX": 1,"PAD_WPTY": 2,"PRECISION": 16}
    },
    {
      "kernel": "CopyPadMatrix",
      "time": 0.688,
      "parameters": {"PAD_DIMX": 16,"PAD_DIMY": 32,"PAD_WPTX": 1,"PAD_WPTY": 4,"PRECISION": 16}
    },
    {
      "kernel": "CopyPadMatrix",
      "time": 0.487,
      "parameters": {"PAD_DIMX": 16,"PAD_DIMY": 32,"PAD_WPTX": 2,"PAD_WPTY": 1,"PRECISION": 16}
    },
    {
      "kernel": "CopyPadMatrix",
      "time": 0.685,
      "parameters": {"PAD_DIMX": 16,"PAD_DIMY": 32,"PAD_WPTX": 2,"PAD_WPTY": 2,"PRECISION": 16}
    },
    {
      "kernel": "CopyPadMatrix",
      "time": 0.717,
      "parameters": {"PAD_DIMX": 16,"PAD_DIMY": 32,"PAD_WPTX": 2,"PAD_WPTY": 4,"PRECISION": 16}
    },
    {
      "kernel": "CopyPadMatrix",
      "time": 0.691,
      "parameters": {"PAD_DIMX": 16,"PAD_DIMY": 32,"PAD_WPTX": 4,"PAD_WPTY": 1,"PRECISION": 16}
    },
    {
      "kernel": "CopyPadMatrix",
      "time": 0.700,
      "parameters": {"PAD_DIMX": 16,"PAD_DIMY": 32,"PAD_WPTX": 4,"PAD_WPTY": 2,"PRECISION": 16}
    },
    {
      "kernel": "CopyPadMatrix",
      "time": 0.772,
      "parameters": {"PAD_DIMX": 16,"PAD_DIMY": 32,"PAD_WPTX": 4,"PAD_WPTY": 4,"PRECISION": 16}
    },
    {
      "kernel": "CopyPadMatrix",
      "time": 0.469,
      "parameters": {"PAD_DIMX": 32,"PAD_DIMY": 8,"PAD_WPTX": 1,"PAD_WPTY": 1,"PRECISION": 16}
    },
    {
      "kernel": "CopyPadMatrix",
      "time": 0.681,
      "parameters": {"PAD_DIMX": 32,"PAD_DIMY": 8,"PAD_WPTX": 1,"PAD_WPTY": 2,"PRECISION": 16}
    },
    {
      "kernel": "CopyPadMatrix",
      "time": 0.509,
      "parameters": {"PAD_DIMX": 32,"PAD_DIMY": 8,"PAD_WPTX": 1,"PAD_WPTY": 4,"PRECISION": 16}
    },
    {
      "kernel": "CopyPadMatrix",
      "time": 0.506,
      "parameters": {"PAD_DIMX": 32,"PAD_DIMY": 8,"PAD_WPTX": 2,"PAD_WPTY": 1,"PRECISION": 16}
    },
    {
      "kernel": "CopyPadMatrix",
      "time": 0.618,
      "parameters": {"PAD_DIMX": 32,"PAD_DIMY": 8,"PAD_WPTX": 2,"PAD_WPTY": 2,"PRECISION": 16}
    },
    {
      "kernel": "CopyPadMatrix",
      "time": 0.556,
      "parameters": {"PAD_DIMX": 32,"PAD_DIMY": 8,"PAD_WPTX": 2,"PAD_WPTY": 4,"PRECISION": 16}
    },
    {
      "kernel": "CopyPadMatrix",
      "time": 0.707,
      "parameters": {"PAD_DIMX": 32,"PAD_DIMY": 8,"PAD_WPTX": 4,"PAD_WPTY": 1,"PRECISION": 16}
    },
    {
      "kernel": "CopyPadMatrix",
      "time": 0.698,
      "parameters": {"PAD_DIMX": 32,"PAD_DIMY": 8,"PAD_WPTX": 4,"PAD_WPTY": 2,"PRECISION": 16}
    },
    {
      "kernel": "CopyPadMatrix",
      "time": 0.712,
      "parameters": {"PAD_DIMX": 32,"PAD_DIMY": 8,"PAD_WPTX": 4,"PAD_WPTY": 4,"PRECISION": 16}
    },
    {
      "kernel": "CopyPadMatrix",
      "time": 0.728,
      "parameters": {"PAD_DIMX": 32,"PAD_DIMY": 16,"PAD_WPTX": 1,"PAD_WPTY": 1,"PRECISION": 16}
    },
    {
      "kernel": "CopyPadMatrix",
      "time": 0.696,
      "parameters": {"PAD_DIMX": 32,"PAD_DIMY": 16,"PAD_WPTX": 1,"PAD_WPTY": 2,"PRECISION": 16}
    },
    {
      "kernel": "CopyPadMatrix",
      "time": 0.694,
      "parameters": {"PAD_DIMX": 32,"PAD_DIMY": 16,"PAD_WPTX": 1,"PAD_WPTY": 4,"PRECISION": 16}
    },
    {
      "kernel": "CopyPadMatrix",
      "time": 0.687,
      "parameters": {"PAD_DIMX": 32,"PAD_DIMY": 16,"PAD_WPTX": 2,"PAD_WPTY": 1,"PRECISION": 16}
    },
    {
      "kernel": "CopyPadMatrix",
      "time": 0.746,
      "parameters": {"PAD_DIMX": 32,"PAD_DIMY": 16,"PAD_WPTX": 2,"PAD_WPTY": 2,"PRECISION": 16}
    },
    {
      "kernel": "CopyPadMatrix",
      "time": 0.702,
      "parameters": {"PAD_DIMX": 32,"PAD_DIMY": 16,"PAD_WPTX": 2,"PAD_WPTY": 4,"PRECISION": 16}
    },
    {
      "kernel": "CopyPadMatrix",
      "time": 0.493,
      "parameters": {"PAD_DIMX": 32,"PAD_DIMY": 16,"PAD_WPTX": 4,"PAD_WPTY": 1,"PRECISION": 16}
    },
    {
      "kernel": "CopyPadMatrix",
      "time": 0.684,
      "parameters": {"PAD_DIMX": 32,"PAD_DIMY": 16,"PAD_WPTX": 4,"PAD_WPTY": 2,"PRECISION": 16}
    },
    {
      "kernel": "CopyPadMatrix",
      "time": 0.690,
      "parameters": {"PAD_DIMX": 32,"PAD_DIMY": 16,"PAD_WPTX": 4,"PAD_WPTY": 4,"PRECISION": 16}
    },
    {
      "kernel": "CopyPadMatrix",
      "time": 0.686,
      "parameters": {"PAD_DIMX": 32,"PAD_DIMY": 32,"PAD_WPTX": 1,"PAD_WPTY": 1,"PRECISION": 16}
    },
    {
      "kernel": "CopyPadMatrix",
      "time": 0.461,
      "parameters": {"PAD_DIMX": 32,"PAD_DIMY": 32,"PAD_WPTX": 1,"PAD_WPTY": 2,"PRECISION": 16}
    },
    {
      "kernel": "CopyPadMatrix",
      "time": 0.678,
      "parameters": {"PAD_DIMX": 32,"PAD_DIMY": 32,"PAD_WPTX": 1,"PAD_WPTY": 4,"PRECISION": 16}
    },
    {
      "kernel": "CopyPadMatrix",
      "time": 0.675,
      "parameters": {"PAD_DIMX": 32,"PAD_DIMY": 32,"PAD_WPTX": 2,"PAD_WPTY": 1,"PRECISION": 16}
    },
    {
      "kernel": "CopyPadMatrix",
      "time": 0.643,
      "parameters": {"PAD_DIMX": 32,"PAD_DIMY": 32,"PAD_WPTX": 2,"PAD_WPTY": 2,"PRECISION": 16}
    },
    {
      "kernel": "CopyPadMatrix",
      "time": 0.693,
      "parameters": {"PAD_DIMX": 32,"PAD_DIMY": 32,"PAD_WPTX": 2,"PAD_WPTY": 4,"PRECISION": 16}
    },
    {
      "kernel": "CopyPadMatrix",
      "time": 0.713,
      "parameters": {"PAD_DIMX": 32,"PAD_DIMY": 32,"PAD_WPTX": 4,"PAD_WPTY": 1,"PRECISION": 16}
    },
    {
      "kernel": "CopyPadMatrix",
      "time": 0.693,
      "parameters": {"PAD_DIMX": 32,"PAD_DIMY": 32,"PAD_WPTX": 4,"PAD_WPTY": 2,"PRECISION": 16}
    },
    {
      "kernel": "CopyPadMatrix",
      "time": 0.500,
      "parameters": {"PAD_DIMX": 32,"PAD_DIMY": 32,"PAD_WPTX": 4,"PAD_WPTY": 4,"PRECISION": 16}
    }
  ]
}
