{
  "kernel_family": "invert",
  "precision": "32",
  "best_kernel": "TripleMatMul16Part1Lower",
  "best_time": "0.06",
  "best_parameters": "INTERNAL_BLOCK_SIZE=16 LOCALPAD=1 PRECISION=32 TMMWGSX=4 TMMWGSY=4",
  "arg_n": "128",
  "arg_m": "64",
  "arg_k": "16",
  "clblast_device_type": "GPU",
  "clblast_device_vendor": "QUALCOMM",
  "clblast_device_architecture": "OpenCL C 3.0 Adreno(TM) 730",
  "clblast_device_name": "QUALCOMM Adreno(TM)",
  "device": "QUALCOMM Adreno(TM)",
  "platform_vendor": "QUALCOMM",
  "platform_version": "OpenCL 3.0 QUALCOMM build: commit #2addc0741b changeid #I701168ee75 Date: 01/12/22 Wed Local Branch:  Remote Branch: ",
  "device_vendor": "QUALCOMM",
  "device_type": "GPU",
  "device_core_clock": "1",
  "device_compute_units": "4",
  "device_extra_info": "",
  "results": [
    {
      "kernel": "TripleMatMul16Part1Lower",
      "time": 0.062,
      "parameters": {"INTERNAL_BLOCK_SIZE": 16,"LOCALPAD": 0,"PRECISION": 32,"TMMWGSX": 4,"TMMWGSY": 4}
    },
    {
      "kernel": "TripleMatMul16Part1Lower",
      "time": 0.060,
      "parameters": {"INTERNAL_BLOCK_SIZE": 16,"LOCALPAD": 1,"PRECISION": 32,"TMMWGSX": 4,"TMMWGSY": 4}
    }
  ]
}
