{
  "kernel_family": "padtranspose",
  "precision": "16",
  "best_kernel": "TransposePadMatrix",
  "best_time": "0.84",
  "best_parameters": "PADTRA_PAD=1 PADTRA_TILE=16 PADTRA_WPT=1 PRECISION=16",
  "arg_m": "1024",
  "arg_n": "1024",
  "arg_alpha": "2.000000",
  "clblast_device_type": "GPU",
  "clblast_device_vendor": "QUALCOMM",
  "clblast_device_architecture": "OpenCL C 3.0 Adreno(TM) 730",
  "clblast_device_name": "QUALCOMM Adreno(TM)",
  "device": "QUALCOMM Adreno(TM)",
  "platform_vendor": "QUALCOMM",
  "platform_version": "OpenCL 3.0 QUALCOMM build: commit #2addc0741b changeid #I701168ee75 Date: 01/12/22 Wed Local Branch:  Remote Branch: ",
  "device_vendor": "QUALCOMM",
  "device_type": "GPU",
  "device_core_clock": "1",
  "device_compute_units": "4",
  "device_extra_info": "",
  "results": [
    {
      "kernel": "TransposePadMatrix",
      "time": 0.943,
      "parameters": {"PADTRA_PAD": 0,"PADTRA_TILE": 8,"PADTRA_WPT": 1,"PRECISION": 16}
    },
    {
      "kernel": "TransposePadMatrix",
      "time": 0.940,
      "parameters": {"PADTRA_PAD": 1,"PADTRA_TILE": 8,"PADTRA_WPT": 1,"PRECISION": 16}
    },
    {
      "kernel": "TransposePadMatrix",
      "time": 0.921,
      "parameters": {"PADTRA_PAD": 0,"PADTRA_TILE": 8,"PADTRA_WPT": 2,"PRECISION": 16}
    },
    {
      "kernel": "TransposePadMatrix",
      "time": 0.907,
      "parameters": {"PADTRA_PAD": 1,"PADTRA_TILE": 8,"PADTRA_WPT": 2,"PRECISION": 16}
    },
    {
      "kernel": "TransposePadMatrix",
      "time": 0.920,
      "parameters": {"PADTRA_PAD": 0,"PADTRA_TILE": 8,"PADTRA_WPT": 4,"PRECISION": 16}
    },
    {
      "kernel": "TransposePadMatrix",
      "time": 0.968,
      "parameters": {"PADTRA_PAD": 1,"PADTRA_TILE": 8,"PADTRA_WPT": 4,"PRECISION": 16}
    },
    {
      "kernel": "TransposePadMatrix",
      "time": 0.922,
      "parameters": {"PADTRA_PAD": 0,"PADTRA_TILE": 8,"PADTRA_WPT": 8,"PRECISION": 16}
    },
    {
      "kernel": "TransposePadMatrix",
      "time": 0.985,
      "parameters": {"PADTRA_PAD": 1,"PADTRA_TILE": 8,"PADTRA_WPT": 8,"PRECISION": 16}
    },
    {
      "kernel": "TransposePadMatrix",
      "time": 1.378,
      "parameters": {"PADTRA_PAD": 0,"PADTRA_TILE": 8,"PADTRA_WPT": 16,"PRECISION": 16}
    },
    {
      "kernel": "TransposePadMatrix",
      "time": 0.863,
      "parameters": {"PADTRA_PAD": 0,"PADTRA_TILE": 16,"PADTRA_WPT": 1,"PRECISION": 16}
    },
    {
      "kernel": "TransposePadMatrix",
      "time": 0.841,
      "parameters": {"PADTRA_PAD": 1,"PADTRA_TILE": 16,"PADTRA_WPT": 1,"PRECISION": 16}
    },
    {
      "kernel": "TransposePadMatrix",
      "time": 0.878,
      "parameters": {"PADTRA_PAD": 0,"PADTRA_TILE": 16,"PADTRA_WPT": 2,"PRECISION": 16}
    },
    {
      "kernel": "TransposePadMatrix",
      "time": 0.893,
      "parameters": {"PADTRA_PAD": 1,"PADTRA_TILE": 16,"PADTRA_WPT": 2,"PRECISION": 16}
    },
    {
      "kernel": "TransposePadMatrix",
      "time": 0.920,
      "parameters": {"PADTRA_PAD": 0,"PADTRA_TILE": 16,"PADTRA_WPT": 4,"PRECISION": 16}
    },
    {
      "kernel": "TransposePadMatrix",
      "time": 0.897,
      "parameters": {"PADTRA_PAD": 1,"PADTRA_TILE": 16,"PADTRA_WPT": 4,"PRECISION": 16}
    },
    {
      "kernel": "TransposePadMatrix",
      "time": 0.972,
      "parameters": {"PADTRA_PAD": 0,"PADTRA_TILE": 16,"PADTRA_WPT": 8,"PRECISION": 16}
    },
    {
      "kernel": "TransposePadMatrix",
      "time": 0.892,
      "parameters": {"PADTRA_PAD": 0,"PADTRA_TILE": 32,"PADTRA_WPT": 1,"PRECISION": 16}
    },
    {
      "kernel": "TransposePadMatrix",
      "time": 0.909,
      "parameters": {"PADTRA_PAD": 1,"PADTRA_TILE": 32,"PADTRA_WPT": 1,"PRECISION": 16}
    },
    {
      "kernel": "TransposePadMatrix",
      "time": 0.885,
      "parameters": {"PADTRA_PAD": 0,"PADTRA_TILE": 32,"PADTRA_WPT": 2,"PRECISION": 16}
    },
    {
      "kernel": "TransposePadMatrix",
      "time": 0.889,
      "parameters": {"PADTRA_PAD": 1,"PADTRA_TILE": 32,"PADTRA_WPT": 2,"PRECISION": 16}
    },
    {
      "kernel": "TransposePadMatrix",
      "time": 0.947,
      "parameters": {"PADTRA_PAD": 0,"PADTRA_TILE": 32,"PADTRA_WPT": 4,"PRECISION": 16}
    }
  ]
}
