{
  "kernel_family": "xgemm_2",
  "precision": "32",
  "best_kernel": "Xgemm",
  "best_time": "6.23",
  "best_parameters": "GEMMK=0 KREG=1 KWG=32 KWI=2 MDIMA=16 MDIMC=16 MWG=64 NDIMB=8 NDIMC=8 NWG=128 PRECISION=32 SA=0 SB=0 STRM=1 STRN=0 VWM=2 VWN=4",
  "arg_m": "1024",
  "arg_n": "1024",
  "arg_k": "1024",
  "arg_alpha": "2.00",
  "arg_beta": "2.00",
  "clblast_device_type": "GPU",
  "clblast_device_vendor": "QUALCOMM",
  "clblast_device_architecture": "OpenCL C 3.0 Adreno(TM) 730",
  "clblast_device_name": "QUALCOMM Adreno(TM)",
  "device": "QUALCOMM Adreno(TM)",
  "platform_vendor": "QUALCOMM",
  "platform_version": "OpenCL 3.0 QUALCOMM build: commit #2addc0741b changeid #I701168ee75 Date: 01/12/22 Wed Local Branch:  Remote Branch: ",
  "device_vendor": "QUALCOMM",
  "device_type": "GPU",
  "device_core_clock": "1",
  "device_compute_units": "4",
  "device_extra_info": "",
  "results": [
    {
      "kernel": "Xgemm",
      "time": 24.861,
      "parameters": {"GEMMK": 0,"KREG": 1,"KWG": 32,"KWI": 2,"MDIMA": 8,"MDIMC": 8,"MWG": 64,"NDIMB": 8,"NDIMC": 8,"NWG": 64,"PRECISION": 32,"SA": 1,"SB": 0,"STRM": 1,"STRN": 1,"VWM": 1,"VWN": 4}
    },
    {
      "kernel": "Xgemm",
      "time": 51.676,
      "parameters": {"GEMMK": 0,"KREG": 1,"KWG": 32,"KWI": 2,"MDIMA": 32,"MDIMC": 16,"MWG": 32,"NDIMB": 32,"NDIMC": 16,"NWG": 64,"PRECISION": 32,"SA": 1,"SB": 0,"STRM": 0,"STRN": 0,"VWM": 1,"VWN": 1}
    },
    {
      "kernel": "Xgemm",
      "time": 42.268,
      "parameters": {"GEMMK": 0,"KREG": 1,"KWG": 32,"KWI": 2,"MDIMA": 8,"MDIMC": 16,"MWG": 128,"NDIMB": 16,"NDIMC": 8,"NWG": 16,"PRECISION": 32,"SA": 1,"SB": 1,"STRM": 0,"STRN": 1,"VWM": 2,"VWN": 1}
    },
    {
      "kernel": "Xgemm",
      "time": 20.065,
      "parameters": {"GEMMK": 0,"KREG": 1,"KWG": 32,"KWI": 2,"MDIMA": 8,"MDIMC": 8,"MWG": 32,"NDIMB": 32,"NDIMC": 32,"NWG": 64,"PRECISION": 32,"SA": 1,"SB": 1,"STRM": 1,"STRN": 1,"VWM": 4,"VWN": 1}
    },
    {
      "kernel": "Xgemm",
      "time": 19.009,
      "parameters": {"GEMMK": 0,"KREG": 1,"KWG": 32,"KWI": 2,"MDIMA": 16,"MDIMC": 16,"MWG": 128,"NDIMB": 16,"NDIMC": 8,"NWG": 128,"PRECISION": 32,"SA": 1,"SB": 0,"STRM": 0,"STRN": 1,"VWM": 4,"VWN": 4}
    },
    {
      "kernel": "Xgemm",
      "time": 24.667,
      "parameters": {"GEMMK": 0,"KREG": 1,"KWG": 16,"KWI": 2,"MDIMA": 32,"MDIMC": 16,"MWG": 64,"NDIMB": 16,"NDIMC": 16,"NWG": 64,"PRECISION": 32,"SA": 0,"SB": 1,"STRM": 0,"STRN": 1,"VWM": 2,"VWN": 4}
    },
    {
      "kernel": "Xgemm",
      "time": 18.584,
      "parameters": {"GEMMK": 0,"KREG": 1,"KWG": 16,"KWI": 2,"MDIMA": 16,"MDIMC": 16,"MWG": 64,"NDIMB": 8,"NDIMC": 8,"NWG": 128,"PRECISION": 32,"SA": 0,"SB": 0,"STRM": 1,"STRN": 0,"VWM": 4,"VWN": 1}
    },
    {
      "kernel": "Xgemm",
      "time": 64.829,
      "parameters": {"GEMMK": 0,"KREG": 1,"KWG": 32,"KWI": 2,"MDIMA": 8,"MDIMC": 8,"MWG": 128,"NDIMB": 32,"NDIMC": 16,"NWG": 64,"PRECISION": 32,"SA": 0,"SB": 1,"STRM": 0,"STRN": 1,"VWM": 1,"VWN": 2}
    },
    {
      "kernel": "Xgemm",
      "time": 28.068,
      "parameters": {"GEMMK": 0,"KREG": 1,"KWG": 32,"KWI": 2,"MDIMA": 32,"MDIMC": 8,"MWG": 32,"NDIMB": 16,"NDIMC": 8,"NWG": 64,"PRECISION": 32,"SA": 1,"SB": 0,"STRM": 1,"STRN": 0,"VWM": 1,"VWN": 1}
    },
    {
      "kernel": "Xgemm",
      "time": 37.731,
      "parameters": {"GEMMK": 0,"KREG": 1,"KWG": 16,"KWI": 2,"MDIMA": 16,"MDIMC": 8,"MWG": 64,"NDIMB": 16,"NDIMC": 8,"NWG": 128,"PRECISION": 32,"SA": 1,"SB": 1,"STRM": 0,"STRN": 1,"VWM": 1,"VWN": 1}
    },
    {
      "kernel": "Xgemm",
      "time": 780.830,
      "parameters": {"GEMMK": 0,"KREG": 1,"KWG": 16,"KWI": 2,"MDIMA": 16,"MDIMC": 8,"MWG": 128,"NDIMB": 8,"NDIMC": 8,"NWG": 128,"PRECISION": 32,"SA": 0,"SB": 0,"STRM": 0,"STRN": 1,"VWM": 1,"VWN": 4}
    },
    {
      "kernel": "Xgemm",
      "time": 14.505,
      "parameters": {"GEMMK": 0,"KREG": 1,"KWG": 16,"KWI": 2,"MDIMA": 32,"MDIMC": 16,"MWG": 64,"NDIMB": 32,"NDIMC": 32,"NWG": 128,"PRECISION": 32,"SA": 1,"SB": 0,"STRM": 1,"STRN": 1,"VWM": 2,"VWN": 4}
    },
    {
      "kernel": "Xgemm",
      "time": 51.926,
      "parameters": {"GEMMK": 0,"KREG": 1,"KWG": 16,"KWI": 2,"MDIMA": 8,"MDIMC": 8,"MWG": 64,"NDIMB": 8,"NDIMC": 8,"NWG": 16,"PRECISION": 32,"SA": 0,"SB": 0,"STRM": 1,"STRN": 1,"VWM": 4,"VWN": 1}
    },
    {
      "kernel": "Xgemm",
      "time": 19.777,
      "parameters": {"GEMMK": 0,"KREG": 1,"KWG": 32,"KWI": 2,"MDIMA": 8,"MDIMC": 16,"MWG": 128,"NDIMB": 8,"NDIMC": 8,"NWG": 64,"PRECISION": 32,"SA": 1,"SB": 0,"STRM": 0,"STRN": 0,"VWM": 2,"VWN": 4}
    },
    {
      "kernel": "Xgemm",
      "time": 31.547,
      "parameters": {"GEMMK": 0,"KREG": 1,"KWG": 32,"KWI": 2,"MDIMA": 32,"MDIMC": 32,"MWG": 64,"NDIMB": 8,"NDIMC": 8,"NWG": 64,"PRECISION": 32,"SA": 0,"SB": 0,"STRM": 0,"STRN": 0,"VWM": 1,"VWN": 4}
    },
    {
      "kernel": "Xgemm",
      "time": 29.355,
      "parameters": {"GEMMK": 0,"KREG": 1,"KWG": 32,"KWI": 2,"MDIMA": 8,"MDIMC": 8,"MWG": 64,"NDIMB": 16,"NDIMC": 8,"NWG": 64,"PRECISION": 32,"SA": 0,"SB": 0,"STRM": 0,"STRN": 1,"VWM": 2,"VWN": 1}
    },
    {
      "kernel": "Xgemm",
      "time": 21.405,
      "parameters": {"GEMMK": 0,"KREG": 1,"KWG": 32,"KWI": 2,"MDIMA": 16,"MDIMC": 16,"MWG": 128,"NDIMB": 16,"NDIMC": 8,"NWG": 64,"PRECISION": 32,"SA": 0,"SB": 0,"STRM": 1,"STRN": 0,"VWM": 8,"VWN": 1}
    },
    {
      "kernel": "Xgemm",
      "time": 11.245,
      "parameters": {"GEMMK": 0,"KREG": 1,"KWG": 32,"KWI": 2,"MDIMA": 8,"MDIMC": 16,"MWG": 128,"NDIMB": 16,"NDIMC": 16,"NWG": 64,"PRECISION": 32,"SA": 1,"SB": 1,"STRM": 1,"STRN": 0,"VWM": 2,"VWN": 2}
    },
    {
      "kernel": "Xgemm",
      "time": 12.454,
      "parameters": {"GEMMK": 0,"KREG": 1,"KWG": 32,"KWI": 2,"MDIMA": 32,"MDIMC": 32,"MWG": 128,"NDIMB": 16,"NDIMC": 8,"NWG": 64,"PRECISION": 32,"SA": 1,"SB": 1,"STRM": 0,"STRN": 1,"VWM": 2,"VWN": 2}
    },
    {
      "kernel": "Xgemm",
      "time": 44.468,
      "parameters": {"GEMMK": 0,"KREG": 1,"KWG": 16,"KWI": 2,"MDIMA": 32,"MDIMC": 8,"MWG": 128,"NDIMB": 32,"NDIMC": 8,"NWG": 64,"PRECISION": 32,"SA": 1,"SB": 0,"STRM": 1,"STRN": 1,"VWM": 2,"VWN": 1}
    },
    {
      "kernel": "Xgemm",
      "time": 68.329,
      "parameters": {"GEMMK": 0,"KREG": 1,"KWG": 32,"KWI": 2,"MDIMA": 32,"MDIMC": 8,"MWG": 64,"NDIMB": 8,"NDIMC": 8,"NWG": 16,"PRECISION": 32,"SA": 0,"SB": 1,"STRM": 1,"STRN": 0,"VWM": 1,"VWN": 1}
    },
    {
      "kernel": "Xgemm",
      "time": 28.469,
      "parameters": {"GEMMK": 0,"KREG": 1,"KWG": 32,"KWI": 2,"MDIMA": 16,"MDIMC": 16,"MWG": 128,"NDIMB": 16,"NDIMC": 16,"NWG": 64,"PRECISION": 32,"SA": 0,"SB": 1,"STRM": 1,"STRN": 0,"VWM": 1,"VWN": 4}
    },
    {
      "kernel": "Xgemm",
      "time": 56.711,
      "parameters": {"GEMMK": 0,"KREG": 1,"KWG": 32,"KWI": 2,"MDIMA": 16,"MDIMC": 16,"MWG": 64,"NDIMB": 32,"NDIMC": 32,"NWG": 32,"PRECISION": 32,"SA": 1,"SB": 0,"STRM": 0,"STRN": 0,"VWM": 1,"VWN": 1}
    },
    {
      "kernel": "Xgemm",
      "time": 12.123,
      "parameters": {"GEMMK": 0,"KREG": 1,"KWG": 32,"KWI": 2,"MDIMA": 16,"MDIMC": 32,"MWG": 64,"NDIMB": 8,"NDIMC": 8,"NWG": 64,"PRECISION": 32,"SA": 0,"SB": 1,"STRM": 1,"STRN": 1,"VWM": 2,"VWN": 4}
    },
    {
      "kernel": "Xgemm",
      "time": 17.929,
      "parameters": {"GEMMK": 0,"KREG": 1,"KWG": 32,"KWI": 2,"MDIMA": 16,"MDIMC": 32,"MWG": 64,"NDIMB": 16,"NDIMC": 16,"NWG": 128,"PRECISION": 32,"SA": 0,"SB": 1,"STRM": 1,"STRN": 1,"VWM": 1,"VWN": 2}
    },
    {
      "kernel": "Xgemm",
      "time": 15.057,
      "parameters": {"GEMMK": 0,"KREG": 1,"KWG": 32,"KWI": 2,"MDIMA": 16,"MDIMC": 32,"MWG": 128,"NDIMB": 16,"NDIMC": 8,"NWG": 64,"PRECISION": 32,"SA": 0,"SB": 1,"STRM": 0,"STRN": 1,"VWM": 2,"VWN": 2}
    },
    {
      "kernel": "Xgemm",
      "time": 118.197,
      "parameters": {"GEMMK": 0,"KREG": 1,"KWG": 32,"KWI": 2,"MDIMA": 16,"MDIMC": 16,"MWG": 16,"NDIMB": 8,"NDIMC": 16,"NWG": 16,"PRECISION": 32,"SA": 0,"SB": 1,"STRM": 1,"STRN": 0,"VWM": 1,"VWN": 1}
    },
    {
      "kernel": "Xgemm",
      "time": 36.183,
      "parameters": {"GEMMK": 0,"KREG": 1,"KWG": 32,"KWI": 2,"MDIMA": 16,"MDIMC": 8,"MWG": 128,"NDIMB": 32,"NDIMC": 32,"NWG": 64,"PRECISION": 32,"SA": 0,"SB": 0,"STRM": 0,"STRN": 1,"VWM": 8,"VWN": 1}
    },
    {
      "kernel": "Xgemm",
      "time": 412.301,
      "parameters": {"GEMMK": 0,"KREG": 1,"KWG": 32,"KWI": 2,"MDIMA": 8,"MDIMC": 8,"MWG": 128,"NDIMB": 16,"NDIMC": 8,"NWG": 128,"PRECISION": 32,"SA": 0,"SB": 0,"STRM": 0,"STRN": 1,"VWM": 4,"VWN": 1}
    },
    {
      "kernel": "Xgemm",
      "time": 26.817,
      "parameters": {"GEMMK": 0,"KREG": 1,"KWG": 32,"KWI": 2,"MDIMA": 16,"MDIMC": 16,"MWG": 128,"NDIMB": 32,"NDIMC": 16,"NWG": 128,"PRECISION": 32,"SA": 1,"SB": 0,"STRM": 0,"STRN": 0,"VWM": 1,"VWN": 2}
    },
    {
      "kernel": "Xgemm",
      "time": 64.490,
      "parameters": {"GEMMK": 0,"KREG": 1,"KWG": 16,"KWI": 2,"MDIMA": 16,"MDIMC": 32,"MWG": 64,"NDIMB": 32,"NDIMC": 8,"NWG": 64,"PRECISION": 32,"SA": 0,"SB": 0,"STRM": 1,"STRN": 1,"VWM": 1,"VWN": 1}
    },
    {
      "kernel": "Xgemm",
      "time": 148.975,
      "parameters": {"GEMMK": 0,"KREG": 1,"KWG": 16,"KWI": 2,"MDIMA": 16,"MDIMC": 8,"MWG": 16,"NDIMB": 16,"NDIMC": 16,"NWG": 16,"PRECISION": 32,"SA": 1,"SB": 1,"STRM": 0,"STRN": 0,"VWM": 1,"VWN": 1}
    },
    {
      "kernel": "Xgemm",
      "time": 40.762,
      "parameters": {"GEMMK": 0,"KREG": 1,"KWG": 32,"KWI": 2,"MDIMA": 8,"MDIMC": 8,"MWG": 16,"NDIMB": 8,"NDIMC": 16,"NWG": 64,"PRECISION": 32,"SA": 1,"SB": 0,"STRM": 0,"STRN": 0,"VWM": 1,"VWN": 1}
    },
    {
      "kernel": "Xgemm",
      "time": 22.166,
      "parameters": {"GEMMK": 0,"KREG": 1,"KWG": 16,"KWI": 2,"MDIMA": 16,"MDIMC": 8,"MWG": 128,"NDIMB": 32,"NDIMC": 32,"NWG": 128,"PRECISION": 32,"SA": 0,"SB": 0,"STRM": 1,"STRN": 0,"VWM": 4,"VWN": 4}
    },
    {
      "kernel": "Xgemm",
      "time": 18.506,
      "parameters": {"GEMMK": 0,"KREG": 1,"KWG": 16,"KWI": 2,"MDIMA": 32,"MDIMC": 16,"MWG": 32,"NDIMB": 8,"NDIMC": 8,"NWG": 64,"PRECISION": 32,"SA": 0,"SB": 1,"STRM": 1,"STRN": 0,"VWM": 1,"VWN": 4}
    },
    {
      "kernel": "Xgemm",
      "time": 69.620,
      "parameters": {"GEMMK": 0,"KREG": 1,"KWG": 32,"KWI": 2,"MDIMA": 8,"MDIMC": 8,"MWG": 16,"NDIMB": 16,"NDIMC": 32,"NWG": 32,"PRECISION": 32,"SA": 1,"SB": 1,"STRM": 1,"STRN": 1,"VWM": 1,"VWN": 1}
    },
    {
      "kernel": "Xgemm",
      "time": 27.201,
      "parameters": {"GEMMK": 0,"KREG": 1,"KWG": 16,"KWI": 2,"MDIMA": 16,"MDIMC": 16,"MWG": 64,"NDIMB": 8,"NDIMC": 8,"NWG": 32,"PRECISION": 32,"SA": 1,"SB": 0,"STRM": 0,"STRN": 1,"VWM": 4,"VWN": 1}
    },
    {
      "kernel": "Xgemm",
      "time": 9.262,
      "parameters": {"GEMMK": 0,"KREG": 1,"KWG": 16,"KWI": 2,"MDIMA": 8,"MDIMC": 8,"MWG": 32,"NDIMB": 8,"NDIMC": 16,"NWG": 128,"PRECISION": 32,"SA": 1,"SB": 0,"STRM": 0,"STRN": 1,"VWM": 4,"VWN": 4}
    },
    {
      "kernel": "Xgemm",
      "time": 11.299,
      "parameters": {"GEMMK": 0,"KREG": 1,"KWG": 32,"KWI": 2,"MDIMA": 16,"MDIMC": 16,"MWG": 64,"NDIMB": 8,"NDIMC": 8,"NWG": 32,"PRECISION": 32,"SA": 1,"SB": 0,"STRM": 1,"STRN": 1,"VWM": 4,"VWN": 4}
    },
    {
      "kernel": "Xgemm",
      "time": 23.735,
      "parameters": {"GEMMK": 0,"KREG": 1,"KWG": 32,"KWI": 2,"MDIMA": 32,"MDIMC": 8,"MWG": 32,"NDIMB": 32,"NDIMC": 16,"NWG": 32,"PRECISION": 32,"SA": 1,"SB": 1,"STRM": 1,"STRN": 0,"VWM": 1,"VWN": 1}
    },
    {
      "kernel": "Xgemm",
      "time": 12.054,
      "parameters": {"GEMMK": 0,"KREG": 1,"KWG": 32,"KWI": 2,"MDIMA": 32,"MDIMC": 32,"MWG": 64,"NDIMB": 8,"NDIMC": 8,"NWG": 64,"PRECISION": 32,"SA": 0,"SB": 1,"STRM": 1,"STRN": 0,"VWM": 2,"VWN": 4}
    },
    {
      "kernel": "Xgemm",
      "time": 44.758,
      "parameters": {"GEMMK": 0,"KREG": 1,"KWG": 16,"KWI": 2,"MDIMA": 32,"MDIMC": 16,"MWG": 128,"NDIMB": 8,"NDIMC": 8,"NWG": 32,"PRECISION": 32,"SA": 1,"SB": 1,"STRM": 0,"STRN": 1,"VWM": 1,"VWN": 4}
    },
    {
      "kernel": "Xgemm",
      "time": 12.810,
      "parameters": {"GEMMK": 0,"KREG": 1,"KWG": 32,"KWI": 2,"MDIMA": 8,"MDIMC": 32,"MWG": 64,"NDIMB": 8,"NDIMC": 8,"NWG": 128,"PRECISION": 32,"SA": 1,"SB": 1,"STRM": 0,"STRN": 1,"VWM": 2,"VWN": 2}
    },
    {
      "kernel": "Xgemm",
      "time": 27.999,
      "parameters": {"GEMMK": 0,"KREG": 1,"KWG": 32,"KWI": 2,"MDIMA": 16,"MDIMC": 8,"MWG": 128,"NDIMB": 8,"NDIMC": 32,"NWG": 64,"PRECISION": 32,"SA": 0,"SB": 1,"STRM": 0,"STRN": 1,"VWM": 4,"VWN": 1}
    },
    {
      "kernel": "Xgemm",
      "time": 24.429,
      "parameters": {"GEMMK": 0,"KREG": 1,"KWG": 16,"KWI": 2,"MDIMA": 16,"MDIMC": 8,"MWG": 32,"NDIMB": 32,"NDIMC": 8,"NWG": 64,"PRECISION": 32,"SA": 0,"SB": 1,"STRM": 1,"STRN": 0,"VWM": 2,"VWN": 1}
    },
    {
      "kernel": "Xgemm",
      "time": 61.179,
      "parameters": {"GEMMK": 0,"KREG": 1,"KWG": 16,"KWI": 2,"MDIMA": 32,"MDIMC": 8,"MWG": 128,"NDIMB": 8,"NDIMC": 8,"NWG": 64,"PRECISION": 32,"SA": 0,"SB": 1,"STRM": 0,"STRN": 0,"VWM": 2,"VWN": 4}
    },
    {
      "kernel": "Xgemm",
      "time": 21.103,
      "parameters": {"GEMMK": 0,"KREG": 1,"KWG": 32,"KWI": 2,"MDIMA": 32,"MDIMC": 16,"MWG": 128,"NDIMB": 32,"NDIMC": 8,"NWG": 128,"PRECISION": 32,"SA": 1,"SB": 1,"STRM": 1,"STRN": 1,"VWM": 2,"VWN": 2}
    },
    {
      "kernel": "Xgemm",
      "time": 10.710,
      "parameters": {"GEMMK": 0,"KREG": 1,"KWG": 32,"KWI": 2,"MDIMA": 16,"MDIMC": 16,"MWG": 128,"NDIMB": 8,"NDIMC": 8,"NWG": 64,"PRECISION": 32,"SA": 1,"SB": 1,"STRM": 0,"STRN": 1,"VWM": 8,"VWN": 4}
    },
    {
      "kernel": "Xgemm",
      "time": 60.171,
      "parameters": {"GEMMK": 0,"KREG": 1,"KWG": 16,"KWI": 2,"MDIMA": 16,"MDIMC": 16,"MWG": 16,"NDIMB": 32,"NDIMC": 8,"NWG": 32,"PRECISION": 32,"SA": 0,"SB": 1,"STRM": 0,"STRN": 1,"VWM": 1,"VWN": 1}
    },
    {
      "kernel": "Xgemm",
      "time": 23.764,
      "parameters": {"GEMMK": 0,"KREG": 1,"KWG": 32,"KWI": 2,"MDIMA": 16,"MDIMC": 16,"MWG": 32,"NDIMB": 16,"NDIMC": 16,"NWG": 128,"PRECISION": 32,"SA": 0,"SB": 1,"STRM": 0,"STRN": 1,"VWM": 1,"VWN": 8}
    },
    {
      "kernel": "Xgemm",
      "time": 15.668,
      "parameters": {"GEMMK": 0,"KREG": 1,"KWG": 32,"KWI": 2,"MDIMA": 8,"MDIMC": 16,"MWG": 64,"NDIMB": 32,"NDIMC": 16,"NWG": 128,"PRECISION": 32,"SA": 0,"SB": 1,"STRM": 0,"STRN": 0,"VWM": 2,"VWN": 2}
    },
    {
      "kernel": "Xgemm",
      "time": 64.244,
      "parameters": {"GEMMK": 0,"KREG": 1,"KWG": 32,"KWI": 2,"MDIMA": 8,"MDIMC": 8,"MWG": 128,"NDIMB": 8,"NDIMC": 16,"NWG": 64,"PRECISION": 32,"SA": 0,"SB": 1,"STRM": 0,"STRN": 1,"VWM": 1,"VWN": 2}
    },
    {
      "kernel": "Xgemm",
      "time": 34.875,
      "parameters": {"GEMMK": 0,"KREG": 1,"KWG": 16,"KWI": 2,"MDIMA": 32,"MDIMC": 8,"MWG": 128,"NDIMB": 16,"NDIMC": 8,"NWG": 32,"PRECISION": 32,"SA": 0,"SB": 0,"STRM": 1,"STRN": 1,"VWM": 1,"VWN": 2}
    },
    {
      "kernel": "Xgemm",
      "time": 36.322,
      "parameters": {"GEMMK": 0,"KREG": 1,"KWG": 32,"KWI": 2,"MDIMA": 8,"MDIMC": 8,"MWG": 32,"NDIMB": 16,"NDIMC": 16,"NWG": 64,"PRECISION": 32,"SA": 0,"SB": 1,"STRM": 0,"STRN": 1,"VWM": 2,"VWN": 1}
    },
    {
      "kernel": "Xgemm",
      "time": 21.899,
      "parameters": {"GEMMK": 0,"KREG": 1,"KWG": 32,"KWI": 2,"MDIMA": 32,"MDIMC": 32,"MWG": 64,"NDIMB": 32,"NDIMC": 32,"NWG": 128,"PRECISION": 32,"SA": 1,"SB": 1,"STRM": 1,"STRN": 0,"VWM": 2,"VWN": 1}
    },
    {
      "kernel": "Xgemm",
      "time": 14.839,
      "parameters": {"GEMMK": 0,"KREG": 1,"KWG": 32,"KWI": 2,"MDIMA": 32,"MDIMC": 32,"MWG": 128,"NDIMB": 32,"NDIMC": 8,"NWG": 64,"PRECISION": 32,"SA": 0,"SB": 1,"STRM": 0,"STRN": 1,"VWM": 2,"VWN": 1}
    },
    {
      "kernel": "Xgemm",
      "time": 55.462,
      "parameters": {"GEMMK": 0,"KREG": 1,"KWG": 32,"KWI": 2,"MDIMA": 32,"MDIMC": 8,"MWG": 32,"NDIMB": 16,"NDIMC": 8,"NWG": 128,"PRECISION": 32,"SA": 1,"SB": 1,"STRM": 1,"STRN": 0,"VWM": 1,"VWN": 1}
    },
    {
      "kernel": "Xgemm",
      "time": 9.492,
      "parameters": {"GEMMK": 0,"KREG": 1,"KWG": 32,"KWI": 2,"MDIMA": 16,"MDIMC": 16,"MWG": 64,"NDIMB": 32,"NDIMC": 8,"NWG": 64,"PRECISION": 32,"SA": 0,"SB": 1,"STRM": 0,"STRN": 0,"VWM": 4,"VWN": 1}
    },
    {
      "kernel": "Xgemm",
      "time": 149.675,
      "parameters": {"GEMMK": 0,"KREG": 1,"KWG": 32,"KWI": 2,"MDIMA": 16,"MDIMC": 8,"MWG": 32,"NDIMB": 8,"NDIMC": 16,"NWG": 16,"PRECISION": 32,"SA": 0,"SB": 0,"STRM": 1,"STRN": 1,"VWM": 2,"VWN": 1}
    },
    {
      "kernel": "Xgemm",
      "time": 29.867,
      "parameters": {"GEMMK": 0,"KREG": 1,"KWG": 16,"KWI": 2,"MDIMA": 8,"MDIMC": 8,"MWG": 32,"NDIMB": 8,"NDIMC": 8,"NWG": 64,"PRECISION": 32,"SA": 0,"SB": 0,"STRM": 1,"STRN": 0,"VWM": 2,"VWN": 1}
    },
    {
      "kernel": "Xgemm",
      "time": 37.597,
      "parameters": {"GEMMK": 0,"KREG": 1,"KWG": 32,"KWI": 2,"MDIMA": 16,"MDIMC": 8,"MWG": 32,"NDIMB": 8,"NDIMC": 8,"NWG": 128,"PRECISION": 32,"SA": 0,"SB": 1,"STRM": 1,"STRN": 0,"VWM": 1,"VWN": 1}
    },
    {
      "kernel": "Xgemm",
      "time": 38.818,
      "parameters": {"GEMMK": 0,"KREG": 1,"KWG": 16,"KWI": 2,"MDIMA": 8,"MDIMC": 8,"MWG": 32,"NDIMB": 32,"NDIMC": 8,"NWG": 64,"PRECISION": 32,"SA": 1,"SB": 0,"STRM": 0,"STRN": 0,"VWM": 1,"VWN": 1}
    },
    {
      "kernel": "Xgemm",
      "time": 34.597,
      "parameters": {"GEMMK": 0,"KREG": 1,"KWG": 16,"KWI": 2,"MDIMA": 16,"MDIMC": 16,"MWG": 128,"NDIMB": 16,"NDIMC": 16,"NWG": 32,"PRECISION": 32,"SA": 0,"SB": 1,"STRM": 1,"STRN": 1,"VWM": 8,"VWN": 2}
    },
    {
      "kernel": "Xgemm",
      "time": 30.157,
      "parameters": {"GEMMK": 0,"KREG": 1,"KWG": 16,"KWI": 2,"MDIMA": 16,"MDIMC": 8,"MWG": 128,"NDIMB": 16,"NDIMC": 16,"NWG": 64,"PRECISION": 32,"SA": 1,"SB": 1,"STRM": 1,"STRN": 1,"VWM": 1,"VWN": 1}
    },
    {
      "kernel": "Xgemm",
      "time": 24.661,
      "parameters": {"GEMMK": 0,"KREG": 1,"KWG": 16,"KWI": 2,"MDIMA": 16,"MDIMC": 16,"MWG": 64,"NDIMB": 8,"NDIMC": 8,"NWG": 128,"PRECISION": 32,"SA": 1,"SB": 0,"STRM": 1,"STRN": 1,"VWM": 2,"VWN": 8}
    },
    {
      "kernel": "Xgemm",
      "time": 29.722,
      "parameters": {"GEMMK": 0,"KREG": 1,"KWG": 32,"KWI": 2,"MDIMA": 32,"MDIMC": 8,"MWG": 128,"NDIMB": 16,"NDIMC": 32,"NWG": 128,"PRECISION": 32,"SA": 1,"SB": 0,"STRM": 0,"STRN": 0,"VWM": 1,"VWN": 2}
    },
    {
      "kernel": "Xgemm",
      "time": 68.003,
      "parameters": {"GEMMK": 0,"KREG": 1,"KWG": 16,"KWI": 2,"MDIMA": 16,"MDIMC": 8,"MWG": 16,"NDIMB": 8,"NDIMC": 8,"NWG": 16,"PRECISION": 32,"SA": 1,"SB": 0,"STRM": 0,"STRN": 1,"VWM": 1,"VWN": 1}
    },
    {
      "kernel": "Xgemm",
      "time": 118.577,
      "parameters": {"GEMMK": 0,"KREG": 1,"KWG": 16,"KWI": 2,"MDIMA": 8,"MDIMC": 16,"MWG": 32,"NDIMB": 8,"NDIMC": 8,"NWG": 128,"PRECISION": 32,"SA": 0,"SB": 0,"STRM": 0,"STRN": 1,"VWM": 2,"VWN": 1}
    },
    {
      "kernel": "Xgemm",
      "time": 61.998,
      "parameters": {"GEMMK": 0,"KREG": 1,"KWG": 32,"KWI": 2,"MDIMA": 8,"MDIMC": 8,"MWG": 32,"NDIMB": 8,"NDIMC": 16,"NWG": 32,"PRECISION": 32,"SA": 0,"SB": 0,"STRM": 0,"STRN": 1,"VWM": 4,"VWN": 1}
    },
    {
      "kernel": "Xgemm",
      "time": 12.425,
      "parameters": {"GEMMK": 0,"KREG": 1,"KWG": 32,"KWI": 2,"MDIMA": 16,"MDIMC": 16,"MWG": 128,"NDIMB": 16,"NDIMC": 16,"NWG": 128,"PRECISION": 32,"SA": 0,"SB": 0,"STRM": 0,"STRN": 1,"VWM": 4,"VWN": 8}
    },
    {
      "kernel": "Xgemm",
      "time": 22.137,
      "parameters": {"GEMMK": 0,"KREG": 1,"KWG": 16,"KWI": 2,"MDIMA": 32,"MDIMC": 32,"MWG": 128,"NDIMB": 16,"NDIMC": 8,"NWG": 128,"PRECISION": 32,"SA": 0,"SB": 0,"STRM": 1,"STRN": 0,"VWM": 2,"VWN": 1}
    },
    {
      "kernel": "Xgemm",
      "time": 23.675,
      "parameters": {"GEMMK": 0,"KREG": 1,"KWG": 16,"KWI": 2,"MDIMA": 16,"MDIMC": 8,"MWG": 64,"NDIMB": 16,"NDIMC": 8,"NWG": 64,"PRECISION": 32,"SA": 0,"SB": 0,"STRM": 0,"STRN": 1,"VWM": 2,"VWN": 2}
    },
    {
      "kernel": "Xgemm",
      "time": 27.400,
      "parameters": {"GEMMK": 0,"KREG": 1,"KWG": 32,"KWI": 2,"MDIMA": 32,"MDIMC": 32,"MWG": 128,"NDIMB": 8,"NDIMC": 8,"NWG": 32,"PRECISION": 32,"SA": 0,"SB": 0,"STRM": 0,"STRN": 0,"VWM": 2,"VWN": 2}
    },
    {
      "kernel": "Xgemm",
      "time": 34.549,
      "parameters": {"GEMMK": 0,"KREG": 1,"KWG": 16,"KWI": 2,"MDIMA": 32,"MDIMC": 16,"MWG": 128,"NDIMB": 16,"NDIMC": 16,"NWG": 16,"PRECISION": 32,"SA": 0,"SB": 0,"STRM": 1,"STRN": 1,"VWM": 2,"VWN": 1}
    },
    {
      "kernel": "Xgemm",
      "time": 14.868,
      "parameters": {"GEMMK": 0,"KREG": 1,"KWG": 32,"KWI": 2,"MDIMA": 16,"MDIMC": 16,"MWG": 128,"NDIMB": 8,"NDIMC": 16,"NWG": 64,"PRECISION": 32,"SA": 1,"SB": 1,"STRM": 0,"STRN": 1,"VWM": 8,"VWN": 1}
    },
    {
      "kernel": "Xgemm",
      "time": 8.842,
      "parameters": {"GEMMK": 0,"KREG": 1,"KWG": 32,"KWI": 2,"MDIMA": 16,"MDIMC": 16,"MWG": 64,"NDIMB": 16,"NDIMC": 16,"NWG": 128,"PRECISION": 32,"SA": 0,"SB": 1,"STRM": 0,"STRN": 1,"VWM": 4,"VWN": 8}
    },
    {
      "kernel": "Xgemm",
      "time": 27.064,
      "parameters": {"GEMMK": 0,"KREG": 1,"KWG": 32,"KWI": 2,"MDIMA": 32,"MDIMC": 16,"MWG": 64,"NDIMB": 16,"NDIMC": 8,"NWG": 64,"PRECISION": 32,"SA": 1,"SB": 1,"STRM": 1,"STRN": 1,"VWM": 1,"VWN": 1}
    },
    {
      "kernel": "Xgemm",
      "time": 64.672,
      "parameters": {"GEMMK": 0,"KREG": 1,"KWG": 32,"KWI": 2,"MDIMA": 32,"MDIMC": 8,"MWG": 32,"NDIMB": 8,"NDIMC": 16,"NWG": 64,"PRECISION": 32,"SA": 0,"SB": 0,"STRM": 0,"STRN": 0,"VWM": 1,"VWN": 1}
    },
    {
      "kernel": "Xgemm",
      "time": 30.269,
      "parameters": {"GEMMK": 0,"KREG": 1,"KWG": 16,"KWI": 2,"MDIMA": 32,"MDIMC": 16,"MWG": 128,"NDIMB": 32,"NDIMC": 32,"NWG": 128,"PRECISION": 32,"SA": 1,"SB": 0,"STRM": 0,"STRN": 0,"VWM": 2,"VWN": 1}
    },
    {
      "kernel": "Xgemm",
      "time": 24.576,
      "parameters": {"GEMMK": 0,"KREG": 1,"KWG": 16,"KWI": 2,"MDIMA": 16,"MDIMC": 16,"MWG": 64,"NDIMB": 32,"NDIMC": 8,"NWG": 128,"PRECISION": 32,"SA": 1,"SB": 0,"STRM": 0,"STRN": 0,"VWM": 2,"VWN": 4}
    },
    {
      "kernel": "Xgemm",
      "time": 66.259,
      "parameters": {"GEMMK": 0,"KREG": 1,"KWG": 32,"KWI": 2,"MDIMA": 16,"MDIMC": 16,"MWG": 128,"NDIMB": 16,"NDIMC": 16,"NWG": 64,"PRECISION": 32,"SA": 0,"SB": 1,"STRM": 0,"STRN": 0,"VWM": 1,"VWN": 1}
    },
    {
      "kernel": "Xgemm",
      "time": 22.053,
      "parameters": {"GEMMK": 0,"KREG": 1,"KWG": 32,"KWI": 2,"MDIMA": 16,"MDIMC": 8,"MWG": 128,"NDIMB": 8,"NDIMC": 32,"NWG": 128,"PRECISION": 32,"SA": 0,"SB": 0,"STRM": 0,"STRN": 1,"VWM": 4,"VWN": 1}
    },
    {
      "kernel": "Xgemm",
      "time": 33.333,
      "parameters": {"GEMMK": 0,"KREG": 1,"KWG": 32,"KWI": 2,"MDIMA": 16,"MDIMC": 8,"MWG": 32,"NDIMB": 32,"NDIMC": 16,"NWG": 128,"PRECISION": 32,"SA": 0,"SB": 1,"STRM": 1,"STRN": 1,"VWM": 1,"VWN": 1}
    },
    {
      "kernel": "Xgemm",
      "time": 43.404,
      "parameters": {"GEMMK": 0,"KREG": 1,"KWG": 32,"KWI": 2,"MDIMA": 8,"MDIMC": 16,"MWG": 128,"NDIMB": 8,"NDIMC": 16,"NWG": 16,"PRECISION": 32,"SA": 0,"SB": 1,"STRM": 1,"STRN": 1,"VWM": 1,"VWN": 1}
    },
    {
      "kernel": "Xgemm",
      "time": 44.714,
      "parameters": {"GEMMK": 0,"KREG": 1,"KWG": 16,"KWI": 2,"MDIMA": 16,"MDIMC": 16,"MWG": 32,"NDIMB": 32,"NDIMC": 16,"NWG": 32,"PRECISION": 32,"SA": 0,"SB": 0,"STRM": 1,"STRN": 1,"VWM": 1,"VWN": 1}
    },
    {
      "kernel": "Xgemm",
      "time": 53.909,
      "parameters": {"GEMMK": 0,"KREG": 1,"KWG": 32,"KWI": 2,"MDIMA": 16,"MDIMC": 8,"MWG": 128,"NDIMB": 32,"NDIMC": 32,"NWG": 64,"PRECISION": 32,"SA": 0,"SB": 0,"STRM": 1,"STRN": 1,"VWM": 8,"VWN": 2}
    },
    {
      "kernel": "Xgemm",
      "time": 41.091,
      "parameters": {"GEMMK": 0,"KREG": 1,"KWG": 16,"KWI": 2,"MDIMA": 8,"MDIMC": 16,"MWG": 32,"NDIMB": 32,"NDIMC": 8,"NWG": 128,"PRECISION": 32,"SA": 1,"SB": 1,"STRM": 0,"STRN": 1,"VWM": 1,"VWN": 4}
    },
    {
      "kernel": "Xgemm",
      "time": 39.196,
      "parameters": {"GEMMK": 0,"KREG": 1,"KWG": 16,"KWI": 2,"MDIMA": 8,"MDIMC": 16,"MWG": 128,"NDIMB": 32,"NDIMC": 8,"NWG": 128,"PRECISION": 32,"SA": 1,"SB": 1,"STRM": 1,"STRN": 0,"VWM": 1,"VWN": 2}
    },
    {
      "kernel": "Xgemm",
      "time": 561.427,
      "parameters": {"GEMMK": 0,"KREG": 1,"KWG": 16,"KWI": 2,"MDIMA": 8,"MDIMC": 16,"MWG": 64,"NDIMB": 16,"NDIMC": 8,"NWG": 128,"PRECISION": 32,"SA": 0,"SB": 0,"STRM": 1,"STRN": 1,"VWM": 4,"VWN": 1}
    },
    {
      "kernel": "Xgemm",
      "time": 36.159,
      "parameters": {"GEMMK": 0,"KREG": 1,"KWG": 16,"KWI": 2,"MDIMA": 16,"MDIMC": 16,"MWG": 64,"NDIMB": 8,"NDIMC": 8,"NWG": 128,"PRECISION": 32,"SA": 0,"SB": 1,"STRM": 1,"STRN": 1,"VWM": 1,"VWN": 8}
    },
    {
      "kernel": "Xgemm",
      "time": 10.860,
      "parameters": {"GEMMK": 0,"KREG": 1,"KWG": 32,"KWI": 2,"MDIMA": 16,"MDIMC": 16,"MWG": 128,"NDIMB": 32,"NDIMC": 16,"NWG": 64,"PRECISION": 32,"SA": 1,"SB": 0,"STRM": 1,"STRN": 1,"VWM": 2,"VWN": 1}
    },
    {
      "kernel": "Xgemm",
      "time": 15.190,
      "parameters": {"GEMMK": 0,"KREG": 1,"KWG": 32,"KWI": 2,"MDIMA": 8,"MDIMC": 16,"MWG": 32,"NDIMB": 32,"NDIMC": 8,"NWG": 64,"PRECISION": 32,"SA": 0,"SB": 1,"STRM": 1,"STRN": 0,"VWM": 2,"VWN": 1}
    },
    {
      "kernel": "Xgemm",
      "time": 29.155,
      "parameters": {"GEMMK": 0,"KREG": 1,"KWG": 16,"KWI": 2,"MDIMA": 8,"MDIMC": 8,"MWG": 128,"NDIMB": 16,"NDIMC": 16,"NWG": 128,"PRECISION": 32,"SA": 1,"SB": 0,"STRM": 1,"STRN": 0,"VWM": 2,"VWN": 2}
    },
    {
      "kernel": "Xgemm",
      "time": 105.535,
      "parameters": {"GEMMK": 0,"KREG": 1,"KWG": 16,"KWI": 2,"MDIMA": 16,"MDIMC": 16,"MWG": 16,"NDIMB": 16,"NDIMC": 16,"NWG": 64,"PRECISION": 32,"SA": 1,"SB": 0,"STRM": 0,"STRN": 0,"VWM": 1,"VWN": 1}
    },
    {
      "kernel": "Xgemm",
      "time": 11.111,
      "parameters": {"GEMMK": 0,"KREG": 1,"KWG": 32,"KWI": 2,"MDIMA": 16,"MDIMC": 32,"MWG": 128,"NDIMB": 8,"NDIMC": 8,"NWG": 64,"PRECISION": 32,"SA": 1,"SB": 1,"STRM": 0,"STRN": 0,"VWM": 4,"VWN": 2}
    },
    {
      "kernel": "Xgemm",
      "time": 30.128,
      "parameters": {"GEMMK": 0,"KREG": 1,"KWG": 32,"KWI": 2,"MDIMA": 16,"MDIMC": 8,"MWG": 128,"NDIMB": 16,"NDIMC": 8,"NWG": 64,"PRECISION": 32,"SA": 1,"SB": 1,"STRM": 1,"STRN": 1,"VWM": 4,"VWN": 1}
    },
    {
      "kernel": "Xgemm",
      "time": 27.246,
      "parameters": {"GEMMK": 0,"KREG": 1,"KWG": 16,"KWI": 2,"MDIMA": 8,"MDIMC": 8,"MWG": 128,"NDIMB": 32,"NDIMC": 16,"NWG": 128,"PRECISION": 32,"SA": 0,"SB": 1,"STRM": 1,"STRN": 1,"VWM": 4,"VWN": 2}
    },
    {
      "kernel": "Xgemm",
      "time": 28.589,
      "parameters": {"GEMMK": 0,"KREG": 1,"KWG": 32,"KWI": 2,"MDIMA": 32,"MDIMC": 8,"MWG": 128,"NDIMB": 16,"NDIMC": 8,"NWG": 64,"PRECISION": 32,"SA": 1,"SB": 1,"STRM": 0,"STRN": 0,"VWM": 4,"VWN": 4}
    },
    {
      "kernel": "Xgemm",
      "time": 82.990,
      "parameters": {"GEMMK": 0,"KREG": 1,"KWG": 32,"KWI": 2,"MDIMA": 8,"MDIMC": 16,"MWG": 128,"NDIMB": 16,"NDIMC": 8,"NWG": 128,"PRECISION": 32,"SA": 0,"SB": 0,"STRM": 1,"STRN": 0,"VWM": 8,"VWN": 2}
    },
    {
      "kernel": "Xgemm",
      "time": 35.214,
      "parameters": {"GEMMK": 0,"KREG": 1,"KWG": 16,"KWI": 2,"MDIMA": 8,"MDIMC": 8,"MWG": 32,"NDIMB": 32,"NDIMC": 8,"NWG": 32,"PRECISION": 32,"SA": 0,"SB": 1,"STRM": 1,"STRN": 1,"VWM": 4,"VWN": 1}
    },
    {
      "kernel": "Xgemm",
      "time": 37.655,
      "parameters": {"GEMMK": 0,"KREG": 1,"KWG": 16,"KWI": 2,"MDIMA": 8,"MDIMC": 8,"MWG": 32,"NDIMB": 16,"NDIMC": 8,"NWG": 16,"PRECISION": 32,"SA": 1,"SB": 0,"STRM": 0,"STRN": 0,"VWM": 2,"VWN": 1}
    },
    {
      "kernel": "Xgemm",
      "time": 13.064,
      "parameters": {"GEMMK": 0,"KREG": 1,"KWG": 16,"KWI": 2,"MDIMA": 8,"MDIMC": 16,"MWG": 32,"NDIMB": 16,"NDIMC": 8,"NWG": 128,"PRECISION": 32,"SA": 0,"SB": 1,"STRM": 1,"STRN": 0,"VWM": 2,"VWN": 8}
    },
    {
      "kernel": "Xgemm",
      "time": 23.913,
      "parameters": {"GEMMK": 0,"KREG": 1,"KWG": 32,"KWI": 2,"MDIMA": 32,"MDIMC": 8,"MWG": 64,"NDIMB": 32,"NDIMC": 16,"NWG": 32,"PRECISION": 32,"SA": 1,"SB": 0,"STRM": 0,"STRN": 1,"VWM": 1,"VWN": 1}
    },
    {
      "kernel": "Xgemm",
      "time": 139.083,
      "parameters": {"GEMMK": 0,"KREG": 1,"KWG": 32,"KWI": 2,"MDIMA": 8,"MDIMC": 8,"MWG": 64,"NDIMB": 16,"NDIMC": 16,"NWG": 16,"PRECISION": 32,"SA": 0,"SB": 0,"STRM": 1,"STRN": 0,"VWM": 2,"VWN": 1}
    },
    {
      "kernel": "Xgemm",
      "time": 11.466,
      "parameters": {"GEMMK": 0,"KREG": 1,"KWG": 32,"KWI": 2,"MDIMA": 8,"MDIMC": 32,"MWG": 64,"NDIMB": 16,"NDIMC": 8,"NWG": 128,"PRECISION": 32,"SA": 0,"SB": 0,"STRM": 1,"STRN": 0,"VWM": 2,"VWN": 4}
    },
    {
      "kernel": "Xgemm",
      "time": 21.819,
      "parameters": {"GEMMK": 0,"KREG": 1,"KWG": 32,"KWI": 2,"MDIMA": 16,"MDIMC": 8,"MWG": 16,"NDIMB": 8,"NDIMC": 16,"NWG": 128,"PRECISION": 32,"SA": 1,"SB": 1,"STRM": 1,"STRN": 1,"VWM": 1,"VWN": 8}
    },
    {
      "kernel": "Xgemm",
      "time": 12.869,
      "parameters": {"GEMMK": 0,"KREG": 1,"KWG": 32,"KWI": 2,"MDIMA": 8,"MDIMC": 8,"MWG": 32,"NDIMB": 32,"NDIMC": 16,"NWG": 128,"PRECISION": 32,"SA": 1,"SB": 1,"STRM": 0,"STRN": 0,"VWM": 2,"VWN": 4}
    },
    {
      "kernel": "Xgemm",
      "time": 44.757,
      "parameters": {"GEMMK": 0,"KREG": 1,"KWG": 32,"KWI": 2,"MDIMA": 8,"MDIMC": 8,"MWG": 32,"NDIMB": 16,"NDIMC": 8,"NWG": 128,"PRECISION": 32,"SA": 1,"SB": 1,"STRM": 0,"STRN": 1,"VWM": 4,"VWN": 1}
    },
    {
      "kernel": "Xgemm",
      "time": 26.353,
      "parameters": {"GEMMK": 0,"KREG": 1,"KWG": 32,"KWI": 2,"MDIMA": 32,"MDIMC": 32,"MWG": 64,"NDIMB": 32,"NDIMC": 8,"NWG": 128,"PRECISION": 32,"SA": 1,"SB": 1,"STRM": 0,"STRN": 1,"VWM": 1,"VWN": 2}
    },
    {
      "kernel": "Xgemm",
      "time": 122.940,
      "parameters": {"GEMMK": 0,"KREG": 1,"KWG": 32,"KWI": 2,"MDIMA": 8,"MDIMC": 32,"MWG": 32,"NDIMB": 8,"NDIMC": 8,"NWG": 32,"PRECISION": 32,"SA": 0,"SB": 0,"STRM": 0,"STRN": 0,"VWM": 1,"VWN": 1}
    },
    {
      "kernel": "Xgemm",
      "time": 19.134,
      "parameters": {"GEMMK": 0,"KREG": 1,"KWG": 16,"KWI": 2,"MDIMA": 8,"MDIMC": 8,"MWG": 16,"NDIMB": 16,"NDIMC": 8,"NWG": 64,"PRECISION": 32,"SA": 1,"SB": 1,"STRM": 1,"STRN": 0,"VWM": 2,"VWN": 2}
    },
    {
      "kernel": "Xgemm",
      "time": 25.906,
      "parameters": {"GEMMK": 0,"KREG": 1,"KWG": 32,"KWI": 2,"MDIMA": 16,"MDIMC": 8,"MWG": 64,"NDIMB": 8,"NDIMC": 16,"NWG": 128,"PRECISION": 32,"SA": 1,"SB": 1,"STRM": 1,"STRN": 1,"VWM": 2,"VWN": 1}
    },
    {
      "kernel": "Xgemm",
      "time": 38.186,
      "parameters": {"GEMMK": 0,"KREG": 1,"KWG": 16,"KWI": 2,"MDIMA": 16,"MDIMC": 8,"MWG": 32,"NDIMB": 8,"NDIMC": 16,"NWG": 64,"PRECISION": 32,"SA": 0,"SB": 1,"STRM": 0,"STRN": 1,"VWM": 2,"VWN": 1}
    },
    {
      "kernel": "Xgemm",
      "time": 32.450,
      "parameters": {"GEMMK": 0,"KREG": 1,"KWG": 16,"KWI": 2,"MDIMA": 16,"MDIMC": 8,"MWG": 64,"NDIMB": 8,"NDIMC": 16,"NWG": 128,"PRECISION": 32,"SA": 1,"SB": 0,"STRM": 1,"STRN": 0,"VWM": 1,"VWN": 1}
    },
    {
      "kernel": "Xgemm",
      "time": 11.967,
      "parameters": {"GEMMK": 0,"KREG": 1,"KWG": 32,"KWI": 2,"MDIMA": 8,"MDIMC": 8,"MWG": 16,"NDIMB": 16,"NDIMC": 16,"NWG": 128,"PRECISION": 32,"SA": 1,"SB": 0,"STRM": 0,"STRN": 1,"VWM": 2,"VWN": 4}
    },
    {
      "kernel": "Xgemm",
      "time": 25.841,
      "parameters": {"GEMMK": 0,"KREG": 1,"KWG": 32,"KWI": 2,"MDIMA": 8,"MDIMC": 16,"MWG": 128,"NDIMB": 8,"NDIMC": 8,"NWG": 64,"PRECISION": 32,"SA": 0,"SB": 0,"STRM": 0,"STRN": 0,"VWM": 2,"VWN": 1}
    },
    {
      "kernel": "Xgemm",
      "time": 24.634,
      "parameters": {"GEMMK": 0,"KREG": 1,"KWG": 32,"KWI": 2,"MDIMA": 16,"MDIMC": 8,"MWG": 64,"NDIMB": 16,"NDIMC": 32,"NWG": 128,"PRECISION": 32,"SA": 0,"SB": 1,"STRM": 1,"STRN": 0,"VWM": 2,"VWN": 2}
    },
    {
      "kernel": "Xgemm",
      "time": 33.339,
      "parameters": {"GEMMK": 0,"KREG": 1,"KWG": 32,"KWI": 2,"MDIMA": 32,"MDIMC": 8,"MWG": 64,"NDIMB": 32,"NDIMC": 8,"NWG": 32,"PRECISION": 32,"SA": 1,"SB": 0,"STRM": 1,"STRN": 0,"VWM": 1,"VWN": 1}
    },
    {
      "kernel": "Xgemm",
      "time": 18.295,
      "parameters": {"GEMMK": 0,"KREG": 1,"KWG": 16,"KWI": 2,"MDIMA": 8,"MDIMC": 8,"MWG": 32,"NDIMB": 16,"NDIMC": 16,"NWG": 64,"PRECISION": 32,"SA": 1,"SB": 1,"STRM": 1,"STRN": 0,"VWM": 1,"VWN": 4}
    },
    {
      "kernel": "Xgemm",
      "time": 27.542,
      "parameters": {"GEMMK": 0,"KREG": 1,"KWG": 32,"KWI": 2,"MDIMA": 8,"MDIMC": 16,"MWG": 64,"NDIMB": 16,"NDIMC": 16,"NWG": 32,"PRECISION": 32,"SA": 0,"SB": 1,"STRM": 1,"STRN": 0,"VWM": 1,"VWN": 2}
    },
    {
      "kernel": "Xgemm",
      "time": 11.097,
      "parameters": {"GEMMK": 0,"KREG": 1,"KWG": 32,"KWI": 2,"MDIMA": 32,"MDIMC": 8,"MWG": 32,"NDIMB": 16,"NDIMC": 32,"NWG": 128,"PRECISION": 32,"SA": 1,"SB": 0,"STRM": 0,"STRN": 0,"VWM": 1,"VWN": 4}
    },
    {
      "kernel": "Xgemm",
      "time": 20.075,
      "parameters": {"GEMMK": 0,"KREG": 1,"KWG": 32,"KWI": 2,"MDIMA": 32,"MDIMC": 16,"MWG": 64,"NDIMB": 16,"NDIMC": 32,"NWG": 128,"PRECISION": 32,"SA": 0,"SB": 0,"STRM": 1,"STRN": 0,"VWM": 2,"VWN": 2}
    },
    {
      "kernel": "Xgemm",
      "time": 19.691,
      "parameters": {"GEMMK": 0,"KREG": 1,"KWG": 32,"KWI": 2,"MDIMA": 8,"MDIMC": 8,"MWG": 32,"NDIMB": 32,"NDIMC": 32,"NWG": 64,"PRECISION": 32,"SA": 1,"SB": 1,"STRM": 1,"STRN": 1,"VWM": 2,"VWN": 2}
    },
    {
      "kernel": "Xgemm",
      "time": 28.369,
      "parameters": {"GEMMK": 0,"KREG": 1,"KWG": 32,"KWI": 2,"MDIMA": 32,"MDIMC": 32,"MWG": 64,"NDIMB": 16,"NDIMC": 16,"NWG": 64,"PRECISION": 32,"SA": 1,"SB": 0,"STRM": 0,"STRN": 1,"VWM": 1,"VWN": 2}
    },
    {
      "kernel": "Xgemm",
      "time": 26.969,
      "parameters": {"GEMMK": 0,"KREG": 1,"KWG": 16,"KWI": 2,"MDIMA": 16,"MDIMC": 8,"MWG": 128,"NDIMB": 32,"NDIMC": 32,"NWG": 64,"PRECISION": 32,"SA": 1,"SB": 1,"STRM": 0,"STRN": 1,"VWM": 8,"VWN": 1}
    },
    {
      "kernel": "Xgemm",
      "time": 8.922,
      "parameters": {"GEMMK": 0,"KREG": 1,"KWG": 32,"KWI": 2,"MDIMA": 16,"MDIMC": 32,"MWG": 128,"NDIMB": 8,"NDIMC": 8,"NWG": 128,"PRECISION": 32,"SA": 1,"SB": 0,"STRM": 1,"STRN": 0,"VWM": 4,"VWN": 8}
    },
    {
      "kernel": "Xgemm",
      "time": 20.695,
      "parameters": {"GEMMK": 0,"KREG": 1,"KWG": 32,"KWI": 2,"MDIMA": 8,"MDIMC": 8,"MWG": 16,"NDIMB": 8,"NDIMC": 16,"NWG": 128,"PRECISION": 32,"SA": 1,"SB": 1,"STRM": 0,"STRN": 0,"VWM": 2,"VWN": 4}
    },
    {
      "kernel": "Xgemm",
      "time": 35.055,
      "parameters": {"GEMMK": 0,"KREG": 1,"KWG": 16,"KWI": 2,"MDIMA": 16,"MDIMC": 16,"MWG": 32,"NDIMB": 16,"NDIMC": 16,"NWG": 64,"PRECISION": 32,"SA": 1,"SB": 0,"STRM": 1,"STRN": 1,"VWM": 2,"VWN": 1}
    },
    {
      "kernel": "Xgemm",
      "time": 33.163,
      "parameters": {"GEMMK": 0,"KREG": 1,"KWG": 16,"KWI": 2,"MDIMA": 32,"MDIMC": 8,"MWG": 128,"NDIMB": 16,"NDIMC": 16,"NWG": 64,"PRECISION": 32,"SA": 0,"SB": 0,"STRM": 1,"STRN": 1,"VWM": 1,"VWN": 2}
    },
    {
      "kernel": "Xgemm",
      "time": 47.291,
      "parameters": {"GEMMK": 0,"KREG": 1,"KWG": 32,"KWI": 2,"MDIMA": 16,"MDIMC": 8,"MWG": 32,"NDIMB": 8,"NDIMC": 8,"NWG": 64,"PRECISION": 32,"SA": 0,"SB": 1,"STRM": 0,"STRN": 1,"VWM": 1,"VWN": 4}
    },
    {
      "kernel": "Xgemm",
      "time": 25.475,
      "parameters": {"GEMMK": 0,"KREG": 1,"KWG": 32,"KWI": 2,"MDIMA": 32,"MDIMC": 16,"MWG": 64,"NDIMB": 16,"NDIMC": 32,"NWG": 64,"PRECISION": 32,"SA": 1,"SB": 0,"STRM": 0,"STRN": 1,"VWM": 1,"VWN": 1}
    },
    {
      "kernel": "Xgemm",
      "time": 36.583,
      "parameters": {"GEMMK": 0,"KREG": 1,"KWG": 32,"KWI": 2,"MDIMA": 8,"MDIMC": 8,"MWG": 128,"NDIMB": 16,"NDIMC": 16,"NWG": 64,"PRECISION": 32,"SA": 1,"SB": 0,"STRM": 0,"STRN": 1,"VWM": 2,"VWN": 2}
    },
    {
      "kernel": "Xgemm",
      "time": 32.282,
      "parameters": {"GEMMK": 0,"KREG": 1,"KWG": 16,"KWI": 2,"MDIMA": 16,"MDIMC": 8,"MWG": 16,"NDIMB": 8,"NDIMC": 8,"NWG": 32,"PRECISION": 32,"SA": 1,"SB": 1,"STRM": 0,"STRN": 1,"VWM": 1,"VWN": 4}
    },
    {
      "kernel": "Xgemm",
      "time": 24.880,
      "parameters": {"GEMMK": 0,"KREG": 1,"KWG": 32,"KWI": 2,"MDIMA": 8,"MDIMC": 8,"MWG": 32,"NDIMB": 16,"NDIMC": 8,"NWG": 64,"PRECISION": 32,"SA": 0,"SB": 0,"STRM": 0,"STRN": 0,"VWM": 2,"VWN": 2}
    },
    {
      "kernel": "Xgemm",
      "time": 64.671,
      "parameters": {"GEMMK": 0,"KREG": 1,"KWG": 32,"KWI": 2,"MDIMA": 32,"MDIMC": 8,"MWG": 128,"NDIMB": 8,"NDIMC": 16,"NWG": 64,"PRECISION": 32,"SA": 0,"SB": 1,"STRM": 0,"STRN": 1,"VWM": 1,"VWN": 2}
    },
    {
      "kernel": "Xgemm",
      "time": 34.941,
      "parameters": {"GEMMK": 0,"KREG": 1,"KWG": 32,"KWI": 2,"MDIMA": 32,"MDIMC": 32,"MWG": 64,"NDIMB": 8,"NDIMC": 8,"NWG": 16,"PRECISION": 32,"SA": 0,"SB": 1,"STRM": 1,"STRN": 1,"VWM": 2,"VWN": 2}
    },
    {
      "kernel": "Xgemm",
      "time": 18.170,
      "parameters": {"GEMMK": 0,"KREG": 1,"KWG": 16,"KWI": 2,"MDIMA": 32,"MDIMC": 16,"MWG": 64,"NDIMB": 16,"NDIMC": 16,"NWG": 64,"PRECISION": 32,"SA": 1,"SB": 1,"STRM": 1,"STRN": 1,"VWM": 1,"VWN": 2}
    },
    {
      "kernel": "Xgemm",
      "time": 47.395,
      "parameters": {"GEMMK": 0,"KREG": 1,"KWG": 16,"KWI": 2,"MDIMA": 32,"MDIMC": 16,"MWG": 32,"NDIMB": 8,"NDIMC": 8,"NWG": 32,"PRECISION": 32,"SA": 0,"SB": 0,"STRM": 0,"STRN": 1,"VWM": 1,"VWN": 4}
    },
    {
      "kernel": "Xgemm",
      "time": 38.759,
      "parameters": {"GEMMK": 0,"KREG": 1,"KWG": 32,"KWI": 2,"MDIMA": 8,"MDIMC": 8,"MWG": 64,"NDIMB": 32,"NDIMC": 16,"NWG": 32,"PRECISION": 32,"SA": 0,"SB": 1,"STRM": 1,"STRN": 1,"VWM": 4,"VWN": 1}
    },
    {
      "kernel": "Xgemm",
      "time": 41.573,
      "parameters": {"GEMMK": 0,"KREG": 1,"KWG": 16,"KWI": 2,"MDIMA": 16,"MDIMC": 8,"MWG": 64,"NDIMB": 16,"NDIMC": 16,"NWG": 64,"PRECISION": 32,"SA": 1,"SB": 0,"STRM": 1,"STRN": 1,"VWM": 1,"VWN": 2}
    },
    {
      "kernel": "Xgemm",
      "time": 30.939,
      "parameters": {"GEMMK": 0,"KREG": 1,"KWG": 16,"KWI": 2,"MDIMA": 8,"MDIMC": 8,"MWG": 128,"NDIMB": 16,"NDIMC": 8,"NWG": 32,"PRECISION": 32,"SA": 0,"SB": 0,"STRM": 1,"STRN": 0,"VWM": 8,"VWN": 1}
    },
    {
      "kernel": "Xgemm",
      "time": 26.546,
      "parameters": {"GEMMK": 0,"KREG": 1,"KWG": 16,"KWI": 2,"MDIMA": 16,"MDIMC": 16,"MWG": 128,"NDIMB": 16,"NDIMC": 8,"NWG": 64,"PRECISION": 32,"SA": 0,"SB": 1,"STRM": 1,"STRN": 0,"VWM": 2,"VWN": 1}
    },
    {
      "kernel": "Xgemm",
      "time": 15.928,
      "parameters": {"GEMMK": 0,"KREG": 1,"KWG": 32,"KWI": 2,"MDIMA": 8,"MDIMC": 32,"MWG": 128,"NDIMB": 8,"NDIMC": 8,"NWG": 32,"PRECISION": 32,"SA": 1,"SB": 1,"STRM": 0,"STRN": 0,"VWM": 4,"VWN": 2}
    },
    {
      "kernel": "Xgemm",
      "time": 13.639,
      "parameters": {"GEMMK": 0,"KREG": 1,"KWG": 32,"KWI": 2,"MDIMA": 16,"MDIMC": 16,"MWG": 128,"NDIMB": 8,"NDIMC": 16,"NWG": 64,"PRECISION": 32,"SA": 1,"SB": 1,"STRM": 0,"STRN": 1,"VWM": 4,"VWN": 1}
    },
    {
      "kernel": "Xgemm",
      "time": 153.800,
      "parameters": {"GEMMK": 0,"KREG": 1,"KWG": 32,"KWI": 2,"MDIMA": 32,"MDIMC": 8,"MWG": 64,"NDIMB": 8,"NDIMC": 16,"NWG": 16,"PRECISION": 32,"SA": 0,"SB": 0,"STRM": 0,"STRN": 0,"VWM": 2,"VWN": 1}
    },
    {
      "kernel": "Xgemm",
      "time": 24.069,
      "parameters": {"GEMMK": 0,"KREG": 1,"KWG": 16,"KWI": 2,"MDIMA": 32,"MDIMC": 8,"MWG": 64,"NDIMB": 32,"NDIMC": 32,"NWG": 64,"PRECISION": 32,"SA": 1,"SB": 1,"STRM": 0,"STRN": 1,"VWM": 1,"VWN": 1}
    },
    {
      "kernel": "Xgemm",
      "time": 536.422,
      "parameters": {"GEMMK": 0,"KREG": 1,"KWG": 16,"KWI": 2,"MDIMA": 16,"MDIMC": 8,"MWG": 128,"NDIMB": 16,"NDIMC": 8,"NWG": 128,"PRECISION": 32,"SA": 1,"SB": 0,"STRM": 1,"STRN": 0,"VWM": 2,"VWN": 1}
    },
    {
      "kernel": "Xgemm",
      "time": 28.884,
      "parameters": {"GEMMK": 0,"KREG": 1,"KWG": 16,"KWI": 2,"MDIMA": 32,"MDIMC": 8,"MWG": 64,"NDIMB": 8,"NDIMC": 16,"NWG": 128,"PRECISION": 32,"SA": 1,"SB": 1,"STRM": 0,"STRN": 1,"VWM": 1,"VWN": 1}
    },
    {
      "kernel": "Xgemm",
      "time": 31.084,
      "parameters": {"GEMMK": 0,"KREG": 1,"KWG": 32,"KWI": 2,"MDIMA": 32,"MDIMC": 32,"MWG": 128,"NDIMB": 32,"NDIMC": 16,"NWG": 128,"PRECISION": 32,"SA": 0,"SB": 0,"STRM": 0,"STRN": 0,"VWM": 1,"VWN": 4}
    },
    {
      "kernel": "Xgemm",
      "time": 14.807,
      "parameters": {"GEMMK": 0,"KREG": 1,"KWG": 32,"KWI": 2,"MDIMA": 32,"MDIMC": 32,"MWG": 128,"NDIMB": 8,"NDIMC": 8,"NWG": 128,"PRECISION": 32,"SA": 0,"SB": 0,"STRM": 0,"STRN": 1,"VWM": 2,"VWN": 8}
    },
    {
      "kernel": "Xgemm",
      "time": 25.828,
      "parameters": {"GEMMK": 0,"KREG": 1,"KWG": 32,"KWI": 2,"MDIMA": 16,"MDIMC": 32,"MWG": 128,"NDIMB": 32,"NDIMC": 16,"NWG": 32,"PRECISION": 32,"SA": 0,"SB": 1,"STRM": 1,"STRN": 0,"VWM": 2,"VWN": 1}
    },
    {
      "kernel": "Xgemm",
      "time": 19.226,
      "parameters": {"GEMMK": 0,"KREG": 1,"KWG": 16,"KWI": 2,"MDIMA": 8,"MDIMC": 16,"MWG": 32,"NDIMB": 16,"NDIMC": 8,"NWG": 64,"PRECISION": 32,"SA": 1,"SB": 1,"STRM": 1,"STRN": 0,"VWM": 1,"VWN": 2}
    },
    {
      "kernel": "Xgemm",
      "time": 40.477,
      "parameters": {"GEMMK": 0,"KREG": 1,"KWG": 16,"KWI": 2,"MDIMA": 16,"MDIMC": 8,"MWG": 128,"NDIMB": 8,"NDIMC": 16,"NWG": 128,"PRECISION": 32,"SA": 0,"SB": 0,"STRM": 1,"STRN": 1,"VWM": 2,"VWN": 8}
    },
    {
      "kernel": "Xgemm",
      "time": 28.295,
      "parameters": {"GEMMK": 0,"KREG": 1,"KWG": 32,"KWI": 2,"MDIMA": 16,"MDIMC": 8,"MWG": 128,"NDIMB": 16,"NDIMC": 8,"NWG": 32,"PRECISION": 32,"SA": 0,"SB": 0,"STRM": 1,"STRN": 0,"VWM": 8,"VWN": 2}
    },
    {
      "kernel": "Xgemm",
      "time": 15.787,
      "parameters": {"GEMMK": 0,"KREG": 1,"KWG": 32,"KWI": 2,"MDIMA": 8,"MDIMC": 8,"MWG": 128,"NDIMB": 16,"NDIMC": 16,"NWG": 32,"PRECISION": 32,"SA": 1,"SB": 0,"STRM": 1,"STRN": 0,"VWM": 4,"VWN": 2}
    },
    {
      "kernel": "Xgemm",
      "time": 37.775,
      "parameters": {"GEMMK": 0,"KREG": 1,"KWG": 32,"KWI": 2,"MDIMA": 8,"MDIMC": 8,"MWG": 32,"NDIMB": 8,"NDIMC": 16,"NWG": 128,"PRECISION": 32,"SA": 0,"SB": 0,"STRM": 0,"STRN": 1,"VWM": 1,"VWN": 1}
    },
    {
      "kernel": "Xgemm",
      "time": 12.007,
      "parameters": {"GEMMK": 0,"KREG": 1,"KWG": 32,"KWI": 2,"MDIMA": 16,"MDIMC": 16,"MWG": 64,"NDIMB": 8,"NDIMC": 8,"NWG": 64,"PRECISION": 32,"SA": 0,"SB": 1,"STRM": 1,"STRN": 0,"VWM": 4,"VWN": 2}
    },
    {
      "kernel": "Xgemm",
      "time": 43.233,
      "parameters": {"GEMMK": 0,"KREG": 1,"KWG": 32,"KWI": 2,"MDIMA": 32,"MDIMC": 16,"MWG": 128,"NDIMB": 16,"NDIMC": 16,"NWG": 128,"PRECISION": 32,"SA": 0,"SB": 1,"STRM": 0,"STRN": 0,"VWM": 1,"VWN": 1}
    },
    {
      "kernel": "Xgemm",
      "time": 21.286,
      "parameters": {"GEMMK": 0,"KREG": 1,"KWG": 32,"KWI": 2,"MDIMA": 16,"MDIMC": 16,"MWG": 32,"NDIMB": 8,"NDIMC": 8,"NWG": 32,"PRECISION": 32,"SA": 1,"SB": 1,"STRM": 0,"STRN": 0,"VWM": 1,"VWN": 2}
    },
    {
      "kernel": "Xgemm",
      "time": 79.812,
      "parameters": {"GEMMK": 0,"KREG": 1,"KWG": 16,"KWI": 2,"MDIMA": 16,"MDIMC": 8,"MWG": 16,"NDIMB": 32,"NDIMC": 8,"NWG": 32,"PRECISION": 32,"SA": 0,"SB": 1,"STRM": 0,"STRN": 1,"VWM": 1,"VWN": 1}
    },
    {
      "kernel": "Xgemm",
      "time": 28.777,
      "parameters": {"GEMMK": 0,"KREG": 1,"KWG": 32,"KWI": 2,"MDIMA": 32,"MDIMC": 16,"MWG": 128,"NDIMB": 8,"NDIMC": 8,"NWG": 64,"PRECISION": 32,"SA": 1,"SB": 1,"STRM": 0,"STRN": 0,"VWM": 1,"VWN": 4}
    },
    {
      "kernel": "Xgemm",
      "time": 29.012,
      "parameters": {"GEMMK": 0,"KREG": 1,"KWG": 16,"KWI": 2,"MDIMA": 16,"MDIMC": 8,"MWG": 16,"NDIMB": 16,"NDIMC": 32,"NWG": 128,"PRECISION": 32,"SA": 1,"SB": 0,"STRM": 0,"STRN": 0,"VWM": 1,"VWN": 2}
    },
    {
      "kernel": "Xgemm",
      "time": 34.721,
      "parameters": {"GEMMK": 0,"KREG": 1,"KWG": 32,"KWI": 2,"MDIMA": 32,"MDIMC": 8,"MWG": 64,"NDIMB": 8,"NDIMC": 16,"NWG": 64,"PRECISION": 32,"SA": 0,"SB": 1,"STRM": 0,"STRN": 0,"VWM": 2,"VWN": 4}
    },
    {
      "kernel": "Xgemm",
      "time": 27.060,
      "parameters": {"GEMMK": 0,"KREG": 1,"KWG": 16,"KWI": 2,"MDIMA": 16,"MDIMC": 16,"MWG": 128,"NDIMB": 16,"NDIMC": 16,"NWG": 64,"PRECISION": 32,"SA": 0,"SB": 0,"STRM": 0,"STRN": 0,"VWM": 8,"VWN": 2}
    },
    {
      "kernel": "Xgemm",
      "time": 36.719,
      "parameters": {"GEMMK": 0,"KREG": 1,"KWG": 16,"KWI": 2,"MDIMA": 16,"MDIMC": 8,"MWG": 32,"NDIMB": 16,"NDIMC": 8,"NWG": 128,"PRECISION": 32,"SA": 1,"SB": 1,"STRM": 0,"STRN": 1,"VWM": 1,"VWN": 4}
    },
    {
      "kernel": "Xgemm",
      "time": 14.197,
      "parameters": {"GEMMK": 0,"KREG": 1,"KWG": 32,"KWI": 2,"MDIMA": 8,"MDIMC": 8,"MWG": 16,"NDIMB": 16,"NDIMC": 8,"NWG": 64,"PRECISION": 32,"SA": 1,"SB": 0,"STRM": 1,"STRN": 0,"VWM": 2,"VWN": 2}
    },
    {
      "kernel": "Xgemm",
      "time": 13.068,
      "parameters": {"GEMMK": 0,"KREG": 1,"KWG": 32,"KWI": 2,"MDIMA": 8,"MDIMC": 16,"MWG": 32,"NDIMB": 32,"NDIMC": 8,"NWG": 128,"PRECISION": 32,"SA": 0,"SB": 1,"STRM": 0,"STRN": 0,"VWM": 2,"VWN": 4}
    },
    {
      "kernel": "Xgemm",
      "time": 24.052,
      "parameters": {"GEMMK": 0,"KREG": 1,"KWG": 32,"KWI": 2,"MDIMA": 16,"MDIMC": 16,"MWG": 32,"NDIMB": 16,"NDIMC": 8,"NWG": 128,"PRECISION": 32,"SA": 1,"SB": 0,"STRM": 0,"STRN": 0,"VWM": 1,"VWN": 8}
    },
    {
      "kernel": "Xgemm",
      "time": 54.827,
      "parameters": {"GEMMK": 0,"KREG": 1,"KWG": 16,"KWI": 2,"MDIMA": 8,"MDIMC": 8,"MWG": 128,"NDIMB": 16,"NDIMC": 16,"NWG": 64,"PRECISION": 32,"SA": 1,"SB": 0,"STRM": 1,"STRN": 1,"VWM": 1,"VWN": 4}
    },
    {
      "kernel": "Xgemm",
      "time": 35.687,
      "parameters": {"GEMMK": 0,"KREG": 1,"KWG": 32,"KWI": 2,"MDIMA": 8,"MDIMC": 8,"MWG": 64,"NDIMB": 8,"NDIMC": 8,"NWG": 32,"PRECISION": 32,"SA": 1,"SB": 0,"STRM": 0,"STRN": 0,"VWM": 1,"VWN": 4}
    },
    {
      "kernel": "Xgemm",
      "time": 71.996,
      "parameters": {"GEMMK": 0,"KREG": 1,"KWG": 32,"KWI": 2,"MDIMA": 16,"MDIMC": 8,"MWG": 16,"NDIMB": 16,"NDIMC": 8,"NWG": 128,"PRECISION": 32,"SA": 1,"SB": 1,"STRM": 0,"STRN": 1,"VWM": 1,"VWN": 2}
    },
    {
      "kernel": "Xgemm",
      "time": 7.750,
      "parameters": {"GEMMK": 0,"KREG": 1,"KWG": 32,"KWI": 2,"MDIMA": 8,"MDIMC": 16,"MWG": 64,"NDIMB": 16,"NDIMC": 8,"NWG": 64,"PRECISION": 32,"SA": 1,"SB": 0,"STRM": 0,"STRN": 0,"VWM": 4,"VWN": 4}
    },
    {
      "kernel": "Xgemm",
      "time": 13.508,
      "parameters": {"GEMMK": 0,"KREG": 1,"KWG": 32,"KWI": 2,"MDIMA": 16,"MDIMC": 8,"MWG": 64,"NDIMB": 8,"NDIMC": 16,"NWG": 128,"PRECISION": 32,"SA": 0,"SB": 0,"STRM": 1,"STRN": 1,"VWM": 4,"VWN": 8}
    },
    {
      "kernel": "Xgemm",
      "time": 492.780,
      "parameters": {"GEMMK": 0,"KREG": 1,"KWG": 16,"KWI": 2,"MDIMA": 16,"MDIMC": 8,"MWG": 32,"NDIMB": 8,"NDIMC": 8,"NWG": 128,"PRECISION": 32,"SA": 0,"SB": 0,"STRM": 0,"STRN": 1,"VWM": 2,"VWN": 1}
    },
    {
      "kernel": "Xgemm",
      "time": 30.064,
      "parameters": {"GEMMK": 0,"KREG": 1,"KWG": 16,"KWI": 2,"MDIMA": 32,"MDIMC": 16,"MWG": 64,"NDIMB": 32,"NDIMC": 16,"NWG": 128,"PRECISION": 32,"SA": 0,"SB": 0,"STRM": 1,"STRN": 0,"VWM": 1,"VWN": 1}
    },
    {
      "kernel": "Xgemm",
      "time": 7.470,
      "parameters": {"GEMMK": 0,"KREG": 1,"KWG": 16,"KWI": 2,"MDIMA": 8,"MDIMC": 16,"MWG": 128,"NDIMB": 16,"NDIMC": 8,"NWG": 64,"PRECISION": 32,"SA": 0,"SB": 1,"STRM": 1,"STRN": 1,"VWM": 4,"VWN": 4}
    },
    {
      "kernel": "Xgemm",
      "time": 8.043,
      "parameters": {"GEMMK": 0,"KREG": 1,"KWG": 32,"KWI": 2,"MDIMA": 16,"MDIMC": 16,"MWG": 128,"NDIMB": 16,"NDIMC": 16,"NWG": 128,"PRECISION": 32,"SA": 1,"SB": 0,"STRM": 0,"STRN": 1,"VWM": 8,"VWN": 4}
    },
    {
      "kernel": "Xgemm",
      "time": 707.173,
      "parameters": {"GEMMK": 0,"KREG": 1,"KWG": 16,"KWI": 2,"MDIMA": 8,"MDIMC": 8,"MWG": 64,"NDIMB": 32,"NDIMC": 8,"NWG": 128,"PRECISION": 32,"SA": 0,"SB": 0,"STRM": 1,"STRN": 0,"VWM": 2,"VWN": 1}
    },
    {
      "kernel": "Xgemm",
      "time": 13.273,
      "parameters": {"GEMMK": 0,"KREG": 1,"KWG": 32,"KWI": 2,"MDIMA": 32,"MDIMC": 8,"MWG": 128,"NDIMB": 16,"NDIMC": 32,"NWG": 64,"PRECISION": 32,"SA": 1,"SB": 1,"STRM": 1,"STRN": 1,"VWM": 2,"VWN": 1}
    },
    {
      "kernel": "Xgemm",
      "time": 182.402,
      "parameters": {"GEMMK": 0,"KREG": 1,"KWG": 16,"KWI": 2,"MDIMA": 16,"MDIMC": 8,"MWG": 128,"NDIMB": 8,"NDIMC": 8,"NWG": 64,"PRECISION": 32,"SA": 0,"SB": 0,"STRM": 0,"STRN": 0,"VWM": 8,"VWN": 1}
    },
    {
      "kernel": "Xgemm",
      "time": 101.305,
      "parameters": {"GEMMK": 0,"KREG": 1,"KWG": 16,"KWI": 2,"MDIMA": 32,"MDIMC": 32,"MWG": 64,"NDIMB": 16,"NDIMC": 8,"NWG": 16,"PRECISION": 32,"SA": 0,"SB": 0,"STRM": 0,"STRN": 1,"VWM": 2,"VWN": 1}
    },
    {
      "kernel": "Xgemm",
      "time": 11.994,
      "parameters": {"GEMMK": 0,"KREG": 1,"KWG": 16,"KWI": 2,"MDIMA": 8,"MDIMC": 16,"MWG": 128,"NDIMB": 32,"NDIMC": 8,"NWG": 64,"PRECISION": 32,"SA": 0,"SB": 1,"STRM": 1,"STRN": 1,"VWM": 8,"VWN": 2}
    },
    {
      "kernel": "Xgemm",
      "time": 27.325,
      "parameters": {"GEMMK": 0,"KREG": 1,"KWG": 16,"KWI": 2,"MDIMA": 16,"MDIMC": 16,"MWG": 64,"NDIMB": 16,"NDIMC": 8,"NWG": 128,"PRECISION": 32,"SA": 1,"SB": 0,"STRM": 1,"STRN": 0,"VWM": 2,"VWN": 2}
    },
    {
      "kernel": "Xgemm",
      "time": 32.788,
      "parameters": {"GEMMK": 0,"KREG": 1,"KWG": 16,"KWI": 2,"MDIMA": 32,"MDIMC": 16,"MWG": 128,"NDIMB": 32,"NDIMC": 16,"NWG": 64,"PRECISION": 32,"SA": 0,"SB": 0,"STRM": 0,"STRN": 0,"VWM": 2,"VWN": 2}
    },
    {
      "kernel": "Xgemm",
      "time": 73.643,
      "parameters": {"GEMMK": 0,"KREG": 1,"KWG": 16,"KWI": 2,"MDIMA": 16,"MDIMC": 8,"MWG": 128,"NDIMB": 16,"NDIMC": 8,"NWG": 64,"PRECISION": 32,"SA": 0,"SB": 0,"STRM": 1,"STRN": 1,"VWM": 2,"VWN": 2}
    },
    {
      "kernel": "Xgemm",
      "time": 102.496,
      "parameters": {"GEMMK": 0,"KREG": 1,"KWG": 16,"KWI": 2,"MDIMA": 16,"MDIMC": 16,"MWG": 128,"NDIMB": 16,"NDIMC": 8,"NWG": 128,"PRECISION": 32,"SA": 0,"SB": 0,"STRM": 0,"STRN": 0,"VWM": 1,"VWN": 8}
    },
    {
      "kernel": "Xgemm",
      "time": 84.814,
      "parameters": {"GEMMK": 0,"KREG": 1,"KWG": 16,"KWI": 2,"MDIMA": 32,"MDIMC": 16,"MWG": 128,"NDIMB": 16,"NDIMC": 16,"NWG": 16,"PRECISION": 32,"SA": 1,"SB": 0,"STRM": 0,"STRN": 0,"VWM": 1,"VWN": 1}
    },
    {
      "kernel": "Xgemm",
      "time": 40.308,
      "parameters": {"GEMMK": 0,"KREG": 1,"KWG": 32,"KWI": 2,"MDIMA": 32,"MDIMC": 32,"MWG": 64,"NDIMB": 16,"NDIMC": 8,"NWG": 64,"PRECISION": 32,"SA": 1,"SB": 0,"STRM": 1,"STRN": 1,"VWM": 1,"VWN": 1}
    },
    {
      "kernel": "Xgemm",
      "time": 10.131,
      "parameters": {"GEMMK": 0,"KREG": 1,"KWG": 32,"KWI": 2,"MDIMA": 16,"MDIMC": 16,"MWG": 128,"NDIMB": 8,"NDIMC": 16,"NWG": 128,"PRECISION": 32,"SA": 1,"SB": 1,"STRM": 1,"STRN": 0,"VWM": 8,"VWN": 1}
    },
    {
      "kernel": "Xgemm",
      "time": 345.560,
      "parameters": {"GEMMK": 0,"KREG": 1,"KWG": 16,"KWI": 2,"MDIMA": 32,"MDIMC": 8,"MWG": 128,"NDIMB": 8,"NDIMC": 8,"NWG": 128,"PRECISION": 32,"SA": 1,"SB": 1,"STRM": 0,"STRN": 0,"VWM": 1,"VWN": 1}
    },
    {
      "kernel": "Xgemm",
      "time": 70.416,
      "parameters": {"GEMMK": 0,"KREG": 1,"KWG": 32,"KWI": 2,"MDIMA": 8,"MDIMC": 8,"MWG": 32,"NDIMB": 32,"NDIMC": 32,"NWG": 64,"PRECISION": 32,"SA": 0,"SB": 0,"STRM": 1,"STRN": 0,"VWM": 2,"VWN": 2}
    },
    {
      "kernel": "Xgemm",
      "time": 15.024,
      "parameters": {"GEMMK": 0,"KREG": 1,"KWG": 32,"KWI": 2,"MDIMA": 16,"MDIMC": 16,"MWG": 64,"NDIMB": 32,"NDIMC": 16,"NWG": 128,"PRECISION": 32,"SA": 0,"SB": 1,"STRM": 0,"STRN": 1,"VWM": 2,"VWN": 4}
    },
    {
      "kernel": "Xgemm",
      "time": 19.230,
      "parameters": {"GEMMK": 0,"KREG": 1,"KWG": 16,"KWI": 2,"MDIMA": 16,"MDIMC": 8,"MWG": 64,"NDIMB": 16,"NDIMC": 16,"NWG": 32,"PRECISION": 32,"SA": 1,"SB": 1,"STRM": 1,"STRN": 0,"VWM": 4,"VWN": 1}
    },
    {
      "kernel": "Xgemm",
      "time": 36.881,
      "parameters": {"GEMMK": 0,"KREG": 1,"KWG": 32,"KWI": 2,"MDIMA": 32,"MDIMC": 8,"MWG": 64,"NDIMB": 8,"NDIMC": 32,"NWG": 128,"PRECISION": 32,"SA": 0,"SB": 1,"STRM": 1,"STRN": 1,"VWM": 1,"VWN": 2}
    },
    {
      "kernel": "Xgemm",
      "time": 42.062,
      "parameters": {"GEMMK": 0,"KREG": 1,"KWG": 16,"KWI": 2,"MDIMA": 32,"MDIMC": 16,"MWG": 64,"NDIMB": 8,"NDIMC": 8,"NWG": 128,"PRECISION": 32,"SA": 0,"SB": 1,"STRM": 0,"STRN": 1,"VWM": 1,"VWN": 2}
    },
    {
      "kernel": "Xgemm",
      "time": 13.174,
      "parameters": {"GEMMK": 0,"KREG": 1,"KWG": 16,"KWI": 2,"MDIMA": 8,"MDIMC": 8,"MWG": 64,"NDIMB": 8,"NDIMC": 16,"NWG": 128,"PRECISION": 32,"SA": 1,"SB": 1,"STRM": 0,"STRN": 0,"VWM": 8,"VWN": 1}
    },
    {
      "kernel": "Xgemm",
      "time": 46.128,
      "parameters": {"GEMMK": 0,"KREG": 1,"KWG": 32,"KWI": 2,"MDIMA": 32,"MDIMC": 16,"MWG": 32,"NDIMB": 16,"NDIMC": 16,"NWG": 64,"PRECISION": 32,"SA": 0,"SB": 0,"STRM": 0,"STRN": 1,"VWM": 1,"VWN": 4}
    },
    {
      "kernel": "Xgemm",
      "time": 28.910,
      "parameters": {"GEMMK": 0,"KREG": 1,"KWG": 16,"KWI": 2,"MDIMA": 16,"MDIMC": 8,"MWG": 128,"NDIMB": 32,"NDIMC": 16,"NWG": 64,"PRECISION": 32,"SA": 0,"SB": 0,"STRM": 1,"STRN": 0,"VWM": 8,"VWN": 2}
    },
    {
      "kernel": "Xgemm",
      "time": 30.189,
      "parameters": {"GEMMK": 0,"KREG": 1,"KWG": 32,"KWI": 2,"MDIMA": 32,"MDIMC": 16,"MWG": 64,"NDIMB": 32,"NDIMC": 8,"NWG": 128,"PRECISION": 32,"SA": 1,"SB": 1,"STRM": 0,"STRN": 1,"VWM": 1,"VWN": 2}
    },
    {
      "kernel": "Xgemm",
      "time": 18.857,
      "parameters": {"GEMMK": 0,"KREG": 1,"KWG": 32,"KWI": 2,"MDIMA": 16,"MDIMC": 16,"MWG": 128,"NDIMB": 8,"NDIMC": 8,"NWG": 32,"PRECISION": 32,"SA": 0,"SB": 1,"STRM": 1,"STRN": 1,"VWM": 8,"VWN": 4}
    },
    {
      "kernel": "Xgemm",
      "time": 7.387,
      "parameters": {"GEMMK": 0,"KREG": 1,"KWG": 16,"KWI": 2,"MDIMA": 32,"MDIMC": 16,"MWG": 64,"NDIMB": 16,"NDIMC": 8,"NWG": 64,"PRECISION": 32,"SA": 0,"SB": 0,"STRM": 1,"STRN": 1,"VWM": 2,"VWN": 4}
    },
    {
      "kernel": "Xgemm",
      "time": 30.335,
      "parameters": {"GEMMK": 0,"KREG": 1,"KWG": 32,"KWI": 2,"MDIMA": 16,"MDIMC": 8,"MWG": 32,"NDIMB": 16,"NDIMC": 16,"NWG": 128,"PRECISION": 32,"SA": 1,"SB": 1,"STRM": 0,"STRN": 1,"VWM": 1,"VWN": 2}
    },
    {
      "kernel": "Xgemm",
      "time": 74.918,
      "parameters": {"GEMMK": 0,"KREG": 1,"KWG": 32,"KWI": 2,"MDIMA": 8,"MDIMC": 8,"MWG": 16,"NDIMB": 16,"NDIMC": 8,"NWG": 32,"PRECISION": 32,"SA": 0,"SB": 0,"STRM": 1,"STRN": 0,"VWM": 2,"VWN": 1}
    },
    {
      "kernel": "Xgemm",
      "time": 48.061,
      "parameters": {"GEMMK": 0,"KREG": 1,"KWG": 16,"KWI": 2,"MDIMA": 32,"MDIMC": 8,"MWG": 128,"NDIMB": 16,"NDIMC": 32,"NWG": 64,"PRECISION": 32,"SA": 1,"SB": 0,"STRM": 0,"STRN": 0,"VWM": 2,"VWN": 1}
    },
    {
      "kernel": "Xgemm",
      "time": 11.484,
      "parameters": {"GEMMK": 0,"KREG": 1,"KWG": 32,"KWI": 2,"MDIMA": 16,"MDIMC": 16,"MWG": 128,"NDIMB": 16,"NDIMC": 16,"NWG": 128,"PRECISION": 32,"SA": 1,"SB": 1,"STRM": 0,"STRN": 1,"VWM": 8,"VWN": 1}
    },
    {
      "kernel": "Xgemm",
      "time": 21.002,
      "parameters": {"GEMMK": 0,"KREG": 1,"KWG": 32,"KWI": 2,"MDIMA": 16,"MDIMC": 16,"MWG": 128,"NDIMB": 16,"NDIMC": 8,"NWG": 128,"PRECISION": 32,"SA": 1,"SB": 1,"STRM": 1,"STRN": 1,"VWM": 2,"VWN": 2}
    },
    {
      "kernel": "Xgemm",
      "time": 22.611,
      "parameters": {"GEMMK": 0,"KREG": 1,"KWG": 32,"KWI": 2,"MDIMA": 16,"MDIMC": 16,"MWG": 32,"NDIMB": 16,"NDIMC": 8,"NWG": 32,"PRECISION": 32,"SA": 0,"SB": 1,"STRM": 1,"STRN": 1,"VWM": 2,"VWN": 2}
    },
    {
      "kernel": "Xgemm",
      "time": 16.121,
      "parameters": {"GEMMK": 0,"KREG": 1,"KWG": 32,"KWI": 2,"MDIMA": 8,"MDIMC": 16,"MWG": 32,"NDIMB": 16,"NDIMC": 16,"NWG": 128,"PRECISION": 32,"SA": 1,"SB": 0,"STRM": 1,"STRN": 0,"VWM": 2,"VWN": 2}
    },
    {
      "kernel": "Xgemm",
      "time": 22.675,
      "parameters": {"GEMMK": 0,"KREG": 1,"KWG": 16,"KWI": 2,"MDIMA": 32,"MDIMC": 16,"MWG": 64,"NDIMB": 8,"NDIMC": 8,"NWG": 16,"PRECISION": 32,"SA": 0,"SB": 0,"STRM": 1,"STRN": 0,"VWM": 1,"VWN": 2}
    },
    {
      "kernel": "Xgemm",
      "time": 9.196,
      "parameters": {"GEMMK": 0,"KREG": 1,"KWG": 32,"KWI": 2,"MDIMA": 16,"MDIMC": 16,"MWG": 64,"NDIMB": 8,"NDIMC": 16,"NWG": 128,"PRECISION": 32,"SA": 0,"SB": 1,"STRM": 1,"STRN": 1,"VWM": 4,"VWN": 8}
    },
    {
      "kernel": "Xgemm",
      "time": 33.240,
      "parameters": {"GEMMK": 0,"KREG": 1,"KWG": 16,"KWI": 2,"MDIMA": 32,"MDIMC": 8,"MWG": 64,"NDIMB": 16,"NDIMC": 8,"NWG": 64,"PRECISION": 32,"SA": 1,"SB": 1,"STRM": 0,"STRN": 1,"VWM": 1,"VWN": 1}
    },
    {
      "kernel": "Xgemm",
      "time": 39.521,
      "parameters": {"GEMMK": 0,"KREG": 1,"KWG": 32,"KWI": 2,"MDIMA": 16,"MDIMC": 16,"MWG": 64,"NDIMB": 32,"NDIMC": 8,"NWG": 32,"PRECISION": 32,"SA": 1,"SB": 0,"STRM": 1,"STRN": 0,"VWM": 2,"VWN": 1}
    },
    {
      "kernel": "Xgemm",
      "time": 27.530,
      "parameters": {"GEMMK": 0,"KREG": 1,"KWG": 32,"KWI": 2,"MDIMA": 32,"MDIMC": 32,"MWG": 64,"NDIMB": 16,"NDIMC": 8,"NWG": 128,"PRECISION": 32,"SA": 1,"SB": 1,"STRM": 0,"STRN": 0,"VWM": 1,"VWN": 2}
    },
    {
      "kernel": "Xgemm",
      "time": 30.823,
      "parameters": {"GEMMK": 0,"KREG": 1,"KWG": 32,"KWI": 2,"MDIMA": 16,"MDIMC": 16,"MWG": 16,"NDIMB": 32,"NDIMC": 8,"NWG": 128,"PRECISION": 32,"SA": 1,"SB": 1,"STRM": 1,"STRN": 1,"VWM": 1,"VWN": 2}
    },
    {
      "kernel": "Xgemm",
      "time": 23.754,
      "parameters": {"GEMMK": 0,"KREG": 1,"KWG": 32,"KWI": 2,"MDIMA": 16,"MDIMC": 16,"MWG": 32,"NDIMB": 8,"NDIMC": 16,"NWG": 128,"PRECISION": 32,"SA": 1,"SB": 0,"STRM": 1,"STRN": 1,"VWM": 2,"VWN": 1}
    },
    {
      "kernel": "Xgemm",
      "time": 412.286,
      "parameters": {"GEMMK": 0,"KREG": 1,"KWG": 32,"KWI": 2,"MDIMA": 8,"MDIMC": 8,"MWG": 128,"NDIMB": 8,"NDIMC": 8,"NWG": 128,"PRECISION": 32,"SA": 0,"SB": 0,"STRM": 0,"STRN": 1,"VWM": 4,"VWN": 1}
    },
    {
      "kernel": "Xgemm",
      "time": 11.258,
      "parameters": {"GEMMK": 0,"KREG": 1,"KWG": 16,"KWI": 2,"MDIMA": 8,"MDIMC": 16,"MWG": 32,"NDIMB": 32,"NDIMC": 8,"NWG": 128,"PRECISION": 32,"SA": 1,"SB": 1,"STRM": 1,"STRN": 1,"VWM": 2,"VWN": 4}
    },
    {
      "kernel": "Xgemm",
      "time": 146.147,
      "parameters": {"GEMMK": 0,"KREG": 1,"KWG": 16,"KWI": 2,"MDIMA": 8,"MDIMC": 16,"MWG": 16,"NDIMB": 8,"NDIMC": 8,"NWG": 16,"PRECISION": 32,"SA": 1,"SB": 1,"STRM": 1,"STRN": 0,"VWM": 1,"VWN": 1}
    },
    {
      "kernel": "Xgemm",
      "time": 28.179,
      "parameters": {"GEMMK": 0,"KREG": 1,"KWG": 32,"KWI": 2,"MDIMA": 16,"MDIMC": 16,"MWG": 128,"NDIMB": 32,"NDIMC": 8,"NWG": 128,"PRECISION": 32,"SA": 0,"SB": 1,"STRM": 0,"STRN": 0,"VWM": 1,"VWN": 1}
    },
    {
      "kernel": "Xgemm",
      "time": 102.006,
      "parameters": {"GEMMK": 0,"KREG": 1,"KWG": 32,"KWI": 2,"MDIMA": 8,"MDIMC": 16,"MWG": 16,"NDIMB": 8,"NDIMC": 8,"NWG": 128,"PRECISION": 32,"SA": 0,"SB": 0,"STRM": 1,"STRN": 1,"VWM": 1,"VWN": 1}
    },
    {
      "kernel": "Xgemm",
      "time": 49.107,
      "parameters": {"GEMMK": 0,"KREG": 1,"KWG": 32,"KWI": 2,"MDIMA": 32,"MDIMC": 8,"MWG": 128,"NDIMB": 8,"NDIMC": 16,"NWG": 128,"PRECISION": 32,"SA": 1,"SB": 1,"STRM": 0,"STRN": 0,"VWM": 2,"VWN": 8}
    },
    {
      "kernel": "Xgemm",
      "time": 46.327,
      "parameters": {"GEMMK": 0,"KREG": 1,"KWG": 32,"KWI": 2,"MDIMA": 8,"MDIMC": 8,"MWG": 128,"NDIMB": 32,"NDIMC": 8,"NWG": 32,"PRECISION": 32,"SA": 1,"SB": 0,"STRM": 0,"STRN": 0,"VWM": 1,"VWN": 1}
    },
    {
      "kernel": "Xgemm",
      "time": 7.054,
      "parameters": {"GEMMK": 0,"KREG": 1,"KWG": 16,"KWI": 2,"MDIMA": 8,"MDIMC": 8,"MWG": 64,"NDIMB": 8,"NDIMC": 8,"NWG": 64,"PRECISION": 32,"SA": 1,"SB": 0,"STRM": 1,"STRN": 1,"VWM": 4,"VWN": 2}
    },
    {
      "kernel": "Xgemm",
      "time": 6.228,
      "parameters": {"GEMMK": 0,"KREG": 1,"KWG": 32,"KWI": 2,"MDIMA": 16,"MDIMC": 16,"MWG": 64,"NDIMB": 8,"NDIMC": 8,"NWG": 128,"PRECISION": 32,"SA": 0,"SB": 0,"STRM": 1,"STRN": 0,"VWM": 2,"VWN": 4}
    },
    {
      "kernel": "Xgemm",
      "time": 20.763,
      "parameters": {"GEMMK": 0,"KREG": 1,"KWG": 32,"KWI": 2,"MDIMA": 8,"MDIMC": 32,"MWG": 64,"NDIMB": 8,"NDIMC": 8,"NWG": 128,"PRECISION": 32,"SA": 0,"SB": 0,"STRM": 1,"STRN": 1,"VWM": 2,"VWN": 8}
    },
    {
      "kernel": "Xgemm",
      "time": 48.347,
      "parameters": {"GEMMK": 0,"KREG": 1,"KWG": 16,"KWI": 2,"MDIMA": 16,"MDIMC": 16,"MWG": 64,"NDIMB": 32,"NDIMC": 8,"NWG": 32,"PRECISION": 32,"SA": 0,"SB": 1,"STRM": 0,"STRN": 1,"VWM": 1,"VWN": 1}
    },
    {
      "kernel": "Xgemm",
      "time": 28.855,
      "parameters": {"GEMMK": 0,"KREG": 1,"KWG": 32,"KWI": 2,"MDIMA": 32,"MDIMC": 16,"MWG": 128,"NDIMB": 16,"NDIMC": 16,"NWG": 64,"PRECISION": 32,"SA": 0,"SB": 1,"STRM": 1,"STRN": 0,"VWM": 1,"VWN": 2}
    },
    {
      "kernel": "Xgemm",
      "time": 49.627,
      "parameters": {"GEMMK": 0,"KREG": 1,"KWG": 16,"KWI": 2,"MDIMA": 16,"MDIMC": 16,"MWG": 32,"NDIMB": 16,"NDIMC": 16,"NWG": 64,"PRECISION": 32,"SA": 0,"SB": 1,"STRM": 0,"STRN": 1,"VWM": 1,"VWN": 1}
    },
    {
      "kernel": "Xgemm",
      "time": 18.185,
      "parameters": {"GEMMK": 0,"KREG": 1,"KWG": 32,"KWI": 2,"MDIMA": 8,"MDIMC": 8,"MWG": 32,"NDIMB": 8,"NDIMC": 32,"NWG": 128,"PRECISION": 32,"SA": 1,"SB": 1,"STRM": 0,"STRN": 0,"VWM": 4,"VWN": 2}
    },
    {
      "kernel": "Xgemm",
      "time": 18.505,
      "parameters": {"GEMMK": 0,"KREG": 1,"KWG": 32,"KWI": 2,"MDIMA": 8,"MDIMC": 16,"MWG": 32,"NDIMB": 8,"NDIMC": 8,"NWG": 64,"PRECISION": 32,"SA": 1,"SB": 1,"STRM": 0,"STRN": 0,"VWM": 2,"VWN": 2}
    },
    {
      "kernel": "Xgemm",
      "time": 18.283,
      "parameters": {"GEMMK": 0,"KREG": 1,"KWG": 32,"KWI": 2,"MDIMA": 16,"MDIMC": 8,"MWG": 64,"NDIMB": 8,"NDIMC": 8,"NWG": 128,"PRECISION": 32,"SA": 1,"SB": 0,"STRM": 0,"STRN": 1,"VWM": 4,"VWN": 4}
    },
    {
      "kernel": "Xgemm",
      "time": 78.279,
      "parameters": {"GEMMK": 0,"KREG": 1,"KWG": 16,"KWI": 2,"MDIMA": 32,"MDIMC": 8,"MWG": 64,"NDIMB": 32,"NDIMC": 32,"NWG": 64,"PRECISION": 32,"SA": 0,"SB": 0,"STRM": 0,"STRN": 1,"VWM": 2,"VWN": 1}
    }
  ]
}
