{
  "kernel_family": "xgemv_fast_rot",
  "precision": "32",
  "best_kernel": "XgemvFastRot",
  "best_time": "1.26",
  "best_parameters": "PRECISION=32 VW3=4 WGS3=16 WPT3=4",
  "arg_m": "2048",
  "arg_n": "2048",
  "arg_alpha": "2.00",
  "arg_beta": "2.00",
  "clblast_device_type": "GPU",
  "clblast_device_vendor": "QUALCOMM",
  "clblast_device_architecture": "OpenCL C 3.0 Adreno(TM) 730",
  "clblast_device_name": "QUALCOMM Adreno(TM)",
  "device": "QUALCOMM Adreno(TM)",
  "platform_vendor": "QUALCOMM",
  "platform_version": "OpenCL 3.0 QUALCOMM build: commit #2addc0741b changeid #I701168ee75 Date: 01/12/22 Wed Local Branch:  Remote Branch: ",
  "device_vendor": "QUALCOMM",
  "device_type": "GPU",
  "device_core_clock": "1",
  "device_compute_units": "4",
  "device_extra_info": "",
  "results": [
    {
      "kernel": "XgemvFastRot",
      "time": 4.060,
      "parameters": {"PRECISION": 32,"VW3": 1,"WGS3": 16,"WPT3": 1}
    },
    {
      "kernel": "XgemvFastRot",
      "time": 2.416,
      "parameters": {"PRECISION": 32,"VW3": 1,"WGS3": 16,"WPT3": 2}
    },
    {
      "kernel": "XgemvFastRot",
      "time": 2.458,
      "parameters": {"PRECISION": 32,"VW3": 2,"WGS3": 16,"WPT3": 2}
    },
    {
      "kernel": "XgemvFastRot",
      "time": 1.397,
      "parameters": {"PRECISION": 32,"VW3": 1,"WGS3": 16,"WPT3": 4}
    },
    {
      "kernel": "XgemvFastRot",
      "time": 1.468,
      "parameters": {"PRECISION": 32,"VW3": 2,"WGS3": 16,"WPT3": 4}
    },
    {
      "kernel": "XgemvFastRot",
      "time": 1.261,
      "parameters": {"PRECISION": 32,"VW3": 4,"WGS3": 16,"WPT3": 4}
    },
    {
      "kernel": "XgemvFastRot",
      "time": 1.427,
      "parameters": {"PRECISION": 32,"VW3": 1,"WGS3": 16,"WPT3": 8}
    },
    {
      "kernel": "XgemvFastRot",
      "time": 2.142,
      "parameters": {"PRECISION": 32,"VW3": 2,"WGS3": 16,"WPT3": 8}
    },
    {
      "kernel": "XgemvFastRot",
      "time": 1.568,
      "parameters": {"PRECISION": 32,"VW3": 4,"WGS3": 16,"WPT3": 8}
    },
    {
      "kernel": "XgemvFastRot",
      "time": 1.450,
      "parameters": {"PRECISION": 32,"VW3": 8,"WGS3": 16,"WPT3": 8}
    },
    {
      "kernel": "XgemvFastRot",
      "time": 1.826,
      "parameters": {"PRECISION": 32,"VW3": 1,"WGS3": 16,"WPT3": 16}
    },
    {
      "kernel": "XgemvFastRot",
      "time": 2.051,
      "parameters": {"PRECISION": 32,"VW3": 2,"WGS3": 16,"WPT3": 16}
    },
    {
      "kernel": "XgemvFastRot",
      "time": 1.623,
      "parameters": {"PRECISION": 32,"VW3": 4,"WGS3": 16,"WPT3": 16}
    },
    {
      "kernel": "XgemvFastRot",
      "time": 1.436,
      "parameters": {"PRECISION": 32,"VW3": 8,"WGS3": 16,"WPT3": 16}
    },
    {
      "kernel": "XgemvFastRot",
      "time": 3.580,
      "parameters": {"PRECISION": 32,"VW3": 1,"WGS3": 32,"WPT3": 1}
    },
    {
      "kernel": "XgemvFastRot",
      "time": 2.340,
      "parameters": {"PRECISION": 32,"VW3": 1,"WGS3": 32,"WPT3": 2}
    },
    {
      "kernel": "XgemvFastRot",
      "time": 2.339,
      "parameters": {"PRECISION": 32,"VW3": 2,"WGS3": 32,"WPT3": 2}
    },
    {
      "kernel": "XgemvFastRot",
      "time": 1.875,
      "parameters": {"PRECISION": 32,"VW3": 1,"WGS3": 32,"WPT3": 4}
    },
    {
      "kernel": "XgemvFastRot",
      "time": 1.957,
      "parameters": {"PRECISION": 32,"VW3": 2,"WGS3": 32,"WPT3": 4}
    },
    {
      "kernel": "XgemvFastRot",
      "time": 1.713,
      "parameters": {"PRECISION": 32,"VW3": 4,"WGS3": 32,"WPT3": 4}
    },
    {
      "kernel": "XgemvFastRot",
      "time": 1.842,
      "parameters": {"PRECISION": 32,"VW3": 1,"WGS3": 32,"WPT3": 8}
    },
    {
      "kernel": "XgemvFastRot",
      "time": 1.995,
      "parameters": {"PRECISION": 32,"VW3": 2,"WGS3": 32,"WPT3": 8}
    },
    {
      "kernel": "XgemvFastRot",
      "time": 1.472,
      "parameters": {"PRECISION": 32,"VW3": 4,"WGS3": 32,"WPT3": 8}
    },
    {
      "kernel": "XgemvFastRot",
      "time": 1.474,
      "parameters": {"PRECISION": 32,"VW3": 8,"WGS3": 32,"WPT3": 8}
    },
    {
      "kernel": "XgemvFastRot",
      "time": 1.723,
      "parameters": {"PRECISION": 32,"VW3": 1,"WGS3": 32,"WPT3": 16}
    },
    {
      "kernel": "XgemvFastRot",
      "time": 1.994,
      "parameters": {"PRECISION": 32,"VW3": 2,"WGS3": 32,"WPT3": 16}
    },
    {
      "kernel": "XgemvFastRot",
      "time": 1.627,
      "parameters": {"PRECISION": 32,"VW3": 4,"WGS3": 32,"WPT3": 16}
    },
    {
      "kernel": "XgemvFastRot",
      "time": 1.408,
      "parameters": {"PRECISION": 32,"VW3": 8,"WGS3": 32,"WPT3": 16}
    },
    {
      "kernel": "XgemvFastRot",
      "time": 2.645,
      "parameters": {"PRECISION": 32,"VW3": 1,"WGS3": 32,"WPT3": 32}
    },
    {
      "kernel": "XgemvFastRot",
      "time": 1.988,
      "parameters": {"PRECISION": 32,"VW3": 2,"WGS3": 32,"WPT3": 32}
    },
    {
      "kernel": "XgemvFastRot",
      "time": 1.767,
      "parameters": {"PRECISION": 32,"VW3": 4,"WGS3": 32,"WPT3": 32}
    },
    {
      "kernel": "XgemvFastRot",
      "time": 1.539,
      "parameters": {"PRECISION": 32,"VW3": 8,"WGS3": 32,"WPT3": 32}
    },
    {
      "kernel": "XgemvFastRot",
      "time": 3.787,
      "parameters": {"PRECISION": 32,"VW3": 1,"WGS3": 64,"WPT3": 1}
    },
    {
      "kernel": "XgemvFastRot",
      "time": 2.723,
      "parameters": {"PRECISION": 32,"VW3": 1,"WGS3": 64,"WPT3": 2}
    },
    {
      "kernel": "XgemvFastRot",
      "time": 2.451,
      "parameters": {"PRECISION": 32,"VW3": 2,"WGS3": 64,"WPT3": 2}
    },
    {
      "kernel": "XgemvFastRot",
      "time": 2.133,
      "parameters": {"PRECISION": 32,"VW3": 1,"WGS3": 64,"WPT3": 4}
    },
    {
      "kernel": "XgemvFastRot",
      "time": 2.391,
      "parameters": {"PRECISION": 32,"VW3": 2,"WGS3": 64,"WPT3": 4}
    },
    {
      "kernel": "XgemvFastRot",
      "time": 1.789,
      "parameters": {"PRECISION": 32,"VW3": 4,"WGS3": 64,"WPT3": 4}
    },
    {
      "kernel": "XgemvFastRot",
      "time": 1.924,
      "parameters": {"PRECISION": 32,"VW3": 1,"WGS3": 64,"WPT3": 8}
    },
    {
      "kernel": "XgemvFastRot",
      "time": 2.036,
      "parameters": {"PRECISION": 32,"VW3": 2,"WGS3": 64,"WPT3": 8}
    },
    {
      "kernel": "XgemvFastRot",
      "time": 1.566,
      "parameters": {"PRECISION": 32,"VW3": 4,"WGS3": 64,"WPT3": 8}
    },
    {
      "kernel": "XgemvFastRot",
      "time": 1.560,
      "parameters": {"PRECISION": 32,"VW3": 8,"WGS3": 64,"WPT3": 8}
    },
    {
      "kernel": "XgemvFastRot",
      "time": 1.916,
      "parameters": {"PRECISION": 32,"VW3": 1,"WGS3": 64,"WPT3": 16}
    },
    {
      "kernel": "XgemvFastRot",
      "time": 2.119,
      "parameters": {"PRECISION": 32,"VW3": 2,"WGS3": 64,"WPT3": 16}
    },
    {
      "kernel": "XgemvFastRot",
      "time": 1.854,
      "parameters": {"PRECISION": 32,"VW3": 4,"WGS3": 64,"WPT3": 16}
    },
    {
      "kernel": "XgemvFastRot",
      "time": 1.517,
      "parameters": {"PRECISION": 32,"VW3": 8,"WGS3": 64,"WPT3": 16}
    },
    {
      "kernel": "XgemvFastRot",
      "time": 2.888,
      "parameters": {"PRECISION": 32,"VW3": 1,"WGS3": 64,"WPT3": 32}
    },
    {
      "kernel": "XgemvFastRot",
      "time": 2.267,
      "parameters": {"PRECISION": 32,"VW3": 2,"WGS3": 64,"WPT3": 32}
    },
    {
      "kernel": "XgemvFastRot",
      "time": 2.089,
      "parameters": {"PRECISION": 32,"VW3": 4,"WGS3": 64,"WPT3": 32}
    },
    {
      "kernel": "XgemvFastRot",
      "time": 1.750,
      "parameters": {"PRECISION": 32,"VW3": 8,"WGS3": 64,"WPT3": 32}
    },
    {
      "kernel": "XgemvFastRot",
      "time": 5.132,
      "parameters": {"PRECISION": 32,"VW3": 1,"WGS3": 128,"WPT3": 1}
    },
    {
      "kernel": "XgemvFastRot",
      "time": 3.896,
      "parameters": {"PRECISION": 32,"VW3": 1,"WGS3": 128,"WPT3": 2}
    },
    {
      "kernel": "XgemvFastRot",
      "time": 3.625,
      "parameters": {"PRECISION": 32,"VW3": 2,"WGS3": 128,"WPT3": 2}
    },
    {
      "kernel": "XgemvFastRot",
      "time": 2.627,
      "parameters": {"PRECISION": 32,"VW3": 1,"WGS3": 128,"WPT3": 4}
    },
    {
      "kernel": "XgemvFastRot",
      "time": 2.411,
      "parameters": {"PRECISION": 32,"VW3": 2,"WGS3": 128,"WPT3": 4}
    },
    {
      "kernel": "XgemvFastRot",
      "time": 2.147,
      "parameters": {"PRECISION": 32,"VW3": 4,"WGS3": 128,"WPT3": 4}
    },
    {
      "kernel": "XgemvFastRot",
      "time": 2.104,
      "parameters": {"PRECISION": 32,"VW3": 1,"WGS3": 128,"WPT3": 8}
    },
    {
      "kernel": "XgemvFastRot",
      "time": 2.462,
      "parameters": {"PRECISION": 32,"VW3": 2,"WGS3": 128,"WPT3": 8}
    },
    {
      "kernel": "XgemvFastRot",
      "time": 1.769,
      "parameters": {"PRECISION": 32,"VW3": 4,"WGS3": 128,"WPT3": 8}
    },
    {
      "kernel": "XgemvFastRot",
      "time": 1.779,
      "parameters": {"PRECISION": 32,"VW3": 8,"WGS3": 128,"WPT3": 8}
    },
    {
      "kernel": "XgemvFastRot",
      "time": 1.911,
      "parameters": {"PRECISION": 32,"VW3": 1,"WGS3": 128,"WPT3": 16}
    },
    {
      "kernel": "XgemvFastRot",
      "time": 2.273,
      "parameters": {"PRECISION": 32,"VW3": 2,"WGS3": 128,"WPT3": 16}
    },
    {
      "kernel": "XgemvFastRot",
      "time": 1.848,
      "parameters": {"PRECISION": 32,"VW3": 4,"WGS3": 128,"WPT3": 16}
    },
    {
      "kernel": "XgemvFastRot",
      "time": 1.571,
      "parameters": {"PRECISION": 32,"VW3": 8,"WGS3": 128,"WPT3": 16}
    },
    {
      "kernel": "XgemvFastRot",
      "time": 3.140,
      "parameters": {"PRECISION": 32,"VW3": 1,"WGS3": 128,"WPT3": 32}
    },
    {
      "kernel": "XgemvFastRot",
      "time": 2.908,
      "parameters": {"PRECISION": 32,"VW3": 2,"WGS3": 128,"WPT3": 32}
    },
    {
      "kernel": "XgemvFastRot",
      "time": 2.512,
      "parameters": {"PRECISION": 32,"VW3": 4,"WGS3": 128,"WPT3": 32}
    },
    {
      "kernel": "XgemvFastRot",
      "time": 1.778,
      "parameters": {"PRECISION": 32,"VW3": 8,"WGS3": 128,"WPT3": 32}
    }
  ]
}
