{
  "kernel_family": "xgemm_direct_2",
  "precision": "32",
  "best_kernel": "XgemmDirectTN",
  "best_time": "1.52",
  "best_parameters": "KWID=8 MDIMAD=16 MDIMCD=16 NDIMBD=8 NDIMCD=8 PADA=0 PADB=0 PRECISION=32 VWMD=2 VWND=4 WGD=32",
  "arg_m": "256",
  "arg_n": "256",
  "arg_k": "256",
  "arg_alpha": "2.00",
  "arg_beta": "2.00",
  "clblast_device_type": "GPU",
  "clblast_device_vendor": "QUALCOMM",
  "clblast_device_architecture": "OpenCL C 3.0 Adreno(TM) 730",
  "clblast_device_name": "QUALCOMM Adreno(TM)",
  "device": "QUALCOMM Adreno(TM)",
  "platform_vendor": "QUALCOMM",
  "platform_version": "OpenCL 3.0 QUALCOMM build: commit #2addc0741b changeid #I701168ee75 Date: 01/12/22 Wed Local Branch:  Remote Branch: ",
  "device_vendor": "QUALCOMM",
  "device_type": "GPU",
  "device_core_clock": "1",
  "device_compute_units": "4",
  "device_extra_info": "",
  "results": [
    {
      "kernel": "XgemmDirectTN",
      "time": 44.975,
      "parameters": {"KWID": 8,"MDIMAD": 8,"MDIMCD": 16,"NDIMBD": 32,"NDIMCD": 16,"PADA": 0,"PADB": 0,"PRECISION": 32,"VWMD": 4,"VWND": 2,"WGD": 64}
    },
    {
      "kernel": "XgemmDirectTN",
      "time": 1.820,
      "parameters": {"KWID": 2,"MDIMAD": 8,"MDIMCD": 32,"NDIMBD": 8,"NDIMCD": 8,"PADA": 1,"PADB": 0,"PRECISION": 32,"VWMD": 1,"VWND": 2,"WGD": 32}
    },
    {
      "kernel": "XgemmDirectTN",
      "time": 2.890,
      "parameters": {"KWID": 2,"MDIMAD": 8,"MDIMCD": 8,"NDIMBD": 16,"NDIMCD": 8,"PADA": 1,"PADB": 0,"PRECISION": 32,"VWMD": 1,"VWND": 1,"WGD": 32}
    },
    {
      "kernel": "XgemmDirectTN",
      "time": 2.420,
      "parameters": {"KWID": 2,"MDIMAD": 32,"MDIMCD": 32,"NDIMBD": 32,"NDIMCD": 16,"PADA": 1,"PADB": 1,"PRECISION": 32,"VWMD": 1,"VWND": 1,"WGD": 32}
    },
    {
      "kernel": "XgemmDirectTN",
      "time": 31.867,
      "parameters": {"KWID": 2,"MDIMAD": 8,"MDIMCD": 8,"NDIMBD": 8,"NDIMCD": 8,"PADA": 1,"PADB": 0,"PRECISION": 32,"VWMD": 2,"VWND": 4,"WGD": 32}
    },
    {
      "kernel": "XgemmDirectTN",
      "time": 22.726,
      "parameters": {"KWID": 16,"MDIMAD": 8,"MDIMCD": 8,"NDIMBD": 32,"NDIMCD": 16,"PADA": 0,"PADB": 0,"PRECISION": 32,"VWMD": 2,"VWND": 1,"WGD": 64}
    },
    {
      "kernel": "XgemmDirectTN",
      "time": 2.315,
      "parameters": {"KWID": 8,"MDIMAD": 16,"MDIMCD": 8,"NDIMBD": 8,"NDIMCD": 8,"PADA": 1,"PADB": 0,"PRECISION": 32,"VWMD": 1,"VWND": 2,"WGD": 16}
    },
    {
      "kernel": "XgemmDirectTN",
      "time": 2.446,
      "parameters": {"KWID": 16,"MDIMAD": 16,"MDIMCD": 32,"NDIMBD": 16,"NDIMCD": 16,"PADA": 0,"PADB": 1,"PRECISION": 32,"VWMD": 1,"VWND": 2,"WGD": 32}
    },
    {
      "kernel": "XgemmDirectTN",
      "time": 22.028,
      "parameters": {"KWID": 8,"MDIMAD": 16,"MDIMCD": 8,"NDIMBD": 16,"NDIMCD": 16,"PADA": 0,"PADB": 0,"PRECISION": 32,"VWMD": 4,"VWND": 2,"WGD": 64}
    },
    {
      "kernel": "XgemmDirectTN",
      "time": 22.193,
      "parameters": {"KWID": 2,"MDIMAD": 8,"MDIMCD": 16,"NDIMBD": 8,"NDIMCD": 8,"PADA": 0,"PADB": 0,"PRECISION": 32,"VWMD": 1,"VWND": 8,"WGD": 64}
    },
    {
      "kernel": "XgemmDirectTN",
      "time": 3.579,
      "parameters": {"KWID": 8,"MDIMAD": 16,"MDIMCD": 8,"NDIMBD": 16,"NDIMCD": 16,"PADA": 0,"PADB": 1,"PRECISION": 32,"VWMD": 1,"VWND": 1,"WGD": 16}
    },
    {
      "kernel": "XgemmDirectTN",
      "time": 42.882,
      "parameters": {"KWID": 16,"MDIMAD": 8,"MDIMCD": 8,"NDIMBD": 8,"NDIMCD": 8,"PADA": 0,"PADB": 0,"PRECISION": 32,"VWMD": 1,"VWND": 1,"WGD": 32}
    },
    {
      "kernel": "XgemmDirectTN",
      "time": 21.750,
      "parameters": {"KWID": 8,"MDIMAD": 16,"MDIMCD": 16,"NDIMBD": 32,"NDIMCD": 8,"PADA": 0,"PADB": 0,"PRECISION": 32,"VWMD": 4,"VWND": 2,"WGD": 64}
    },
    {
      "kernel": "XgemmDirectTN",
      "time": 22.271,
      "parameters": {"KWID": 16,"MDIMAD": 8,"MDIMCD": 8,"NDIMBD": 16,"NDIMCD": 16,"PADA": 0,"PADB": 0,"PRECISION": 32,"VWMD": 1,"VWND": 1,"WGD": 64}
    },
    {
      "kernel": "XgemmDirectTN",
      "time": 1.702,
      "parameters": {"KWID": 2,"MDIMAD": 8,"MDIMCD": 32,"NDIMBD": 8,"NDIMCD": 16,"PADA": 0,"PADB": 0,"PRECISION": 32,"VWMD": 1,"VWND": 4,"WGD": 64}
    },
    {
      "kernel": "XgemmDirectTN",
      "time": 32.580,
      "parameters": {"KWID": 8,"MDIMAD": 8,"MDIMCD": 8,"NDIMBD": 16,"NDIMCD": 8,"PADA": 1,"PADB": 1,"PRECISION": 32,"VWMD": 2,"VWND": 1,"WGD": 32}
    },
    {
      "kernel": "XgemmDirectTN",
      "time": 21.882,
      "parameters": {"KWID": 16,"MDIMAD": 16,"MDIMCD": 16,"NDIMBD": 8,"NDIMCD": 8,"PADA": 0,"PADB": 0,"PRECISION": 32,"VWMD": 1,"VWND": 4,"WGD": 64}
    },
    {
      "kernel": "XgemmDirectTN",
      "time": 2.174,
      "parameters": {"KWID": 16,"MDIMAD": 8,"MDIMCD": 8,"NDIMBD": 8,"NDIMCD": 16,"PADA": 1,"PADB": 0,"PRECISION": 32,"VWMD": 1,"VWND": 2,"WGD": 32}
    },
    {
      "kernel": "XgemmDirectTN",
      "time": 1.846,
      "parameters": {"KWID": 16,"MDIMAD": 8,"MDIMCD": 16,"NDIMBD": 16,"NDIMCD": 8,"PADA": 0,"PADB": 0,"PRECISION": 32,"VWMD": 2,"VWND": 2,"WGD": 32}
    },
    {
      "kernel": "XgemmDirectTN",
      "time": 2.243,
      "parameters": {"KWID": 2,"MDIMAD": 8,"MDIMCD": 16,"NDIMBD": 8,"NDIMCD": 16,"PADA": 0,"PADB": 0,"PRECISION": 32,"VWMD": 1,"VWND": 2,"WGD": 32}
    },
    {
      "kernel": "XgemmDirectTN",
      "time": 18.023,
      "parameters": {"KWID": 8,"MDIMAD": 32,"MDIMCD": 8,"NDIMBD": 8,"NDIMCD": 8,"PADA": 0,"PADB": 0,"PRECISION": 32,"VWMD": 1,"VWND": 4,"WGD": 64}
    },
    {
      "kernel": "XgemmDirectTN",
      "time": 3.435,
      "parameters": {"KWID": 16,"MDIMAD": 8,"MDIMCD": 8,"NDIMBD": 16,"NDIMCD": 32,"PADA": 1,"PADB": 1,"PRECISION": 32,"VWMD": 2,"VWND": 1,"WGD": 32}
    },
    {
      "kernel": "XgemmDirectTN",
      "time": 2.286,
      "parameters": {"KWID": 2,"MDIMAD": 16,"MDIMCD": 8,"NDIMBD": 8,"NDIMCD": 8,"PADA": 1,"PADB": 0,"PRECISION": 32,"VWMD": 1,"VWND": 1,"WGD": 16}
    },
    {
      "kernel": "XgemmDirectTN",
      "time": 2.128,
      "parameters": {"KWID": 8,"MDIMAD": 32,"MDIMCD": 16,"NDIMBD": 32,"NDIMCD": 16,"PADA": 0,"PADB": 1,"PRECISION": 32,"VWMD": 1,"VWND": 1,"WGD": 32}
    },
    {
      "kernel": "XgemmDirectTN",
      "time": 21.744,
      "parameters": {"KWID": 16,"MDIMAD": 8,"MDIMCD": 16,"NDIMBD": 16,"NDIMCD": 8,"PADA": 0,"PADB": 0,"PRECISION": 32,"VWMD": 1,"VWND": 4,"WGD": 64}
    },
    {
      "kernel": "XgemmDirectTN",
      "time": 1.617,
      "parameters": {"KWID": 8,"MDIMAD": 32,"MDIMCD": 16,"NDIMBD": 8,"NDIMCD": 8,"PADA": 1,"PADB": 0,"PRECISION": 32,"VWMD": 1,"VWND": 4,"WGD": 32}
    },
    {
      "kernel": "XgemmDirectTN",
      "time": 3.435,
      "parameters": {"KWID": 8,"MDIMAD": 16,"MDIMCD": 8,"NDIMBD": 8,"NDIMCD": 32,"PADA": 0,"PADB": 1,"PRECISION": 32,"VWMD": 2,"VWND": 1,"WGD": 32}
    },
    {
      "kernel": "XgemmDirectTN",
      "time": 2.211,
      "parameters": {"KWID": 16,"MDIMAD": 8,"MDIMCD": 8,"NDIMBD": 8,"NDIMCD": 16,"PADA": 0,"PADB": 1,"PRECISION": 32,"VWMD": 1,"VWND": 1,"WGD": 32}
    },
    {
      "kernel": "XgemmDirectTN",
      "time": 32.562,
      "parameters": {"KWID": 8,"MDIMAD": 32,"MDIMCD": 8,"NDIMBD": 32,"NDIMCD": 8,"PADA": 0,"PADB": 1,"PRECISION": 32,"VWMD": 1,"VWND": 1,"WGD": 32}
    },
    {
      "kernel": "XgemmDirectTN",
      "time": 2.125,
      "parameters": {"KWID": 8,"MDIMAD": 8,"MDIMCD": 8,"NDIMBD": 8,"NDIMCD": 16,"PADA": 0,"PADB": 1,"PRECISION": 32,"VWMD": 1,"VWND": 2,"WGD": 32}
    },
    {
      "kernel": "XgemmDirectTN",
      "time": 2.371,
      "parameters": {"KWID": 2,"MDIMAD": 8,"MDIMCD": 8,"NDIMBD": 8,"NDIMCD": 8,"PADA": 0,"PADB": 0,"PRECISION": 32,"VWMD": 1,"VWND": 2,"WGD": 16}
    },
    {
      "kernel": "XgemmDirectTN",
      "time": 2.453,
      "parameters": {"KWID": 16,"MDIMAD": 32,"MDIMCD": 32,"NDIMBD": 32,"NDIMCD": 16,"PADA": 0,"PADB": 0,"PRECISION": 32,"VWMD": 1,"VWND": 1,"WGD": 32}
    },
    {
      "kernel": "XgemmDirectTN",
      "time": 17.560,
      "parameters": {"KWID": 8,"MDIMAD": 8,"MDIMCD": 8,"NDIMBD": 8,"NDIMCD": 8,"PADA": 0,"PADB": 0,"PRECISION": 32,"VWMD": 8,"VWND": 4,"WGD": 64}
    },
    {
      "kernel": "XgemmDirectTN",
      "time": 55.846,
      "parameters": {"KWID": 16,"MDIMAD": 16,"MDIMCD": 8,"NDIMBD": 32,"NDIMCD": 32,"PADA": 0,"PADB": 0,"PRECISION": 32,"VWMD": 4,"VWND": 2,"WGD": 64}
    },
    {
      "kernel": "XgemmDirectTN",
      "time": 2.453,
      "parameters": {"KWID": 2,"MDIMAD": 16,"MDIMCD": 16,"NDIMBD": 8,"NDIMCD": 8,"PADA": 1,"PADB": 1,"PRECISION": 32,"VWMD": 1,"VWND": 2,"WGD": 16}
    },
    {
      "kernel": "XgemmDirectTN",
      "time": 2.507,
      "parameters": {"KWID": 8,"MDIMAD": 8,"MDIMCD": 16,"NDIMBD": 8,"NDIMCD": 8,"PADA": 1,"PADB": 0,"PRECISION": 32,"VWMD": 1,"VWND": 1,"WGD": 16}
    },
    {
      "kernel": "XgemmDirectTN",
      "time": 3.677,
      "parameters": {"KWID": 16,"MDIMAD": 16,"MDIMCD": 16,"NDIMBD": 32,"NDIMCD": 32,"PADA": 0,"PADB": 0,"PRECISION": 32,"VWMD": 1,"VWND": 1,"WGD": 32}
    },
    {
      "kernel": "XgemmDirectTN",
      "time": 1.842,
      "parameters": {"KWID": 2,"MDIMAD": 8,"MDIMCD": 32,"NDIMBD": 8,"NDIMCD": 8,"PADA": 0,"PADB": 1,"PRECISION": 32,"VWMD": 1,"VWND": 1,"WGD": 32}
    },
    {
      "kernel": "XgemmDirectTN",
      "time": 1.829,
      "parameters": {"KWID": 8,"MDIMAD": 16,"MDIMCD": 32,"NDIMBD": 16,"NDIMCD": 8,"PADA": 1,"PADB": 1,"PRECISION": 32,"VWMD": 1,"VWND": 1,"WGD": 32}
    },
    {
      "kernel": "XgemmDirectTN",
      "time": 1.662,
      "parameters": {"KWID": 16,"MDIMAD": 8,"MDIMCD": 16,"NDIMBD": 8,"NDIMCD": 8,"PADA": 1,"PADB": 0,"PRECISION": 32,"VWMD": 1,"VWND": 4,"WGD": 32}
    },
    {
      "kernel": "XgemmDirectTN",
      "time": 29.976,
      "parameters": {"KWID": 2,"MDIMAD": 16,"MDIMCD": 8,"NDIMBD": 16,"NDIMCD": 8,"PADA": 0,"PADB": 1,"PRECISION": 32,"VWMD": 1,"VWND": 1,"WGD": 32}
    },
    {
      "kernel": "XgemmDirectTN",
      "time": 3.523,
      "parameters": {"KWID": 16,"MDIMAD": 32,"MDIMCD": 16,"NDIMBD": 16,"NDIMCD": 32,"PADA": 1,"PADB": 0,"PRECISION": 32,"VWMD": 1,"VWND": 1,"WGD": 32}
    },
    {
      "kernel": "XgemmDirectTN",
      "time": 1.522,
      "parameters": {"KWID": 8,"MDIMAD": 16,"MDIMCD": 16,"NDIMBD": 8,"NDIMCD": 8,"PADA": 0,"PADB": 0,"PRECISION": 32,"VWMD": 2,"VWND": 4,"WGD": 32}
    },
    {
      "kernel": "XgemmDirectTN",
      "time": 2.292,
      "parameters": {"KWID": 16,"MDIMAD": 8,"MDIMCD": 8,"NDIMBD": 8,"NDIMCD": 8,"PADA": 1,"PADB": 0,"PRECISION": 32,"VWMD": 2,"VWND": 2,"WGD": 16}
    },
    {
      "kernel": "XgemmDirectTN",
      "time": 3.778,
      "parameters": {"KWID": 8,"MDIMAD": 16,"MDIMCD": 16,"NDIMBD": 16,"NDIMCD": 16,"PADA": 1,"PADB": 0,"PRECISION": 32,"VWMD": 1,"VWND": 1,"WGD": 16}
    },
    {
      "kernel": "XgemmDirectTN",
      "time": 2.213,
      "parameters": {"KWID": 2,"MDIMAD": 16,"MDIMCD": 16,"NDIMBD": 8,"NDIMCD": 32,"PADA": 0,"PADB": 0,"PRECISION": 32,"VWMD": 1,"VWND": 2,"WGD": 64}
    },
    {
      "kernel": "XgemmDirectTN",
      "time": 2.108,
      "parameters": {"KWID": 8,"MDIMAD": 32,"MDIMCD": 8,"NDIMBD": 16,"NDIMCD": 16,"PADA": 0,"PADB": 0,"PRECISION": 32,"VWMD": 1,"VWND": 2,"WGD": 32}
    },
    {
      "kernel": "XgemmDirectTN",
      "time": 1.543,
      "parameters": {"KWID": 8,"MDIMAD": 16,"MDIMCD": 16,"NDIMBD": 8,"NDIMCD": 8,"PADA": 0,"PADB": 0,"PRECISION": 32,"VWMD": 2,"VWND": 2,"WGD": 32}
    },
    {
      "kernel": "XgemmDirectTN",
      "time": 1.646,
      "parameters": {"KWID": 16,"MDIMAD": 16,"MDIMCD": 16,"NDIMBD": 8,"NDIMCD": 8,"PADA": 1,"PADB": 0,"PRECISION": 32,"VWMD": 2,"VWND": 4,"WGD": 32}
    },
    {
      "kernel": "XgemmDirectTN",
      "time": 17.486,
      "parameters": {"KWID": 16,"MDIMAD": 16,"MDIMCD": 8,"NDIMBD": 8,"NDIMCD": 8,"PADA": 0,"PADB": 0,"PRECISION": 32,"VWMD": 1,"VWND": 4,"WGD": 64}
    },
    {
      "kernel": "XgemmDirectTN",
      "time": 22.135,
      "parameters": {"KWID": 2,"MDIMAD": 8,"MDIMCD": 16,"NDIMBD": 32,"NDIMCD": 8,"PADA": 0,"PADB": 0,"PRECISION": 32,"VWMD": 2,"VWND": 2,"WGD": 64}
    },
    {
      "kernel": "XgemmDirectTN",
      "time": 55.572,
      "parameters": {"KWID": 16,"MDIMAD": 8,"MDIMCD": 32,"NDIMBD": 16,"NDIMCD": 8,"PADA": 0,"PADB": 0,"PRECISION": 32,"VWMD": 1,"VWND": 2,"WGD": 64}
    },
    {
      "kernel": "XgemmDirectTN",
      "time": 17.507,
      "parameters": {"KWID": 2,"MDIMAD": 8,"MDIMCD": 8,"NDIMBD": 8,"NDIMCD": 8,"PADA": 0,"PADB": 0,"PRECISION": 32,"VWMD": 8,"VWND": 1,"WGD": 64}
    },
    {
      "kernel": "XgemmDirectTN",
      "time": 17.543,
      "parameters": {"KWID": 2,"MDIMAD": 8,"MDIMCD": 8,"NDIMBD": 8,"NDIMCD": 8,"PADA": 0,"PADB": 0,"PRECISION": 32,"VWMD": 1,"VWND": 1,"WGD": 64}
    },
    {
      "kernel": "XgemmDirectTN",
      "time": 1.864,
      "parameters": {"KWID": 2,"MDIMAD": 8,"MDIMCD": 32,"NDIMBD": 8,"NDIMCD": 8,"PADA": 1,"PADB": 1,"PRECISION": 32,"VWMD": 1,"VWND": 1,"WGD": 32}
    },
    {
      "kernel": "XgemmDirectTN",
      "time": 55.145,
      "parameters": {"KWID": 8,"MDIMAD": 32,"MDIMCD": 32,"NDIMBD": 32,"NDIMCD": 8,"PADA": 0,"PADB": 0,"PRECISION": 32,"VWMD": 1,"VWND": 2,"WGD": 64}
    }
  ]
}
