{
  "kernel_family": "xdot_2",
  "precision": "16",
  "best_kernel": "XdotEpilogue",
  "best_time": "0.21",
  "best_parameters": "PRECISION=16 WGS2=32",
  "arg_n": "2097152",
  "clblast_device_type": "GPU",
  "clblast_device_vendor": "QUALCOMM",
  "clblast_device_architecture": "OpenCL C 3.0 Adreno(TM) 730",
  "clblast_device_name": "QUALCOMM Adreno(TM)",
  "device": "QUALCOMM Adreno(TM)",
  "platform_vendor": "QUALCOMM",
  "platform_version": "OpenCL 3.0 QUALCOMM build: commit #2addc0741b changeid #I701168ee75 Date: 01/12/22 Wed Local Branch:  Remote Branch: ",
  "device_vendor": "QUALCOMM",
  "device_type": "GPU",
  "device_core_clock": "1",
  "device_compute_units": "4",
  "device_extra_info": "",
  "results": [
    {
      "kernel": "XdotEpilogue",
      "time": 0.213,
      "parameters": {"PRECISION": 16,"WGS2": 32}
    },
    {
      "kernel": "XdotEpilogue",
      "time": 0.258,
      "parameters": {"PRECISION": 16,"WGS2": 64}
    },
    {
      "kernel": "XdotEpilogue",
      "time": 0.277,
      "parameters": {"PRECISION": 16,"WGS2": 128}
    },
    {
      "kernel": "XdotEpilogue",
      "time": 0.277,
      "parameters": {"PRECISION": 16,"WGS2": 256}
    },
    {
      "kernel": "XdotEpilogue",
      "time": 0.257,
      "parameters": {"PRECISION": 16,"WGS2": 512}
    },
    {
      "kernel": "XdotEpilogue",
      "time": 0.225,
      "parameters": {"PRECISION": 16,"WGS2": 1024}
    }
  ]
}
