{
  "kernel_family": "xgemm_direct_1",
  "precision": "16",
  "best_kernel": "XgemmDirectTN",
  "best_time": "1.51",
  "best_parameters": "KWID=2 MDIMAD=16 MDIMCD=16 NDIMBD=8 NDIMCD=8 PADA=1 PADB=1 PRECISION=16 VWMD=1 VWND=1 WGD=32",
  "arg_m": "256",
  "arg_n": "256",
  "arg_k": "256",
  "arg_alpha": "2.000000",
  "arg_beta": "2.000000",
  "clblast_device_type": "GPU",
  "clblast_device_vendor": "QUALCOMM",
  "clblast_device_architecture": "OpenCL C 3.0 Adreno(TM) 730",
  "clblast_device_name": "QUALCOMM Adreno(TM)",
  "device": "QUALCOMM Adreno(TM)",
  "platform_vendor": "QUALCOMM",
  "platform_version": "OpenCL 3.0 QUALCOMM build: commit #2addc0741b changeid #I701168ee75 Date: 01/12/22 Wed Local Branch:  Remote Branch: ",
  "device_vendor": "QUALCOMM",
  "device_type": "GPU",
  "device_core_clock": "1",
  "device_compute_units": "4",
  "device_extra_info": "",
  "results": [
    {
      "kernel": "XgemmDirectTN",
      "time": 2.240,
      "parameters": {"KWID": 2,"MDIMAD": 8,"MDIMCD": 8,"NDIMBD": 8,"NDIMCD": 8,"PADA": 1,"PADB": 1,"PRECISION": 16,"VWMD": 1,"VWND": 1,"WGD": 8}
    },
    {
      "kernel": "XgemmDirectTN",
      "time": 2.307,
      "parameters": {"KWID": 2,"MDIMAD": 8,"MDIMCD": 8,"NDIMBD": 8,"NDIMCD": 8,"PADA": 1,"PADB": 1,"PRECISION": 16,"VWMD": 1,"VWND": 1,"WGD": 16}
    },
    {
      "kernel": "XgemmDirectTN",
      "time": 2.300,
      "parameters": {"KWID": 2,"MDIMAD": 8,"MDIMCD": 8,"NDIMBD": 8,"NDIMCD": 8,"PADA": 1,"PADB": 1,"PRECISION": 16,"VWMD": 1,"VWND": 2,"WGD": 16}
    },
    {
      "kernel": "XgemmDirectTN",
      "time": 2.310,
      "parameters": {"KWID": 2,"MDIMAD": 8,"MDIMCD": 8,"NDIMBD": 8,"NDIMCD": 8,"PADA": 1,"PADB": 1,"PRECISION": 16,"VWMD": 2,"VWND": 1,"WGD": 16}
    },
    {
      "kernel": "XgemmDirectTN",
      "time": 2.254,
      "parameters": {"KWID": 2,"MDIMAD": 8,"MDIMCD": 8,"NDIMBD": 8,"NDIMCD": 8,"PADA": 1,"PADB": 1,"PRECISION": 16,"VWMD": 2,"VWND": 2,"WGD": 16}
    },
    {
      "kernel": "XgemmDirectTN",
      "time": 3.617,
      "parameters": {"KWID": 2,"MDIMAD": 8,"MDIMCD": 8,"NDIMBD": 16,"NDIMCD": 16,"PADA": 1,"PADB": 1,"PRECISION": 16,"VWMD": 1,"VWND": 1,"WGD": 16}
    },
    {
      "kernel": "XgemmDirectTN",
      "time": 3.555,
      "parameters": {"KWID": 2,"MDIMAD": 8,"MDIMCD": 8,"NDIMBD": 16,"NDIMCD": 16,"PADA": 1,"PADB": 1,"PRECISION": 16,"VWMD": 2,"VWND": 1,"WGD": 16}
    },
    {
      "kernel": "XgemmDirectTN",
      "time": 1.875,
      "parameters": {"KWID": 2,"MDIMAD": 16,"MDIMCD": 16,"NDIMBD": 8,"NDIMCD": 8,"PADA": 1,"PADB": 1,"PRECISION": 16,"VWMD": 1,"VWND": 1,"WGD": 16}
    },
    {
      "kernel": "XgemmDirectTN",
      "time": 1.832,
      "parameters": {"KWID": 2,"MDIMAD": 16,"MDIMCD": 16,"NDIMBD": 8,"NDIMCD": 8,"PADA": 1,"PADB": 1,"PRECISION": 16,"VWMD": 1,"VWND": 2,"WGD": 16}
    },
    {
      "kernel": "XgemmDirectTN",
      "time": 2.457,
      "parameters": {"KWID": 2,"MDIMAD": 16,"MDIMCD": 16,"NDIMBD": 16,"NDIMCD": 16,"PADA": 1,"PADB": 1,"PRECISION": 16,"VWMD": 1,"VWND": 1,"WGD": 16}
    },
    {
      "kernel": "XgemmDirectTN",
      "time": 8.852,
      "parameters": {"KWID": 2,"MDIMAD": 8,"MDIMCD": 8,"NDIMBD": 8,"NDIMCD": 8,"PADA": 1,"PADB": 1,"PRECISION": 16,"VWMD": 1,"VWND": 1,"WGD": 32}
    },
    {
      "kernel": "XgemmDirectTN",
      "time": 22.976,
      "parameters": {"KWID": 2,"MDIMAD": 8,"MDIMCD": 8,"NDIMBD": 8,"NDIMCD": 8,"PADA": 1,"PADB": 1,"PRECISION": 16,"VWMD": 1,"VWND": 2,"WGD": 32}
    },
    {
      "kernel": "XgemmDirectTN",
      "time": 22.651,
      "parameters": {"KWID": 2,"MDIMAD": 8,"MDIMCD": 8,"NDIMBD": 8,"NDIMCD": 8,"PADA": 1,"PADB": 1,"PRECISION": 16,"VWMD": 1,"VWND": 4,"WGD": 32}
    },
    {
      "kernel": "XgemmDirectTN",
      "time": 26.015,
      "parameters": {"KWID": 2,"MDIMAD": 8,"MDIMCD": 8,"NDIMBD": 8,"NDIMCD": 8,"PADA": 1,"PADB": 1,"PRECISION": 16,"VWMD": 2,"VWND": 1,"WGD": 32}
    },
    {
      "kernel": "XgemmDirectTN",
      "time": 27.325,
      "parameters": {"KWID": 2,"MDIMAD": 8,"MDIMCD": 8,"NDIMBD": 8,"NDIMCD": 8,"PADA": 1,"PADB": 1,"PRECISION": 16,"VWMD": 2,"VWND": 2,"WGD": 32}
    },
    {
      "kernel": "XgemmDirectTN",
      "time": 26.969,
      "parameters": {"KWID": 2,"MDIMAD": 8,"MDIMCD": 8,"NDIMBD": 8,"NDIMCD": 8,"PADA": 1,"PADB": 1,"PRECISION": 16,"VWMD": 2,"VWND": 4,"WGD": 32}
    },
    {
      "kernel": "XgemmDirectTN",
      "time": 26.160,
      "parameters": {"KWID": 2,"MDIMAD": 8,"MDIMCD": 8,"NDIMBD": 8,"NDIMCD": 8,"PADA": 1,"PADB": 1,"PRECISION": 16,"VWMD": 4,"VWND": 1,"WGD": 32}
    },
    {
      "kernel": "XgemmDirectTN",
      "time": 27.239,
      "parameters": {"KWID": 2,"MDIMAD": 8,"MDIMCD": 8,"NDIMBD": 8,"NDIMCD": 8,"PADA": 1,"PADB": 1,"PRECISION": 16,"VWMD": 4,"VWND": 2,"WGD": 32}
    },
    {
      "kernel": "XgemmDirectTN",
      "time": 27.438,
      "parameters": {"KWID": 2,"MDIMAD": 8,"MDIMCD": 8,"NDIMBD": 8,"NDIMCD": 8,"PADA": 1,"PADB": 1,"PRECISION": 16,"VWMD": 4,"VWND": 4,"WGD": 32}
    },
    {
      "kernel": "XgemmDirectTN",
      "time": 2.140,
      "parameters": {"KWID": 2,"MDIMAD": 8,"MDIMCD": 8,"NDIMBD": 16,"NDIMCD": 16,"PADA": 1,"PADB": 1,"PRECISION": 16,"VWMD": 1,"VWND": 1,"WGD": 32}
    },
    {
      "kernel": "XgemmDirectTN",
      "time": 2.116,
      "parameters": {"KWID": 2,"MDIMAD": 8,"MDIMCD": 8,"NDIMBD": 16,"NDIMCD": 16,"PADA": 1,"PADB": 1,"PRECISION": 16,"VWMD": 1,"VWND": 2,"WGD": 32}
    },
    {
      "kernel": "XgemmDirectTN",
      "time": 2.123,
      "parameters": {"KWID": 2,"MDIMAD": 8,"MDIMCD": 8,"NDIMBD": 16,"NDIMCD": 16,"PADA": 1,"PADB": 1,"PRECISION": 16,"VWMD": 2,"VWND": 1,"WGD": 32}
    },
    {
      "kernel": "XgemmDirectTN",
      "time": 4.698,
      "parameters": {"KWID": 2,"MDIMAD": 8,"MDIMCD": 8,"NDIMBD": 16,"NDIMCD": 16,"PADA": 1,"PADB": 1,"PRECISION": 16,"VWMD": 2,"VWND": 2,"WGD": 32}
    },
    {
      "kernel": "XgemmDirectTN",
      "time": 2.150,
      "parameters": {"KWID": 2,"MDIMAD": 8,"MDIMCD": 8,"NDIMBD": 16,"NDIMCD": 16,"PADA": 1,"PADB": 1,"PRECISION": 16,"VWMD": 4,"VWND": 1,"WGD": 32}
    },
    {
      "kernel": "XgemmDirectTN",
      "time": 4.685,
      "parameters": {"KWID": 2,"MDIMAD": 8,"MDIMCD": 8,"NDIMBD": 16,"NDIMCD": 16,"PADA": 1,"PADB": 1,"PRECISION": 16,"VWMD": 4,"VWND": 2,"WGD": 32}
    },
    {
      "kernel": "XgemmDirectTN",
      "time": 3.440,
      "parameters": {"KWID": 2,"MDIMAD": 8,"MDIMCD": 8,"NDIMBD": 32,"NDIMCD": 32,"PADA": 1,"PADB": 1,"PRECISION": 16,"VWMD": 1,"VWND": 1,"WGD": 32}
    },
    {
      "kernel": "XgemmDirectTN",
      "time": 3.439,
      "parameters": {"KWID": 2,"MDIMAD": 8,"MDIMCD": 8,"NDIMBD": 32,"NDIMCD": 32,"PADA": 1,"PADB": 1,"PRECISION": 16,"VWMD": 2,"VWND": 1,"WGD": 32}
    },
    {
      "kernel": "XgemmDirectTN",
      "time": 3.441,
      "parameters": {"KWID": 2,"MDIMAD": 8,"MDIMCD": 8,"NDIMBD": 32,"NDIMCD": 32,"PADA": 1,"PADB": 1,"PRECISION": 16,"VWMD": 4,"VWND": 1,"WGD": 32}
    },
    {
      "kernel": "XgemmDirectTN",
      "time": 1.513,
      "parameters": {"KWID": 2,"MDIMAD": 16,"MDIMCD": 16,"NDIMBD": 8,"NDIMCD": 8,"PADA": 1,"PADB": 1,"PRECISION": 16,"VWMD": 1,"VWND": 1,"WGD": 32}
    },
    {
      "kernel": "XgemmDirectTN",
      "time": 1.585,
      "parameters": {"KWID": 2,"MDIMAD": 16,"MDIMCD": 16,"NDIMBD": 8,"NDIMCD": 8,"PADA": 1,"PADB": 1,"PRECISION": 16,"VWMD": 1,"VWND": 2,"WGD": 32}
    },
    {
      "kernel": "XgemmDirectTN",
      "time": 1.542,
      "parameters": {"KWID": 2,"MDIMAD": 16,"MDIMCD": 16,"NDIMBD": 8,"NDIMCD": 8,"PADA": 1,"PADB": 1,"PRECISION": 16,"VWMD": 1,"VWND": 4,"WGD": 32}
    },
    {
      "kernel": "XgemmDirectTN",
      "time": 1.625,
      "parameters": {"KWID": 2,"MDIMAD": 16,"MDIMCD": 16,"NDIMBD": 8,"NDIMCD": 8,"PADA": 1,"PADB": 1,"PRECISION": 16,"VWMD": 2,"VWND": 1,"WGD": 32}
    },
    {
      "kernel": "XgemmDirectTN",
      "time": 19.691,
      "parameters": {"KWID": 2,"MDIMAD": 16,"MDIMCD": 16,"NDIMBD": 8,"NDIMCD": 8,"PADA": 1,"PADB": 1,"PRECISION": 16,"VWMD": 2,"VWND": 2,"WGD": 32}
    },
    {
      "kernel": "XgemmDirectTN",
      "time": 1.520,
      "parameters": {"KWID": 2,"MDIMAD": 16,"MDIMCD": 16,"NDIMBD": 8,"NDIMCD": 8,"PADA": 1,"PADB": 1,"PRECISION": 16,"VWMD": 2,"VWND": 4,"WGD": 32}
    },
    {
      "kernel": "XgemmDirectTN",
      "time": 2.158,
      "parameters": {"KWID": 2,"MDIMAD": 16,"MDIMCD": 16,"NDIMBD": 16,"NDIMCD": 16,"PADA": 1,"PADB": 1,"PRECISION": 16,"VWMD": 1,"VWND": 1,"WGD": 32}
    },
    {
      "kernel": "XgemmDirectTN",
      "time": 2.134,
      "parameters": {"KWID": 2,"MDIMAD": 16,"MDIMCD": 16,"NDIMBD": 16,"NDIMCD": 16,"PADA": 1,"PADB": 1,"PRECISION": 16,"VWMD": 1,"VWND": 2,"WGD": 32}
    },
    {
      "kernel": "XgemmDirectTN",
      "time": 2.107,
      "parameters": {"KWID": 2,"MDIMAD": 16,"MDIMCD": 16,"NDIMBD": 16,"NDIMCD": 16,"PADA": 1,"PADB": 1,"PRECISION": 16,"VWMD": 2,"VWND": 1,"WGD": 32}
    },
    {
      "kernel": "XgemmDirectTN",
      "time": 2.083,
      "parameters": {"KWID": 2,"MDIMAD": 16,"MDIMCD": 16,"NDIMBD": 16,"NDIMCD": 16,"PADA": 1,"PADB": 1,"PRECISION": 16,"VWMD": 2,"VWND": 2,"WGD": 32}
    },
    {
      "kernel": "XgemmDirectTN",
      "time": 3.511,
      "parameters": {"KWID": 2,"MDIMAD": 16,"MDIMCD": 16,"NDIMBD": 32,"NDIMCD": 32,"PADA": 1,"PADB": 1,"PRECISION": 16,"VWMD": 1,"VWND": 1,"WGD": 32}
    },
    {
      "kernel": "XgemmDirectTN",
      "time": 3.514,
      "parameters": {"KWID": 2,"MDIMAD": 16,"MDIMCD": 16,"NDIMBD": 32,"NDIMCD": 32,"PADA": 1,"PADB": 1,"PRECISION": 16,"VWMD": 2,"VWND": 1,"WGD": 32}
    },
    {
      "kernel": "XgemmDirectTN",
      "time": 1.756,
      "parameters": {"KWID": 2,"MDIMAD": 32,"MDIMCD": 32,"NDIMBD": 8,"NDIMCD": 8,"PADA": 1,"PADB": 1,"PRECISION": 16,"VWMD": 1,"VWND": 1,"WGD": 32}
    },
    {
      "kernel": "XgemmDirectTN",
      "time": 1.791,
      "parameters": {"KWID": 2,"MDIMAD": 32,"MDIMCD": 32,"NDIMBD": 8,"NDIMCD": 8,"PADA": 1,"PADB": 1,"PRECISION": 16,"VWMD": 1,"VWND": 2,"WGD": 32}
    },
    {
      "kernel": "XgemmDirectTN",
      "time": 1.729,
      "parameters": {"KWID": 2,"MDIMAD": 32,"MDIMCD": 32,"NDIMBD": 8,"NDIMCD": 8,"PADA": 1,"PADB": 1,"PRECISION": 16,"VWMD": 1,"VWND": 4,"WGD": 32}
    },
    {
      "kernel": "XgemmDirectTN",
      "time": 2.314,
      "parameters": {"KWID": 2,"MDIMAD": 32,"MDIMCD": 32,"NDIMBD": 16,"NDIMCD": 16,"PADA": 1,"PADB": 1,"PRECISION": 16,"VWMD": 1,"VWND": 1,"WGD": 32}
    },
    {
      "kernel": "XgemmDirectTN",
      "time": 2.323,
      "parameters": {"KWID": 2,"MDIMAD": 32,"MDIMCD": 32,"NDIMBD": 16,"NDIMCD": 16,"PADA": 1,"PADB": 1,"PRECISION": 16,"VWMD": 1,"VWND": 2,"WGD": 32}
    }
  ]
}
