{
  "kernel_family": "xdot_1",
  "precision": "16",
  "best_kernel": "Xdot",
  "best_time": "0.79",
  "best_parameters": "PRECISION=16 WGS1=64",
  "arg_n": "2097152",
  "clblast_device_type": "GPU",
  "clblast_device_vendor": "QUALCOMM",
  "clblast_device_architecture": "OpenCL C 3.0 Adreno(TM) 730",
  "clblast_device_name": "QUALCOMM Adreno(TM)",
  "device": "QUALCOMM Adreno(TM)",
  "platform_vendor": "QUALCOMM",
  "platform_version": "OpenCL 3.0 QUALCOMM build: commit #2addc0741b changeid #I701168ee75 Date: 01/12/22 Wed Local Branch:  Remote Branch: ",
  "device_vendor": "QUALCOMM",
  "device_type": "GPU",
  "device_core_clock": "1",
  "device_compute_units": "4",
  "device_extra_info": "",
  "results": [
    {
      "kernel": "Xdot",
      "time": 0.905,
      "parameters": {"PRECISION": 16,"WGS1": 32}
    },
    {
      "kernel": "Xdot",
      "time": 0.792,
      "parameters": {"PRECISION": 16,"WGS1": 64}
    },
    {
      "kernel": "Xdot",
      "time": 0.805,
      "parameters": {"PRECISION": 16,"WGS1": 128}
    },
    {
      "kernel": "Xdot",
      "time": 0.803,
      "parameters": {"PRECISION": 16,"WGS1": 256}
    },
    {
      "kernel": "Xdot",
      "time": 0.829,
      "parameters": {"PRECISION": 16,"WGS1": 512}
    },
    {
      "kernel": "Xdot",
      "time": 0.825,
      "parameters": {"PRECISION": 16,"WGS1": 1024}
    }
  ]
}
